id,ts_iso8601,source_file,gap_prev_global_sec,gap_prev_within_file_sec,session_id_within_file,session_key,gap_prev_within_session_sec,session_start_ts_iso8601,session_end_ts_iso8601,session_row_count,session_duration_sec,session_median_gap_sec,session_p90_gap_sec,cadence_family,ruuvi,aplicom,companyid,address,rssi,advdata,lat,lon,geom,temperature,accx,accy,accz,battvoltage,txpower,movcounter,measseqnum,calibrated_accx,calibrated_accy,calibrated_accz
18615183,2025-11-10T01:50:40.220000+0200,flic_button_data_export_20251110.csv,,,1,flic_button_data_export_20251110.csv::1,,2025-11-10T01:50:40.220000+0200,2025-11-10T01:51:00.824000+0200,11,20.604,1.8735,2.7634,slow ~1.88s,,Aplicom A11 001,,80E4DA7EC61B,-60,,60.493152,22.288016,0101000020E610000088B9A46ABB4936407FFACF9A1F3F4E40,,,,,,,,,,,
18615186,2025-11-10T01:50:42.122000+0200,flic_button_data_export_20251110.csv,1.902,1.902,1,flic_button_data_export_20251110.csv::1,1.902,2025-11-10T01:50:40.220000+0200,2025-11-10T01:51:00.824000+0200,11,20.604,1.8735,2.7634,slow ~1.88s,,Aplicom A11 001,,80E4DA7EC61B,-63,,60.493151,22.288017,0101000020E610000029B16B7BBB493640AE7E6C921F3F4E40,,,,,,,,,,,
18615187,2025-11-10T01:50:44.100000+0200,flic_button_data_export_20251110.csv,1.978,1.978,1,flic_button_data_export_20251110.csv::1,1.978,2025-11-10T01:50:40.220000+0200,2025-11-10T01:51:00.824000+0200,11,20.604,1.8735,2.7634,slow ~1.88s,,Aplicom A11 001,,80E4DA7EC61B,-76,,60.49315,22.288017,0101000020E610000029B16B7BBB493640DE02098A1F3F4E40,,,,,,,,,,,
18615189,2025-11-10T01:50:45.963000+0200,flic_button_data_export_20251110.csv,1.863,1.863,1,flic_button_data_export_20251110.csv::1,1.863,2025-11-10T01:50:40.220000+0200,2025-11-10T01:51:00.824000+0200,11,20.604,1.8735,2.7634,slow ~1.88s,,Aplicom A11 001,,80E4DA7EC61B,-55,,60.493148,22.288014,0101000020E610000047CA1649BB4936403D0B42791F3F4E40,,,,,,,,,,,
18615192,2025-11-10T01:50:48.722000+0200,flic_button_data_export_20251110.csv,2.759,2.759,1,flic_button_data_export_20251110.csv::1,2.759,2025-11-10T01:50:40.220000+0200,2025-11-10T01:51:00.824000+0200,11,20.604,1.8735,2.7634,slow ~1.88s,,Aplicom A11 001,,80E4DA7EC61B,-54,,60.493146,22.288012,0101000020E610000005DB8827BB4936409D137B681F3F4E40,,,,,,,,,,,
18615194,2025-11-10T01:50:50.589000+0200,flic_button_data_export_20251110.csv,1.867,1.867,1,flic_button_data_export_20251110.csv::1,1.867,2025-11-10T01:50:40.220000+0200,2025-11-10T01:51:00.824000+0200,11,20.604,1.8735,2.7634,slow ~1.88s,,Aplicom A11 001,,80E4DA7EC61B,-73,,60.493145,22.288011,0101000020E610000065E3C116BB493640CC9717601F3F4E40,,,,,,,,,,,
18615198,2025-11-10T01:50:52.461000+0200,flic_button_data_export_20251110.csv,1.872,1.872,1,flic_button_data_export_20251110.csv::1,1.872,2025-11-10T01:50:40.220000+0200,2025-11-10T01:51:00.824000+0200,11,20.604,1.8735,2.7634,slow ~1.88s,,Aplicom A11 001,,80E4DA7EC61B,-61,,60.493144,22.288011,0101000020E610000065E3C116BB493640FC1BB4571F3F4E40,,,,,,,,,,,
18615200,2025-11-10T01:50:54.336000+0200,flic_button_data_export_20251110.csv,1.875,1.875,1,flic_button_data_export_20251110.csv::1,1.875,2025-11-10T01:50:40.220000+0200,2025-11-10T01:51:00.824000+0200,11,20.604,1.8735,2.7634,slow ~1.88s,,Aplicom A11 001,,80E4DA7EC61B,-64,20106.0,60.493144,22.288011,0101000020E610000065E3C116BB493640FC1BB4571F3F4E40,,,,,,,,,,,
18615201,2025-11-10T01:50:57.139000+0200,flic_button_data_export_20251110.csv,2.803,2.803,1,flic_button_data_export_20251110.csv::1,2.803,2025-11-10T01:50:40.220000+0200,2025-11-10T01:51:00.824000+0200,11,20.604,1.8735,2.7634,slow ~1.88s,,Aplicom A11 001,,80E4DA7EC61B,-64,,60.493143,22.288011,0101000020E610000065E3C116BB4936402CA0504F1F3F4E40,,,,,,,,,,,
18615203,2025-11-10T01:50:58.983000+0200,flic_button_data_export_20251110.csv,1.844,1.844,1,flic_button_data_export_20251110.csv::1,1.844,2025-11-10T01:50:40.220000+0200,2025-11-10T01:51:00.824000+0200,11,20.604,1.8735,2.7634,slow ~1.88s,,Aplicom A11 001,,80E4DA7EC61B,-69,,60.493141,22.288015,0101000020E6100000E8C1DD59BB4936408BA8893E1F3F4E40,,,,,,,,,,,
18615206,2025-11-10T01:51:00.824000+0200,flic_button_data_export_20251110.csv,1.841,1.841,1,flic_button_data_export_20251110.csv::1,1.841,2025-11-10T01:50:40.220000+0200,2025-11-10T01:51:00.824000+0200,11,20.604,1.8735,2.7634,slow ~1.88s,,Aplicom A11 001,,80E4DA7EC61B,-55,,60.493133,22.288039,0101000020E6100000F9F884ECBC49364008CA6DFB1E3F4E40,,,,,,,,,,,
18620828,2025-11-10T04:06:25.747000+0200,flic_button_data_export_20251110.csv,8124.923,8124.923,2,flic_button_data_export_20251110.csv::2,,2025-11-10T04:06:25.747000+0200,2025-11-10T04:07:33.798000+0200,39,68.051,1.5350000000000001,2.343500000000001,fast ~1.53s,,Aplicom A11 001,,80E4DA7EC61B,-55,,60.383189,23.100664,0101000020E610000071E2AB1DC5193740EE974F560C314E40,,,,,,,,,,,
18620829,2025-11-10T04:06:27.283000+0200,flic_button_data_export_20251110.csv,1.536,1.536,2,flic_button_data_export_20251110.csv::2,1.536,2025-11-10T04:06:25.747000+0200,2025-11-10T04:07:33.798000+0200,39,68.051,1.5350000000000001,2.343500000000001,fast ~1.53s,,Aplicom A11 001,,80E4DA7EC61B,-63,,60.383058,23.100793,0101000020E61000006DAAEE91CD1937404F3C670B08314E40,,,,,,,,,,,
18620830,2025-11-10T04:06:28.803000+0200,flic_button_data_export_20251110.csv,1.52,1.52,2,flic_button_data_export_20251110.csv::2,1.52,2025-11-10T04:06:25.747000+0200,2025-11-10T04:07:33.798000+0200,39,68.051,1.5350000000000001,2.343500000000001,fast ~1.53s,,Aplicom A11 001,,80E4DA7EC61B,-63,,60.382921,23.100934,0101000020E6100000F10D85CFD6193740CFF9298E03314E40,,,,,,,,,,,
18620831,2025-11-10T04:06:30.328000+0200,flic_button_data_export_20251110.csv,1.525,1.525,2,flic_button_data_export_20251110.csv::2,1.525,2025-11-10T04:06:25.747000+0200,2025-11-10T04:07:33.798000+0200,39,68.051,1.5350000000000001,2.343500000000001,fast ~1.53s,,Aplicom A11 001,,80E4DA7EC61B,-62,,60.38278,23.101075,0101000020E610000076711B0DE01937400CC85EEFFE304E40,,,,,,,,,,,
18620832,2025-11-10T04:06:32.815000+0200,flic_button_data_export_20251110.csv,2.487,2.487,2,flic_button_data_export_20251110.csv::2,2.487,2025-11-10T04:06:25.747000+0200,2025-11-10T04:07:33.798000+0200,39,68.051,1.5350000000000001,2.343500000000001,fast ~1.53s,,Aplicom A11 001,,80E4DA7EC61B,-73,,60.382527,23.101324,0101000020E6100000C74CA25EF0193740236B0DA5F6304E40,,,,,,,,,,,
18620834,2025-11-10T04:06:34.359000+0200,flic_button_data_export_20251110.csv,1.544,1.544,2,flic_button_data_export_20251110.csv::2,1.544,2025-11-10T04:06:25.747000+0200,2025-11-10T04:07:33.798000+0200,39,68.051,1.5350000000000001,2.343500000000001,fast ~1.53s,,Aplicom A11 001,,80E4DA7EC61B,-63,,60.382367,23.101483,0101000020E6100000981936CAFA193740EA08E066F1304E40,,,,,,,,,,,
18620835,2025-11-10T04:06:35.891000+0200,flic_button_data_export_20251110.csv,1.532,1.532,2,flic_button_data_export_20251110.csv::2,1.532,2025-11-10T04:06:25.747000+0200,2025-11-10T04:07:33.798000+0200,39,68.051,1.5350000000000001,2.343500000000001,fast ~1.53s,,Aplicom A11 001,,80E4DA7EC61B,-61,,60.382151,23.101694,0101000020E61000000D33349E081A37401D91EF52EA304E40,,,,,,,,,,,
18620836,2025-11-10T04:06:37.434000+0200,flic_button_data_export_20251110.csv,1.543,1.543,2,flic_button_data_export_20251110.csv::2,1.543,2025-11-10T04:06:25.747000+0200,2025-11-10T04:07:33.798000+0200,39,68.051,1.5350000000000001,2.343500000000001,fast ~1.53s,,Aplicom A11 001,,80E4DA7EC61B,-64,,60.382041,23.101802,0101000020E6100000DAAA24B20F1A3740965D30B8E6304E40,,,,,,,,,,,
18620837,2025-11-10T04:06:39.716000+0200,flic_button_data_export_20251110.csv,2.282,2.282,2,flic_button_data_export_20251110.csv::2,2.282,2025-11-10T04:06:25.747000+0200,2025-11-10T04:07:33.798000+0200,39,68.051,1.5350000000000001,2.343500000000001,fast ~1.53s,,Aplicom A11 001,,80E4DA7EC61B,-60,,60.381873,23.101968,0101000020E6100000103D29931A1A3740DA1CE736E1304E40,,,,,,,,,,,
18620838,2025-11-10T04:06:41.885000+0200,flic_button_data_export_20251110.csv,2.169,2.169,2,flic_button_data_export_20251110.csv::2,2.169,2025-11-10T04:06:25.747000+0200,2025-11-10T04:07:33.798000+0200,39,68.051,1.5350000000000001,2.343500000000001,fast ~1.53s,,Aplicom A11 001,,80E4DA7EC61B,-57,,60.381473,23.102371,0101000020E61000000F0F61FC341A37404CA7751BD4304E40,,,,,,,,,,,
18620840,2025-11-10T04:06:43.417000+0200,flic_button_data_export_20251110.csv,1.532,1.532,2,flic_button_data_export_20251110.csv::2,1.532,2025-11-10T04:06:25.747000+0200,2025-11-10T04:07:33.798000+0200,39,68.051,1.5350000000000001,2.343500000000001,fast ~1.53s,,Aplicom A11 001,,80E4DA7EC61B,-59,,60.381355,23.102489,0101000020E6100000223317B83C1A374042959A3DD0304E40,,,,,,,,,,,
18620841,2025-11-10T04:06:44.953000+0200,flic_button_data_export_20251110.csv,1.536,1.536,2,flic_button_data_export_20251110.csv::2,1.536,2025-11-10T04:06:25.747000+0200,2025-11-10T04:07:33.798000+0200,39,68.051,1.5350000000000001,2.343500000000001,fast ~1.53s,,Aplicom A11 001,,80E4DA7EC61B,-63,,60.38112,23.102729,0101000020E6100000CD599F724C1A3740FFEC478AC8304E40,,,,,,,,,,,
18620842,2025-11-10T04:06:46.472000+0200,flic_button_data_export_20251110.csv,1.519,1.519,2,flic_button_data_export_20251110.csv::2,1.519,2025-11-10T04:06:25.747000+0200,2025-11-10T04:07:33.798000+0200,39,68.051,1.5350000000000001,2.343500000000001,fast ~1.53s,,Aplicom A11 001,,80E4DA7EC61B,-57,,60.380941,23.102911,0101000020E61000000E661360581A37404F5AB8ACC2304E40,,,,,,,,,,,
18620844,2025-11-10T04:06:48.731000+0200,flic_button_data_export_20251110.csv,2.259,2.259,2,flic_button_data_export_20251110.csv::2,2.259,2025-11-10T04:06:25.747000+0200,2025-11-10T04:07:33.798000+0200,39,68.051,1.5350000000000001,2.343500000000001,fast ~1.53s,,Aplicom A11 001,,80E4DA7EC61B,-66,,60.3807,23.103155,0101000020E61000003C6BB75D681A374029CB10C7BA304E40,,,,,,,,,,,
18620845,2025-11-10T04:06:50.262000+0200,flic_button_data_export_20251110.csv,1.531,1.531,2,flic_button_data_export_20251110.csv::2,1.531,2025-11-10T04:06:25.747000+0200,2025-11-10T04:07:33.798000+0200,39,68.051,1.5350000000000001,2.343500000000001,fast ~1.53s,,Aplicom A11 001,,80E4DA7EC61B,-65,,60.380519,23.103338,0101000020E61000001E6FF25B741A3740D940BAD8B4304E40,,,,,,,,,,,
18620846,2025-11-10T04:06:51.792000+0200,flic_button_data_export_20251110.csv,1.53,1.53,2,flic_button_data_export_20251110.csv::2,1.53,2025-11-10T04:06:25.747000+0200,2025-11-10T04:07:33.798000+0200,39,68.051,1.5350000000000001,2.343500000000001,fast ~1.53s,,Aplicom A11 001,,80E4DA7EC61B,-64,,60.380336,23.103522,0101000020E6100000A16AF46A801A3740E8BE9CD9AE304E40,,,,,,,,,,,
18620847,2025-11-10T04:06:53.315000+0200,flic_button_data_export_20251110.csv,1.523,1.523,2,flic_button_data_export_20251110.csv::2,1.523,2025-11-10T04:06:25.747000+0200,2025-11-10T04:07:33.798000+0200,39,68.051,1.5350000000000001,2.343500000000001,fast ~1.53s,,Aplicom A11 001,,80E4DA7EC61B,-66,,60.380153,23.103706,0101000020E61000002366F6798C1A3740F73C7FDAA8304E40,,,,,,,,,,,
18620848,2025-11-10T04:06:54.849000+0200,flic_button_data_export_20251110.csv,1.534,1.534,2,flic_button_data_export_20251110.csv::2,1.534,2025-11-10T04:06:25.747000+0200,2025-11-10T04:07:33.798000+0200,39,68.051,1.5350000000000001,2.343500000000001,fast ~1.53s,,Aplicom A11 001,,80E4DA7EC61B,-65,,60.379969,23.103882,0101000020E6100000A0A4C002981A3740363FFED2A2304E40,,,,,,,,,,,
18620849,2025-11-10T04:06:56.913000+0200,flic_button_data_export_20251110.csv,2.064,2.064,2,flic_button_data_export_20251110.csv::2,2.064,2025-11-10T04:06:25.747000+0200,2025-11-10T04:07:33.798000+0200,39,68.051,1.5350000000000001,2.343500000000001,fast ~1.53s,,Aplicom A11 001,,80E4DA7EC61B,-54,,60.37967,23.104176,0101000020E610000031074147AB1A3740DBA2CC0699304E40,,,,,,,,,,,
18620850,2025-11-10T04:06:58.436000+0200,flic_button_data_export_20251110.csv,1.523,1.523,2,flic_button_data_export_20251110.csv::2,1.523,2025-11-10T04:06:25.747000+0200,2025-11-10T04:07:33.798000+0200,39,68.051,1.5350000000000001,2.343500000000001,fast ~1.53s,,Aplicom A11 001,,80E4DA7EC61B,-58,,60.37955,23.104292,0101000020E6100000043C69E1B21A374031992A1895304E40,,,,,,,,,,,
18620851,2025-11-10T04:06:59.974000+0200,flic_button_data_export_20251110.csv,1.538,1.538,2,flic_button_data_export_20251110.csv::2,1.538,2025-11-10T04:06:25.747000+0200,2025-11-10T04:07:33.798000+0200,39,68.051,1.5350000000000001,2.343500000000001,fast ~1.53s,,Aplicom A11 001,,80E4DA7EC61B,-70,,60.379312,23.104521,0101000020E6100000C6BE64E3C11A37407C7DAD4B8D304E40,,,,,,,,,,,
18620852,2025-11-10T04:07:01.500000+0200,flic_button_data_export_20251110.csv,1.526,1.526,2,flic_button_data_export_20251110.csv::2,1.526,2025-11-10T04:06:25.747000+0200,2025-11-10T04:07:33.798000+0200,39,68.051,1.5350000000000001,2.343500000000001,fast ~1.53s,,Aplicom A11 001,,80E4DA7EC61B,-62,,60.379137,23.104697,0101000020E610000044FD2E6CCD1A37400EDAAB8F87304E40,,,,,,,,,,,
18620853,2025-11-10T04:07:04.729000+0200,flic_button_data_export_20251110.csv,3.229,3.229,2,flic_button_data_export_20251110.csv::2,3.229,2025-11-10T04:06:25.747000+0200,2025-11-10T04:07:33.798000+0200,39,68.051,1.5350000000000001,2.343500000000001,fast ~1.53s,,Aplicom A11 001,,80E4DA7EC61B,-52,,60.378961,23.104875,0101000020E6100000022B8716D91A3740CFBA46CB81304E40,,,,,,,,,,,
18620855,2025-11-10T04:07:06.282000+0200,flic_button_data_export_20251110.csv,1.553,1.553,2,flic_button_data_export_20251110.csv::2,1.553,2025-11-10T04:06:25.747000+0200,2025-11-10T04:07:33.798000+0200,39,68.051,1.5350000000000001,2.343500000000001,fast ~1.53s,,Aplicom A11 001,,80E4DA7EC61B,-72,,60.378616,23.105226,0101000020E61000005BB05417F01A374005DF347D76304E40,,,,,,,,,,,
18620856,2025-11-10T04:07:07.806000+0200,flic_button_data_export_20251110.csv,1.524,1.524,2,flic_button_data_export_20251110.csv::2,1.524,2025-11-10T04:06:25.747000+0200,2025-11-10T04:07:33.798000+0200,39,68.051,1.5350000000000001,2.343500000000001,fast ~1.53s,,Aplicom A11 001,,80E4DA7EC61B,-57,,60.37845,23.105425,0101000020E6100000492EFF21FD1A3740EA95B20C71304E40,,,,,,,,,,,
18620857,2025-11-10T04:07:09.333000+0200,flic_button_data_export_20251110.csv,1.527,1.527,2,flic_button_data_export_20251110.csv::2,1.527,2025-11-10T04:06:25.747000+0200,2025-11-10T04:07:33.798000+0200,39,68.051,1.5350000000000001,2.343500000000001,fast ~1.53s,,Aplicom A11 001,,80E4DA7EC61B,-66,,60.378291,23.105637,0101000020E6100000603FC4060B1B374081AFE8D66B304E40,,,,,,,,,,,
18620858,2025-11-10T04:07:10.884000+0200,flic_button_data_export_20251110.csv,1.551,1.551,2,flic_button_data_export_20251110.csv::2,1.551,2025-11-10T04:06:25.747000+0200,2025-11-10T04:07:33.798000+0200,39,68.051,1.5350000000000001,2.343500000000001,fast ~1.53s,,Aplicom A11 001,,80E4DA7EC61B,-57,,60.378096,23.105955,0101000020E610000002D9EBDD1F1B3740CC5F217365304E40,,,,,,,,,,,
18620859,2025-11-10T04:07:12.840000+0200,flic_button_data_export_20251110.csv,1.956,1.956,2,flic_button_data_export_20251110.csv::2,1.956,2025-11-10T04:06:25.747000+0200,2025-11-10T04:07:33.798000+0200,39,68.051,1.5350000000000001,2.343500000000001,fast ~1.53s,,Aplicom A11 001,,80E4DA7EC61B,-59,20106.0,60.377956,23.106209,0101000020E6100000768A5583301B3740DAA9B9DC60304E40,,,,,,,,,,,
18620860,2025-11-10T04:07:14.373000+0200,flic_button_data_export_20251110.csv,1.533,1.533,2,flic_button_data_export_20251110.csv::2,1.533,2025-11-10T04:06:25.747000+0200,2025-11-10T04:07:33.798000+0200,39,68.051,1.5350000000000001,2.343500000000001,fast ~1.53s,,Aplicom A11 001,,80E4DA7EC61B,-60,,60.377825,23.10648,0101000020E610000097ADF545421B37403C4ED1915C304E40,,,,,,,,,,,
18620862,2025-11-10T04:07:17.423000+0200,flic_button_data_export_20251110.csv,3.05,3.05,2,flic_button_data_export_20251110.csv::2,3.05,2025-11-10T04:06:25.747000+0200,2025-11-10T04:07:33.798000+0200,39,68.051,1.5350000000000001,2.343500000000001,fast ~1.53s,,Aplicom A11 001,,80E4DA7EC61B,-59,,60.377585,23.107054,0101000020E6100000EFE714E4671B3740E73A8DB454304E40,,,,,,,,,,,
18621223,2025-11-10T04:07:20.848000+0200,flic_button_data_export_20251110.csv,3.425,3.425,2,flic_button_data_export_20251110.csv::2,3.425,2025-11-10T04:06:25.747000+0200,2025-11-10T04:07:33.798000+0200,39,68.051,1.5350000000000001,2.343500000000001,fast ~1.53s,,Aplicom A11 001,,80E4DA7EC61B,-60,,60.377314,23.107742,0101000020E6100000D767CEFA941B374056293DD34B304E40,,,,,,,,,,,
18621224,2025-11-10T04:07:22.379000+0200,flic_button_data_export_20251110.csv,1.531,1.531,2,flic_button_data_export_20251110.csv::2,1.531,2025-11-10T04:06:25.747000+0200,2025-11-10T04:07:33.798000+0200,39,68.051,1.5350000000000001,2.343500000000001,fast ~1.53s,,Aplicom A11 001,,80E4DA7EC61B,-60,,60.377197,23.108035,0101000020E6100000C8D2872EA81B37401D93C5FD47304E40,,,,,,,,,,,
18621225,2025-11-10T04:07:24.308000+0200,flic_button_data_export_20251110.csv,1.929,1.929,2,flic_button_data_export_20251110.csv::2,1.929,2025-11-10T04:06:25.747000+0200,2025-11-10T04:07:33.798000+0200,39,68.051,1.5350000000000001,2.343500000000001,fast ~1.53s,,Aplicom A11 001,,80E4DA7EC61B,-70,,60.37712,23.10823,0101000020E6100000327216F6B41B37407155D97745304E40,,,,,,,,,,,
18621226,2025-11-10T04:07:25.838000+0200,flic_button_data_export_20251110.csv,1.53,1.53,2,flic_button_data_export_20251110.csv::2,1.53,2025-11-10T04:06:25.747000+0200,2025-11-10T04:07:33.798000+0200,39,68.051,1.5350000000000001,2.343500000000001,fast ~1.53s,,Aplicom A11 001,,80E4DA7EC61B,-64,,60.376927,23.108718,0101000020E61000008D7C5EF1D41B37405DFDD8243F304E40,,,,,,,,,,,
18621227,2025-11-10T04:07:27.687000+0200,flic_button_data_export_20251110.csv,1.849,1.849,2,flic_button_data_export_20251110.csv::2,1.849,2025-11-10T04:06:25.747000+0200,2025-11-10T04:07:33.798000+0200,39,68.051,1.5350000000000001,2.343500000000001,fast ~1.53s,,Aplicom A11 001,,80E4DA7EC61B,-79,,60.37685,23.108913,0101000020E6100000F81BEDB8E11B3740B1BFEC9E3C304E40,,,,,,,,,,,
18621228,2025-11-10T04:07:29.208000+0200,flic_button_data_export_20251110.csv,1.521,1.521,2,flic_button_data_export_20251110.csv::2,1.521,2025-11-10T04:06:25.747000+0200,2025-11-10T04:07:33.798000+0200,39,68.051,1.5350000000000001,2.343500000000001,fast ~1.53s,,Aplicom A11 001,,80E4DA7EC61B,-62,,60.376657,23.109399,0101000020E61000001137A792011C37409D67EC4B36304E40,,,,,,,,,,,
18621229,2025-11-10T04:07:30.724000+0200,flic_button_data_export_20251110.csv,1.516,1.516,2,flic_button_data_export_20251110.csv::2,1.516,2025-11-10T04:06:25.747000+0200,2025-11-10T04:07:33.798000+0200,39,68.051,1.5350000000000001,2.343500000000001,fast ~1.53s,,Aplicom A11 001,,80E4DA7EC61B,-63,,60.376544,23.109678,0101000020E610000037177FDB131C3740A5C0029832304E40,,,,,,,,,,,
18621231,2025-11-10T04:07:32.271000+0200,flic_button_data_export_20251110.csv,1.547,1.547,2,flic_button_data_export_20251110.csv::2,1.547,2025-11-10T04:06:25.747000+0200,2025-11-10T04:07:33.798000+0200,39,68.051,1.5350000000000001,2.343500000000001,fast ~1.53s,,Aplicom A11 001,,80E4DA7EC61B,-61,,60.376432,23.10994,0101000020E6100000B2852007251C37407D957CEC2E304E40,,,,,,,,,,,
18621232,2025-11-10T04:07:33.798000+0200,flic_button_data_export_20251110.csv,1.527,1.527,2,flic_button_data_export_20251110.csv::2,1.527,2025-11-10T04:06:25.747000+0200,2025-11-10T04:07:33.798000+0200,39,68.051,1.5350000000000001,2.343500000000001,fast ~1.53s,,Aplicom A11 001,,80E4DA7EC61B,-64,,60.376323,23.110199,0101000020E61000004A0D6D00361C3740C6DD205A2B304E40,,,,,,,,,,,
18621258,2025-11-10T04:28:52.086000+0200,flic_button_data_export_20251110.csv,1278.288,1278.288,3,flic_button_data_export_20251110.csv::3,,2025-11-10T04:28:52.086000+0200,2025-11-10T04:29:54.781000+0200,37,62.695,1.5354999999999999,2.3274999999999997,fast ~1.53s,,Aplicom A11 001,,80E4DA7EC61B,-57,,60.204471,23.113718,0101000020E61000006EF7729F1C1D37407EFD101B2C1A4E40,,,,,,,,,,,
18621259,2025-11-10T04:28:53.614000+0200,flic_button_data_export_20251110.csv,1.528,1.528,3,flic_button_data_export_20251110.csv::3,1.528,2025-11-10T04:28:52.086000+0200,2025-11-10T04:29:54.781000+0200,37,62.695,1.5354999999999999,2.3274999999999997,fast ~1.53s,,Aplicom A11 001,,80E4DA7EC61B,-62,,60.204427,23.113763,0101000020E6100000AE7E6C921F1D3740AFB5F7A92A1A4E40,,,,,,,,,,,
18621260,2025-11-10T04:28:55.797000+0200,flic_button_data_export_20251110.csv,2.183,2.183,3,flic_button_data_export_20251110.csv::3,2.183,2025-11-10T04:28:52.086000+0200,2025-11-10T04:29:54.781000+0200,37,62.695,1.5354999999999999,2.3274999999999997,fast ~1.53s,,Aplicom A11 001,,80E4DA7EC61B,-68,,60.204379,23.113781,0101000020E6100000FBE769C0201D37409E7E5017291A4E40,,,,,,,,,,,
18621261,2025-11-10T04:28:58.068000+0200,flic_button_data_export_20251110.csv,2.271,2.271,3,flic_button_data_export_20251110.csv::3,2.271,2025-11-10T04:28:52.086000+0200,2025-11-10T04:29:54.781000+0200,37,62.695,1.5354999999999999,2.3274999999999997,fast ~1.53s,,Aplicom A11 001,,80E4DA7EC61B,-66,,60.204316,23.113758,0101000020E61000008BA8893E1F1D37405706D506271A4E40,,,,,,,,,,,
18621262,2025-11-10T04:28:59.592000+0200,flic_button_data_export_20251110.csv,1.524,1.524,3,flic_button_data_export_20251110.csv::3,1.524,2025-11-10T04:28:52.086000+0200,2025-11-10T04:29:54.781000+0200,37,62.695,1.5354999999999999,2.3274999999999997,fast ~1.53s,,Aplicom A11 001,,80E4DA7EC61B,-58,,60.204264,23.113628,0101000020E6100000EEE87FB9161D374005E09F52251A4E40,,,,,,,,,,,
18621265,2025-11-10T04:29:02.379000+0200,flic_button_data_export_20251110.csv,2.787,2.787,3,flic_button_data_export_20251110.csv::3,2.787,2025-11-10T04:28:52.086000+0200,2025-11-10T04:29:54.781000+0200,37,62.695,1.5354999999999999,2.3274999999999997,fast ~1.53s,,Aplicom A11 001,,80E4DA7EC61B,-73,,60.204252,23.113458,0101000020E610000036785F950B1D37404012F6ED241A4E40,,,,,,,,,,,
18621267,2025-11-10T04:29:04.807000+0200,flic_button_data_export_20251110.csv,2.428,2.428,3,flic_button_data_export_20251110.csv::3,2.428,2025-11-10T04:28:52.086000+0200,2025-11-10T04:29:54.781000+0200,37,62.695,1.5354999999999999,2.3274999999999997,fast ~1.53s,,Aplicom A11 001,,80E4DA7EC61B,-54,,60.20424,23.113297,0101000020E610000023BC3D08011D37407C444C89241A4E40,,,,,,,,,,,
18621269,2025-11-10T04:29:06.342000+0200,flic_button_data_export_20251110.csv,1.535,1.535,3,flic_button_data_export_20251110.csv::3,1.535,2025-11-10T04:28:52.086000+0200,2025-11-10T04:29:54.781000+0200,37,62.695,1.5354999999999999,2.3274999999999997,fast ~1.53s,,Aplicom A11 001,,80E4DA7EC61B,-73,,60.204233,23.113203,0101000020E610000020CF2EDFFA1C3740CAE1934E241A4E40,,,,,,,,,,,
18621270,2025-11-10T04:29:07.880000+0200,flic_button_data_export_20251110.csv,1.538,1.538,3,flic_button_data_export_20251110.csv::3,1.538,2025-11-10T04:28:52.086000+0200,2025-11-10T04:29:54.781000+0200,37,62.695,1.5354999999999999,2.3274999999999997,fast ~1.53s,,Aplicom A11 001,,80E4DA7EC61B,-77,,60.204222,23.113088,0101000020E6100000EF91CD55F31C3740D68F4DF2231A4E40,,,,,,,,,,,
18621272,2025-11-10T04:29:09.412000+0200,flic_button_data_export_20251110.csv,1.532,1.532,3,flic_button_data_export_20251110.csv::3,1.532,2025-11-10T04:28:52.086000+0200,2025-11-10T04:29:54.781000+0200,37,62.695,1.5354999999999999,2.3274999999999997,fast ~1.53s,,Aplicom A11 001,,80E4DA7EC61B,-65,,60.20422,23.113039,0101000020E61000002C2CB81FF01C3740359886E1231A4E40,,,,,,,,,,,
18621274,2025-11-10T04:29:10.943000+0200,flic_button_data_export_20251110.csv,1.531,1.531,3,flic_button_data_export_20251110.csv::3,1.531,2025-11-10T04:28:52.086000+0200,2025-11-10T04:29:54.781000+0200,37,62.695,1.5354999999999999,2.3274999999999997,fast ~1.53s,,Aplicom A11 001,,80E4DA7EC61B,-57,,60.204217,23.112965,0101000020E6100000B7973446EB1C3740C4245CC8231A4E40,,,,,,,,,,,
18621275,2025-11-10T04:29:12.990000+0200,flic_button_data_export_20251110.csv,2.047,2.047,3,flic_button_data_export_20251110.csv::3,2.047,2025-11-10T04:28:52.086000+0200,2025-11-10T04:29:54.781000+0200,37,62.695,1.5354999999999999,2.3274999999999997,fast ~1.53s,,Aplicom A11 001,,80E4DA7EC61B,-63,,60.204215,23.11294,0101000020E61000000569C6A2E91C3740232D95B7231A4E40,,,,,,,,,,,
18621278,2025-11-10T04:29:14.516000+0200,flic_button_data_export_20251110.csv,1.526,1.526,3,flic_button_data_export_20251110.csv::3,1.526,2025-11-10T04:28:52.086000+0200,2025-11-10T04:29:54.781000+0200,37,62.695,1.5354999999999999,2.3274999999999997,fast ~1.53s,,Aplicom A11 001,,80E4DA7EC61B,-66,,60.204217,23.112942,0101000020E6100000475854C4E91C3740C4245CC8231A4E40,,,,,,,,,,,
18621280,2025-11-10T04:29:16.038000+0200,flic_button_data_export_20251110.csv,1.522,1.522,3,flic_button_data_export_20251110.csv::3,1.522,2025-11-10T04:28:52.086000+0200,2025-11-10T04:29:54.781000+0200,37,62.695,1.5354999999999999,2.3274999999999997,fast ~1.53s,,Aplicom A11 001,,80E4DA7EC61B,-69,,60.204217,23.112944,0101000020E61000008847E2E5E91C3740C4245CC8231A4E40,,,,,,,,,,,
18621281,2025-11-10T04:29:17.569000+0200,flic_button_data_export_20251110.csv,1.531,1.531,3,flic_button_data_export_20251110.csv::3,1.531,2025-11-10T04:28:52.086000+0200,2025-11-10T04:29:54.781000+0200,37,62.695,1.5354999999999999,2.3274999999999997,fast ~1.53s,,Aplicom A11 001,,80E4DA7EC61B,-56,20106.0,60.204217,23.112953,0101000020E61000002FFCE07CEA1C3740C4245CC8231A4E40,,,,,,,,,,,
18621283,2025-11-10T04:29:19.953000+0200,flic_button_data_export_20251110.csv,2.384,2.384,3,flic_button_data_export_20251110.csv::3,2.384,2025-11-10T04:28:52.086000+0200,2025-11-10T04:29:54.781000+0200,37,62.695,1.5354999999999999,2.3274999999999997,fast ~1.53s,,Aplicom A11 001,,80E4DA7EC61B,-63,,60.204217,23.112954,0101000020E6100000CFF3A78DEA1C3740C4245CC8231A4E40,,,,,,,,,,,
18621285,2025-11-10T04:29:21.480000+0200,flic_button_data_export_20251110.csv,1.527,1.527,3,flic_button_data_export_20251110.csv::3,1.527,2025-11-10T04:28:52.086000+0200,2025-11-10T04:29:54.781000+0200,37,62.695,1.5354999999999999,2.3274999999999997,fast ~1.53s,,Aplicom A11 001,,80E4DA7EC61B,-51,,60.204217,23.112953,0101000020E61000002FFCE07CEA1C3740C4245CC8231A4E40,,,,,,,,,,,
18621287,2025-11-10T04:29:23.011000+0200,flic_button_data_export_20251110.csv,1.531,1.531,3,flic_button_data_export_20251110.csv::3,1.531,2025-11-10T04:28:52.086000+0200,2025-11-10T04:29:54.781000+0200,37,62.695,1.5354999999999999,2.3274999999999997,fast ~1.53s,,Aplicom A11 001,,80E4DA7EC61B,-78,,60.204217,23.112952,0101000020E61000008E041A6CEA1C3740C4245CC8231A4E40,,,,,,,,,,,
18621289,2025-11-10T04:29:24.538000+0200,flic_button_data_export_20251110.csv,1.527,1.527,3,flic_button_data_export_20251110.csv::3,1.527,2025-11-10T04:28:52.086000+0200,2025-11-10T04:29:54.781000+0200,37,62.695,1.5354999999999999,2.3274999999999997,fast ~1.53s,,Aplicom A11 001,,80E4DA7EC61B,-53,,60.204216,23.11295,0101000020E61000004D158C4AEA1C3740F4A8F8BF231A4E40,,,,,,,,,,,
18621291,2025-11-10T04:29:26.074000+0200,flic_button_data_export_20251110.csv,1.536,1.536,3,flic_button_data_export_20251110.csv::3,1.536,2025-11-10T04:28:52.086000+0200,2025-11-10T04:29:54.781000+0200,37,62.695,1.5354999999999999,2.3274999999999997,fast ~1.53s,,Aplicom A11 001,,80E4DA7EC61B,-57,,60.204215,23.112949,0101000020E6100000AC1DC539EA1C3740232D95B7231A4E40,,,,,,,,,,,
18621293,2025-11-10T04:29:27.827000+0200,flic_button_data_export_20251110.csv,1.753,1.753,3,flic_button_data_export_20251110.csv::3,1.753,2025-11-10T04:28:52.086000+0200,2025-11-10T04:29:54.781000+0200,37,62.695,1.5354999999999999,2.3274999999999997,fast ~1.53s,,Aplicom A11 001,,80E4DA7EC61B,-74,,60.204215,23.112949,0101000020E6100000AC1DC539EA1C3740232D95B7231A4E40,,,,,,,,,,,
18621296,2025-11-10T04:29:29.362000+0200,flic_button_data_export_20251110.csv,1.535,1.535,3,flic_button_data_export_20251110.csv::3,1.535,2025-11-10T04:28:52.086000+0200,2025-11-10T04:29:54.781000+0200,37,62.695,1.5354999999999999,2.3274999999999997,fast ~1.53s,,Aplicom A11 001,,80E4DA7EC61B,-52,,60.204215,23.112948,0101000020E61000000B26FE28EA1C3740232D95B7231A4E40,,,,,,,,,,,
18621297,2025-11-10T04:29:30.898000+0200,flic_button_data_export_20251110.csv,1.536,1.536,3,flic_button_data_export_20251110.csv::3,1.536,2025-11-10T04:28:52.086000+0200,2025-11-10T04:29:54.781000+0200,37,62.695,1.5354999999999999,2.3274999999999997,fast ~1.53s,,Aplicom A11 001,,80E4DA7EC61B,-52,,60.204215,23.112948,0101000020E61000000B26FE28EA1C3740232D95B7231A4E40,,,,,,,,,,,
18621299,2025-11-10T04:29:32.440000+0200,flic_button_data_export_20251110.csv,1.542,1.542,3,flic_button_data_export_20251110.csv::3,1.542,2025-11-10T04:28:52.086000+0200,2025-11-10T04:29:54.781000+0200,37,62.695,1.5354999999999999,2.3274999999999997,fast ~1.53s,,Aplicom A11 001,,80E4DA7EC61B,-61,,60.204215,23.112948,0101000020E61000000B26FE28EA1C3740232D95B7231A4E40,,,,,,,,,,,
18621301,2025-11-10T04:29:33.961000+0200,flic_button_data_export_20251110.csv,1.521,1.521,3,flic_button_data_export_20251110.csv::3,1.521,2025-11-10T04:28:52.086000+0200,2025-11-10T04:29:54.781000+0200,37,62.695,1.5354999999999999,2.3274999999999997,fast ~1.53s,,Aplicom A11 001,,80E4DA7EC61B,-61,20106.0,60.204215,23.112948,0101000020E61000000B26FE28EA1C3740232D95B7231A4E40,,,,,,,,,,,
18621302,2025-11-10T04:29:35.712000+0200,flic_button_data_export_20251110.csv,1.751,1.751,3,flic_button_data_export_20251110.csv::3,1.751,2025-11-10T04:28:52.086000+0200,2025-11-10T04:29:54.781000+0200,37,62.695,1.5354999999999999,2.3274999999999997,fast ~1.53s,,Aplicom A11 001,,80E4DA7EC61B,-62,,60.204215,23.112948,0101000020E61000000B26FE28EA1C3740232D95B7231A4E40,,,,,,,,,,,
18621304,2025-11-10T04:29:38.631000+0200,flic_button_data_export_20251110.csv,2.919,2.919,3,flic_button_data_export_20251110.csv::3,2.919,2025-11-10T04:28:52.086000+0200,2025-11-10T04:29:54.781000+0200,37,62.695,1.5354999999999999,2.3274999999999997,fast ~1.53s,,Aplicom A11 001,,80E4DA7EC61B,-64,,60.204214,23.112949,0101000020E6100000AC1DC539EA1C374053B131AF231A4E40,,,,,,,,,,,
18621307,2025-11-10T04:29:40.882000+0200,flic_button_data_export_20251110.csv,2.251,2.251,3,flic_button_data_export_20251110.csv::3,2.251,2025-11-10T04:28:52.086000+0200,2025-11-10T04:29:54.781000+0200,37,62.695,1.5354999999999999,2.3274999999999997,fast ~1.53s,,Aplicom A11 001,,80E4DA7EC61B,-57,,60.204214,23.112949,0101000020E6100000AC1DC539EA1C374053B131AF231A4E40,,,,,,,,,,,
18621308,2025-11-10T04:29:42.410000+0200,flic_button_data_export_20251110.csv,1.528,1.528,3,flic_button_data_export_20251110.csv::3,1.528,2025-11-10T04:28:52.086000+0200,2025-11-10T04:29:54.781000+0200,37,62.695,1.5354999999999999,2.3274999999999997,fast ~1.53s,,Aplicom A11 001,,80E4DA7EC61B,-69,,60.204213,23.112948,0101000020E61000000B26FE28EA1C37408335CEA6231A4E40,,,,,,,,,,,
18621309,2025-11-10T04:29:43.945000+0200,flic_button_data_export_20251110.csv,1.535,1.535,3,flic_button_data_export_20251110.csv::3,1.535,2025-11-10T04:28:52.086000+0200,2025-11-10T04:29:54.781000+0200,37,62.695,1.5354999999999999,2.3274999999999997,fast ~1.53s,,Aplicom A11 001,,80E4DA7EC61B,-85,,60.204213,23.112948,0101000020E61000000B26FE28EA1C37408335CEA6231A4E40,,,,,,,,,,,
18621310,2025-11-10T04:29:45.463000+0200,flic_button_data_export_20251110.csv,1.518,1.518,3,flic_button_data_export_20251110.csv::3,1.518,2025-11-10T04:28:52.086000+0200,2025-11-10T04:29:54.781000+0200,37,62.695,1.5354999999999999,2.3274999999999997,fast ~1.53s,,Aplicom A11 001,,80E4DA7EC61B,-56,,60.204213,23.112948,0101000020E61000000B26FE28EA1C37408335CEA6231A4E40,,,,,,,,,,,
18621312,2025-11-10T04:29:47.000000+0200,flic_button_data_export_20251110.csv,1.537,1.537,3,flic_button_data_export_20251110.csv::3,1.537,2025-11-10T04:28:52.086000+0200,2025-11-10T04:29:54.781000+0200,37,62.695,1.5354999999999999,2.3274999999999997,fast ~1.53s,,Aplicom A11 001,,80E4DA7EC61B,-69,,60.204213,23.112948,0101000020E61000000B26FE28EA1C37408335CEA6231A4E40,,,,,,,,,,,
18621314,2025-11-10T04:29:48.531000+0200,flic_button_data_export_20251110.csv,1.531,1.531,3,flic_button_data_export_20251110.csv::3,1.531,2025-11-10T04:28:52.086000+0200,2025-11-10T04:29:54.781000+0200,37,62.695,1.5354999999999999,2.3274999999999997,fast ~1.53s,,Aplicom A11 001,,80E4DA7EC61B,-60,,60.204214,23.112948,0101000020E61000000B26FE28EA1C374053B131AF231A4E40,,,,,,,,,,,
18621316,2025-11-10T04:29:50.072000+0200,flic_button_data_export_20251110.csv,1.541,1.541,3,flic_button_data_export_20251110.csv::3,1.541,2025-11-10T04:28:52.086000+0200,2025-11-10T04:29:54.781000+0200,37,62.695,1.5354999999999999,2.3274999999999997,fast ~1.53s,,Aplicom A11 001,,80E4DA7EC61B,-59,,60.204214,23.112949,0101000020E6100000AC1DC539EA1C374053B131AF231A4E40,,,,,,,,,,,
18621318,2025-11-10T04:29:51.718000+0200,flic_button_data_export_20251110.csv,1.646,1.646,3,flic_button_data_export_20251110.csv::3,1.646,2025-11-10T04:28:52.086000+0200,2025-11-10T04:29:54.781000+0200,37,62.695,1.5354999999999999,2.3274999999999997,fast ~1.53s,,Aplicom A11 001,,80E4DA7EC61B,-65,,60.204214,23.112949,0101000020E6100000AC1DC539EA1C374053B131AF231A4E40,,,,,,,,,,,
18621319,2025-11-10T04:29:53.244000+0200,flic_button_data_export_20251110.csv,1.526,1.526,3,flic_button_data_export_20251110.csv::3,1.526,2025-11-10T04:28:52.086000+0200,2025-11-10T04:29:54.781000+0200,37,62.695,1.5354999999999999,2.3274999999999997,fast ~1.53s,,Aplicom A11 001,,80E4DA7EC61B,-59,,60.204214,23.11295,0101000020E61000004D158C4AEA1C374053B131AF231A4E40,,,,,,,,,,,
18621320,2025-11-10T04:29:54.781000+0200,flic_button_data_export_20251110.csv,1.537,1.537,3,flic_button_data_export_20251110.csv::3,1.537,2025-11-10T04:28:52.086000+0200,2025-11-10T04:29:54.781000+0200,37,62.695,1.5354999999999999,2.3274999999999997,fast ~1.53s,,Aplicom A11 001,,80E4DA7EC61B,-70,,60.204214,23.11295,0101000020E61000004D158C4AEA1C374053B131AF231A4E40,,,,,,,,,,,
18623386,2025-11-10T05:40:50.774000+0200,flic_button_data_export_20251110.csv,4255.993,4255.993,4,flic_button_data_export_20251110.csv::4,,2025-11-10T05:40:50.774000+0200,2025-11-10T05:41:51.767000+0200,37,60.993,1.5274999999999999,2.2845,fast ~1.53s,,Aplicom A11 001,,80E4DA7EC61B,-63,,60.009589,23.543561,0101000020E61000008D614ED0268B37405FB35C363A014E40,,,,,,,,,,,
18623387,2025-11-10T05:40:52.302000+0200,flic_button_data_export_20251110.csv,1.528,1.528,4,flic_button_data_export_20251110.csv::4,1.528,2025-11-10T05:40:50.774000+0200,2025-11-10T05:41:51.767000+0200,37,60.993,1.5274999999999999,2.2845,fast ~1.53s,,Aplicom A11 001,,80E4DA7EC61B,-68,,60.009633,23.543589,0101000020E6100000217711A6288B37402FFB75A73B014E40,,,,,,,,,,,
18623388,2025-11-10T05:40:53.822000+0200,flic_button_data_export_20251110.csv,1.52,1.52,4,flic_button_data_export_20251110.csv::4,1.52,2025-11-10T05:40:50.774000+0200,2025-11-10T05:41:51.767000+0200,37,60.993,1.5274999999999999,2.2845,fast ~1.53s,,Aplicom A11 001,,80E4DA7EC61B,-56,,60.009674,23.543614,0101000020E6100000D3A57F492A8B37408DCF64FF3C014E40,,,,,,,,,,,
18623389,2025-11-10T05:40:55.342000+0200,flic_button_data_export_20251110.csv,1.52,1.52,4,flic_button_data_export_20251110.csv::4,1.52,2025-11-10T05:40:50.774000+0200,2025-11-10T05:41:51.767000+0200,37,60.993,1.5274999999999999,2.2845,fast ~1.53s,,Aplicom A11 001,,80E4DA7EC61B,-58,,60.009727,23.543649,0101000020E6100000CB80B3942C8B3740B071FDBB3E014E40,,,,,,,,,,,
18623390,2025-11-10T05:40:57.698000+0200,flic_button_data_export_20251110.csv,2.356,2.356,4,flic_button_data_export_20251110.csv::4,2.356,2025-11-10T05:40:50.774000+0200,2025-11-10T05:41:51.767000+0200,37,60.993,1.5274999999999999,2.2845,fast ~1.53s,,Aplicom A11 001,,80E4DA7EC61B,-65,,60.009755,23.543668,0101000020E6100000B9E177D32D8B37407AFCDEA63F014E40,,,,,,,,,,,
18623391,2025-11-10T05:40:59.216000+0200,flic_button_data_export_20251110.csv,1.518,1.518,4,flic_button_data_export_20251110.csv::4,1.518,2025-11-10T05:40:50.774000+0200,2025-11-10T05:41:51.767000+0200,37,60.993,1.5274999999999999,2.2845,fast ~1.53s,,Aplicom A11 001,,80E4DA7EC61B,-68,,60.009821,23.543739,0101000020E61000004B8FA67A328B374032E884D041014E40,,,,,,,,,,,
18623392,2025-11-10T05:41:00.740000+0200,flic_button_data_export_20251110.csv,1.524,1.524,4,flic_button_data_export_20251110.csv::4,1.524,2025-11-10T05:40:50.774000+0200,2025-11-10T05:41:51.767000+0200,37,60.993,1.5274999999999999,2.2845,fast ~1.53s,,Aplicom A11 001,,80E4DA7EC61B,-70,,60.009859,23.543798,0101000020E610000055A18158368B37401F49490F43014E40,,,,,,,,,,,
18623393,2025-11-10T05:41:03.112000+0200,flic_button_data_export_20251110.csv,2.372,2.372,4,flic_button_data_export_20251110.csv::4,2.372,2025-11-10T05:40:50.774000+0200,2025-11-10T05:41:51.767000+0200,37,60.993,1.5274999999999999,2.2845,fast ~1.53s,,Aplicom A11 001,,80E4DA7EC61B,-60,,60.009915,23.543941,0101000020E61000001BF4A5B73F8B3740B35E0CE544014E40,,,,,,,,,,,
18623394,2025-11-10T05:41:04.630000+0200,flic_button_data_export_20251110.csv,1.518,1.518,4,flic_button_data_export_20251110.csv::4,1.518,2025-11-10T05:40:50.774000+0200,2025-11-10T05:41:51.767000+0200,37,60.993,1.5274999999999999,2.2845,fast ~1.53s,,Aplicom A11 001,,80E4DA7EC61B,-59,,60.009939,23.544047,0101000020E6100000A67C08AA468B37403CFA5FAE45014E40,,,,,,,,,,,
18623395,2025-11-10T05:41:06.721000+0200,flic_button_data_export_20251110.csv,2.091,2.091,4,flic_button_data_export_20251110.csv::4,2.091,2025-11-10T05:40:50.774000+0200,2025-11-10T05:41:51.767000+0200,37,60.993,1.5274999999999999,2.2845,fast ~1.53s,,Aplicom A11 001,,80E4DA7EC61B,-61,,60.009969,23.544209,0101000020E61000005930F147518B3740A67C08AA46014E40,,,,,,,,,,,
18623396,2025-11-10T05:41:08.245000+0200,flic_button_data_export_20251110.csv,1.524,1.524,4,flic_button_data_export_20251110.csv::4,1.524,2025-11-10T05:40:50.774000+0200,2025-11-10T05:41:51.767000+0200,37,60.993,1.5274999999999999,2.2845,fast ~1.53s,,Aplicom A11 001,,80E4DA7EC61B,-58,,60.009981,23.544376,0101000020E610000030BABC395C8B37406B4AB20E47014E40,,,,,,,,,,,
18623397,2025-11-10T05:41:09.779000+0200,flic_button_data_export_20251110.csv,1.534,1.534,4,flic_button_data_export_20251110.csv::4,1.534,2025-11-10T05:40:50.774000+0200,2025-11-10T05:41:51.767000+0200,37,60.993,1.5274999999999999,2.2845,fast ~1.53s,,Aplicom A11 001,,80E4DA7EC61B,-70,,60.009971,23.544461,0101000020E61000008CF2CCCB618B37404774CFBA46014E40,,,,,,,,,,,
18623398,2025-11-10T05:41:11.305000+0200,flic_button_data_export_20251110.csv,1.526,1.526,4,flic_button_data_export_20251110.csv::4,1.526,2025-11-10T05:40:50.774000+0200,2025-11-10T05:41:51.767000+0200,37,60.993,1.5274999999999999,2.2845,fast ~1.53s,,Aplicom A11 001,,80E4DA7EC61B,-67,,60.009912,23.544581,0101000020E6100000E20511A9698B374042EBE1CB44014E40,,,,,,,,,,,
18623399,2025-11-10T05:41:13.706000+0200,flic_button_data_export_20251110.csv,2.401,2.401,4,flic_button_data_export_20251110.csv::4,2.401,2025-11-10T05:40:50.774000+0200,2025-11-10T05:41:51.767000+0200,37,60.993,1.5274999999999999,2.2845,fast ~1.53s,,Aplicom A11 001,,80E4DA7EC61B,-56,,60.009874,23.544613,0101000020E6100000F8F9EFC16B8B3740558A1D8D43014E40,,,,,,,,,,,
18623400,2025-11-10T05:41:15.228000+0200,flic_button_data_export_20251110.csv,1.522,1.522,4,flic_button_data_export_20251110.csv::4,1.522,2025-11-10T05:40:50.774000+0200,2025-11-10T05:41:51.767000+0200,37,60.993,1.5274999999999999,2.2845,fast ~1.53s,,Aplicom A11 001,,80E4DA7EC61B,-75,,60.009764,23.544696,0101000020E610000013437232718B3740CD565EF23F014E40,,,,,,,,,,,
18623401,2025-11-10T05:41:16.754000+0200,flic_button_data_export_20251110.csv,1.526,1.526,4,flic_button_data_export_20251110.csv::4,1.526,2025-11-10T05:40:50.774000+0200,2025-11-10T05:41:51.767000+0200,37,60.993,1.5274999999999999,2.2845,fast ~1.53s,,Aplicom A11 001,,80E4DA7EC61B,-67,,60.009697,23.544747,0101000020E61000001898158A748B374046EF54C03D014E40,,,,,,,,,,,
18623402,2025-11-10T05:41:18.277000+0200,flic_button_data_export_20251110.csv,1.523,1.523,4,flic_button_data_export_20251110.csv::4,1.523,2025-11-10T05:40:50.774000+0200,2025-11-10T05:41:51.767000+0200,37,60.993,1.5274999999999999,2.2845,fast ~1.53s,,Aplicom A11 001,,80E4DA7EC61B,-68,,60.009603,23.544828,0101000020E6100000F1F109D9798B3740C478CDAB3A014E40,,,,,,,,,,,
18623403,2025-11-10T05:41:19.804000+0200,flic_button_data_export_20251110.csv,1.527,1.527,4,flic_button_data_export_20251110.csv::4,1.527,2025-11-10T05:40:50.774000+0200,2025-11-10T05:41:51.767000+0200,37,60.993,1.5274999999999999,2.2845,fast ~1.53s,,Aplicom A11 001,,80E4DA7EC61B,-75,,60.009557,23.544867,0101000020E61000006DAB59677C8B37405439ED2939014E40,,,,,,,,,,,
18623404,2025-11-10T05:41:21.732000+0200,flic_button_data_export_20251110.csv,1.928,1.928,4,flic_button_data_export_20251110.csv::4,1.928,2025-11-10T05:40:50.774000+0200,2025-11-10T05:41:51.767000+0200,37,60.993,1.5274999999999999,2.2845,fast ~1.53s,,Aplicom A11 001,,80E4DA7EC61B,-81,20106.0,60.009511,23.544909,0101000020E6100000CB4BFE277F8B3740E4F90CA837014E40,,,,,,,,,,,
18623405,2025-11-10T05:41:23.262000+0200,flic_button_data_export_20251110.csv,1.53,1.53,4,flic_button_data_export_20251110.csv::4,1.53,2025-11-10T05:40:50.774000+0200,2025-11-10T05:41:51.767000+0200,37,60.993,1.5274999999999999,2.2845,fast ~1.53s,,Aplicom A11 001,,80E4DA7EC61B,-61,,60.009381,23.54502,0101000020E61000007AAA436E868B3740151A886533014E40,,,,,,,,,,,
18623406,2025-11-10T05:41:24.784000+0200,flic_button_data_export_20251110.csv,1.522,1.522,4,flic_button_data_export_20251110.csv::4,1.522,2025-11-10T05:40:50.774000+0200,2025-11-10T05:41:51.767000+0200,37,60.993,1.5274999999999999,2.2845,fast ~1.53s,,Aplicom A11 001,,80E4DA7EC61B,-62,,60.009339,23.545058,0101000020E6100000556CCCEB888B3740E6C9350532014E40,,,,,,,,,,,
18623407,2025-11-10T05:41:26.314000+0200,flic_button_data_export_20251110.csv,1.53,1.53,4,flic_button_data_export_20251110.csv::4,1.53,2025-11-10T05:40:50.774000+0200,2025-11-10T05:41:51.767000+0200,37,60.993,1.5274999999999999,2.2845,fast ~1.53s,,Aplicom A11 001,,80E4DA7EC61B,-64,,60.009264,23.545142,0101000020E610000010AD156D8E8B3740DC8310902F014E40,,,,,,,,,,,
18623408,2025-11-10T05:41:27.835000+0200,flic_button_data_export_20251110.csv,1.521,1.521,4,flic_button_data_export_20251110.csv::4,1.521,2025-11-10T05:40:50.774000+0200,2025-11-10T05:41:51.767000+0200,37,60.993,1.5274999999999999,2.2845,fast ~1.53s,,Aplicom A11 001,,80E4DA7EC61B,-70,,60.009235,23.545199,0101000020E6100000D9CF6229928B3740417DCB9C2E014E40,,,,,,,,,,,
18623409,2025-11-10T05:41:29.666000+0200,flic_button_data_export_20251110.csv,1.831,1.831,4,flic_button_data_export_20251110.csv::4,1.831,2025-11-10T05:40:50.774000+0200,2025-11-10T05:41:51.767000+0200,37,60.993,1.5274999999999999,2.2845,fast ~1.53s,,Aplicom A11 001,,80E4DA7EC61B,-52,,60.009216,23.545273,0101000020E61000004E64E602978B3740CB4C69FD2D014E40,,,,,,,,,,,
18623410,2025-11-10T05:41:31.187000+0200,flic_button_data_export_20251110.csv,1.521,1.521,4,flic_button_data_export_20251110.csv::4,1.521,2025-11-10T05:40:50.774000+0200,2025-11-10T05:41:51.767000+0200,37,60.993,1.5274999999999999,2.2845,fast ~1.53s,,Aplicom A11 001,,80E4DA7EC61B,-72,,60.009226,23.545497,0101000020E6100000ED10FFB0A58B3740EE224C512E014E40,,,,,,,,,,,
18623411,2025-11-10T05:41:32.793000+0200,flic_button_data_export_20251110.csv,1.606,1.606,4,flic_button_data_export_20251110.csv::4,1.606,2025-11-10T05:40:50.774000+0200,2025-11-10T05:41:51.767000+0200,37,60.993,1.5274999999999999,2.2845,fast ~1.53s,,Aplicom A11 001,,80E4DA7EC61B,-79,,60.009274,23.545642,0101000020E6100000F452B131AF8B3740FF59F3E32F014E40,,,,,,,,,,,
18623412,2025-11-10T05:41:34.315000+0200,flic_button_data_export_20251110.csv,1.522,1.522,4,flic_button_data_export_20251110.csv::4,1.522,2025-11-10T05:40:50.774000+0200,2025-11-10T05:41:51.767000+0200,37,60.993,1.5274999999999999,2.2845,fast ~1.53s,,Aplicom A11 001,,80E4DA7EC61B,-66,,60.009363,23.545844,0101000020E6100000C3B7B06EBC8B37406F6589CE32014E40,,,,,,,,,,,
18623413,2025-11-10T05:41:35.844000+0200,flic_button_data_export_20251110.csv,1.529,1.529,4,flic_button_data_export_20251110.csv::4,1.529,2025-11-10T05:40:50.774000+0200,2025-11-10T05:41:51.767000+0200,37,60.993,1.5274999999999999,2.2845,fast ~1.53s,,Aplicom A11 001,,80E4DA7EC61B,-59,,60.009432,23.546008,0101000020E6100000B85A272EC78B374097C4591135014E40,,,,,,,,,,,
18623414,2025-11-10T05:41:37.373000+0200,flic_button_data_export_20251110.csv,1.529,1.529,4,flic_button_data_export_20251110.csv::4,1.529,2025-11-10T05:40:50.774000+0200,2025-11-10T05:41:51.767000+0200,37,60.993,1.5274999999999999,2.2845,fast ~1.53s,,Aplicom A11 001,,80E4DA7EC61B,-61,,60.009505,23.546194,0101000020E61000007C45B75ED38B37400113B87537014E40,,,,,,,,,,,
18623415,2025-11-10T05:41:39.502000+0200,flic_button_data_export_20251110.csv,2.129,2.129,4,flic_button_data_export_20251110.csv::4,2.129,2025-11-10T05:40:50.774000+0200,2025-11-10T05:41:51.767000+0200,37,60.993,1.5274999999999999,2.2845,fast ~1.53s,,Aplicom A11 001,,80E4DA7EC61B,-57,,60.009614,23.546469,0101000020E61000001F477364E58B3740B8CA13083B014E40,,,,,,,,,,,
18623416,2025-11-10T05:41:41.908000+0200,flic_button_data_export_20251110.csv,2.406,2.406,4,flic_button_data_export_20251110.csv::4,2.406,2025-11-10T05:40:50.774000+0200,2025-11-10T05:41:51.767000+0200,37,60.993,1.5274999999999999,2.2845,fast ~1.53s,,Aplicom A11 001,,80E4DA7EC61B,-69,,60.009702,23.546683,0101000020E61000007847C66AF38B3740575A46EA3D014E40,,,,,,,,,,,
18623417,2025-11-10T05:41:44.121000+0200,flic_button_data_export_20251110.csv,2.213,2.213,4,flic_button_data_export_20251110.csv::4,2.213,2025-11-10T05:40:50.774000+0200,2025-11-10T05:41:51.767000+0200,37,60.993,1.5274999999999999,2.2845,fast ~1.53s,,Aplicom A11 001,,80E4DA7EC61B,-66,,60.009896,23.547142,0101000020E61000009E44847F118C37403C2EAA4544014E40,,,,,,,,,,,
18623418,2025-11-10T05:41:45.645000+0200,flic_button_data_export_20251110.csv,1.524,1.524,4,flic_button_data_export_20251110.csv::4,1.524,2025-11-10T05:40:50.774000+0200,2025-11-10T05:41:51.767000+0200,37,60.993,1.5274999999999999,2.2845,fast ~1.53s,,Aplicom A11 001,,80E4DA7EC61B,-60,,60.010003,23.547392,0101000020E61000008F17D2E1218C374052EE3EC747014E40,,,,,,,,,,,
18623419,2025-11-10T05:41:47.170000+0200,flic_button_data_export_20251110.csv,1.525,1.525,4,flic_button_data_export_20251110.csv::4,1.525,2025-11-10T05:40:50.774000+0200,2025-11-10T05:41:51.767000+0200,37,60.993,1.5274999999999999,2.2845,fast ~1.53s,,Aplicom A11 001,,80E4DA7EC61B,-66,,60.010117,23.547651,0101000020E6100000279F1EDB328C37401B118C834B014E40,,,,,,,,,,,
18623420,2025-11-10T05:41:48.707000+0200,flic_button_data_export_20251110.csv,1.537,1.537,4,flic_button_data_export_20251110.csv::4,1.537,2025-11-10T05:40:50.774000+0200,2025-11-10T05:41:51.767000+0200,37,60.993,1.5274999999999999,2.2845,fast ~1.53s,,Aplicom A11 001,,80E4DA7EC61B,-59,,60.010235,23.547916,0101000020E610000084F41439448C3740252367614F014E40,,,,,,,,,,,
18623421,2025-11-10T05:41:50.240000+0200,flic_button_data_export_20251110.csv,1.533,1.533,4,flic_button_data_export_20251110.csv::4,1.533,2025-11-10T05:40:50.774000+0200,2025-11-10T05:41:51.767000+0200,37,60.993,1.5274999999999999,2.2845,fast ~1.53s,,Aplicom A11 001,,80E4DA7EC61B,-60,,60.010356,23.548191,0101000020E610000027F6D03E568C3740A0A86C5853014E40,,,,,,,,,,,
18623422,2025-11-10T05:41:51.767000+0200,flic_button_data_export_20251110.csv,1.527,1.527,4,flic_button_data_export_20251110.csv::4,1.527,2025-11-10T05:40:50.774000+0200,2025-11-10T05:41:51.767000+0200,37,60.993,1.5274999999999999,2.2845,fast ~1.53s,,Aplicom A11 001,,80E4DA7EC61B,-60,,60.010482,23.548477,0101000020E6100000B29B19FD688C37402D99637957014E40,,,,,,,,,,,
18628868,2025-11-10T09:54:27.850000+0200,flic_button_data_export_20251110.csv,15156.083,15156.083,5,flic_button_data_export_20251110.csv::5,,2025-11-10T09:54:27.850000+0200,2025-11-10T09:55:29.750000+0200,30,61.9,1.878,2.6612,slow ~1.88s,,Aplicom A11 001,,80E4DA7EC61B,-57,,59.819316,22.95807,0101000020E61000005A47551344F53640768BC058DFE84D40,,,,,,,,,,,
18628869,2025-11-10T09:54:29.728000+0200,flic_button_data_export_20251110.csv,1.878,1.878,5,flic_button_data_export_20251110.csv::5,1.878,2025-11-10T09:54:27.850000+0200,2025-11-10T09:55:29.750000+0200,30,61.9,1.878,2.6612,slow ~1.88s,,Aplicom A11 001,,80E4DA7EC61B,-57,,59.819317,22.958068,0101000020E61000001958C7F143F5364046072461DFE84D40,,,,,,,,,,,
18628870,2025-11-10T09:54:32.277000+0200,flic_button_data_export_20251110.csv,2.549,2.549,5,flic_button_data_export_20251110.csv::5,2.549,2025-11-10T09:54:27.850000+0200,2025-11-10T09:55:29.750000+0200,30,61.9,1.878,2.6612,slow ~1.88s,,Aplicom A11 001,,80E4DA7EC61B,-53,,59.819318,22.958064,0101000020E61000009679ABAE43F5364017838769DFE84D40,,,,,,,,,,,
18628871,2025-11-10T09:54:34.864000+0200,flic_button_data_export_20251110.csv,2.587,2.587,5,flic_button_data_export_20251110.csv::5,2.587,2025-11-10T09:54:27.850000+0200,2025-11-10T09:55:29.750000+0200,30,61.9,1.878,2.6612,slow ~1.88s,,Aplicom A11 001,,80E4DA7EC61B,-63,,59.819318,22.958062,0101000020E6100000558A1D8D43F5364017838769DFE84D40,,,,,,,,,,,
18628872,2025-11-10T09:54:36.741000+0200,flic_button_data_export_20251110.csv,1.877,1.877,5,flic_button_data_export_20251110.csv::5,1.877,2025-11-10T09:54:27.850000+0200,2025-11-10T09:55:29.750000+0200,30,61.9,1.878,2.6612,slow ~1.88s,,Aplicom A11 001,,80E4DA7EC61B,-61,,59.819318,22.958062,0101000020E6100000558A1D8D43F5364017838769DFE84D40,,,,,,,,,,,
18628873,2025-11-10T09:54:38.596000+0200,flic_button_data_export_20251110.csv,1.855,1.855,5,flic_button_data_export_20251110.csv::5,1.855,2025-11-10T09:54:27.850000+0200,2025-11-10T09:55:29.750000+0200,30,61.9,1.878,2.6612,slow ~1.88s,,Aplicom A11 001,,80E4DA7EC61B,-61,,59.819318,22.958062,0101000020E6100000558A1D8D43F5364017838769DFE84D40,,,,,,,,,,,
18628874,2025-11-10T09:54:40.734000+0200,flic_button_data_export_20251110.csv,2.138,2.138,5,flic_button_data_export_20251110.csv::5,2.138,2025-11-10T09:54:27.850000+0200,2025-11-10T09:55:29.750000+0200,30,61.9,1.878,2.6612,slow ~1.88s,,Aplicom A11 001,,80E4DA7EC61B,-61,,59.819319,22.958062,0101000020E6100000558A1D8D43F53640E7FEEA71DFE84D40,,,,,,,,,,,
18628875,2025-11-10T09:54:42.606000+0200,flic_button_data_export_20251110.csv,1.872,1.872,5,flic_button_data_export_20251110.csv::5,1.872,2025-11-10T09:54:27.850000+0200,2025-11-10T09:55:29.750000+0200,30,61.9,1.878,2.6612,slow ~1.88s,,Aplicom A11 001,,80E4DA7EC61B,-57,,59.819319,22.958061,0101000020E6100000B492567C43F53640E7FEEA71DFE84D40,,,,,,,,,,,
18628876,2025-11-10T09:54:44.476000+0200,flic_button_data_export_20251110.csv,1.87,1.87,5,flic_button_data_export_20251110.csv::5,1.87,2025-11-10T09:54:27.850000+0200,2025-11-10T09:55:29.750000+0200,30,61.9,1.878,2.6612,slow ~1.88s,,Aplicom A11 001,,80E4DA7EC61B,-56,,59.819319,22.958061,0101000020E6100000B492567C43F53640E7FEEA71DFE84D40,,,,,,,,,,,
18628877,2025-11-10T09:54:46.348000+0200,flic_button_data_export_20251110.csv,1.872,1.872,5,flic_button_data_export_20251110.csv::5,1.872,2025-11-10T09:54:27.850000+0200,2025-11-10T09:55:29.750000+0200,30,61.9,1.878,2.6612,slow ~1.88s,,Aplicom A11 001,,80E4DA7EC61B,-62,,59.819319,22.958061,0101000020E6100000B492567C43F53640E7FEEA71DFE84D40,,,,,,,,,,,
18628878,2025-11-10T09:54:48.701000+0200,flic_button_data_export_20251110.csv,2.353,2.353,5,flic_button_data_export_20251110.csv::5,2.353,2025-11-10T09:54:27.850000+0200,2025-11-10T09:55:29.750000+0200,30,61.9,1.878,2.6612,slow ~1.88s,,Aplicom A11 001,,80E4DA7EC61B,-60,,59.819319,22.958062,0101000020E6100000558A1D8D43F53640E7FEEA71DFE84D40,,,,,,,,,,,
18628879,2025-11-10T09:54:50.575000+0200,flic_button_data_export_20251110.csv,1.874,1.874,5,flic_button_data_export_20251110.csv::5,1.874,2025-11-10T09:54:27.850000+0200,2025-11-10T09:55:29.750000+0200,30,61.9,1.878,2.6612,slow ~1.88s,,Aplicom A11 001,,80E4DA7EC61B,-53,,59.819318,22.958062,0101000020E6100000558A1D8D43F5364017838769DFE84D40,,,,,,,,,,,
18628880,2025-11-10T09:54:53.329000+0200,flic_button_data_export_20251110.csv,2.754,2.754,5,flic_button_data_export_20251110.csv::5,2.754,2025-11-10T09:54:27.850000+0200,2025-11-10T09:55:29.750000+0200,30,61.9,1.878,2.6612,slow ~1.88s,,Aplicom A11 001,,80E4DA7EC61B,-60,,59.819318,22.958063,0101000020E6100000F581E49D43F5364017838769DFE84D40,,,,,,,,,,,
18628881,2025-11-10T09:54:55.194000+0200,flic_button_data_export_20251110.csv,1.865,1.865,5,flic_button_data_export_20251110.csv::5,1.865,2025-11-10T09:54:27.850000+0200,2025-11-10T09:55:29.750000+0200,30,61.9,1.878,2.6612,slow ~1.88s,,Aplicom A11 001,,80E4DA7EC61B,-59,,59.819317,22.958063,0101000020E6100000F581E49D43F5364046072461DFE84D40,,,,,,,,,,,
18628882,2025-11-10T09:54:58.004000+0200,flic_button_data_export_20251110.csv,2.81,2.81,5,flic_button_data_export_20251110.csv::5,2.81,2025-11-10T09:54:27.850000+0200,2025-11-10T09:55:29.750000+0200,30,61.9,1.878,2.6612,slow ~1.88s,,Aplicom A11 001,,80E4DA7EC61B,-54,,59.819316,22.958064,0101000020E61000009679ABAE43F53640768BC058DFE84D40,,,,,,,,,,,
18628883,2025-11-10T09:54:59.870000+0200,flic_button_data_export_20251110.csv,1.866,1.866,5,flic_button_data_export_20251110.csv::5,1.866,2025-11-10T09:54:27.850000+0200,2025-11-10T09:55:29.750000+0200,30,61.9,1.878,2.6612,slow ~1.88s,,Aplicom A11 001,,80E4DA7EC61B,-64,,59.819314,22.958065,0101000020E6100000377172BF43F53640D593F947DFE84D40,,,,,,,,,,,
18628884,2025-11-10T09:55:01.739000+0200,flic_button_data_export_20251110.csv,1.869,1.869,5,flic_button_data_export_20251110.csv::5,1.869,2025-11-10T09:54:27.850000+0200,2025-11-10T09:55:29.750000+0200,30,61.9,1.878,2.6612,slow ~1.88s,,Aplicom A11 001,,80E4DA7EC61B,-59,,59.819313,22.958066,0101000020E6100000D76839D043F536400518963FDFE84D40,,,,,,,,,,,
18628885,2025-11-10T09:55:03.598000+0200,flic_button_data_export_20251110.csv,1.859,1.859,5,flic_button_data_export_20251110.csv::5,1.859,2025-11-10T09:54:27.850000+0200,2025-11-10T09:55:29.750000+0200,30,61.9,1.878,2.6612,slow ~1.88s,,Aplicom A11 001,,80E4DA7EC61B,-54,,59.819312,22.958067,0101000020E6100000786000E143F53640349C3237DFE84D40,,,,,,,,,,,
18628886,2025-11-10T09:55:06.110000+0200,flic_button_data_export_20251110.csv,2.512,2.512,5,flic_button_data_export_20251110.csv::5,2.512,2025-11-10T09:54:27.850000+0200,2025-11-10T09:55:29.750000+0200,30,61.9,1.878,2.6612,slow ~1.88s,,Aplicom A11 001,,80E4DA7EC61B,-69,,59.819313,22.958068,0101000020E61000001958C7F143F536400518963FDFE84D40,,,,,,,,,,,
18628887,2025-11-10T09:55:07.989000+0200,flic_button_data_export_20251110.csv,1.879,1.879,5,flic_button_data_export_20251110.csv::5,1.879,2025-11-10T09:54:27.850000+0200,2025-11-10T09:55:29.750000+0200,30,61.9,1.878,2.6612,slow ~1.88s,,Aplicom A11 001,,80E4DA7EC61B,-76,,59.819312,22.95807,0101000020E61000005A47551344F53640349C3237DFE84D40,,,,,,,,,,,
18628888,2025-11-10T09:55:09.846000+0200,flic_button_data_export_20251110.csv,1.857,1.857,5,flic_button_data_export_20251110.csv::5,1.857,2025-11-10T09:54:27.850000+0200,2025-11-10T09:55:29.750000+0200,30,61.9,1.878,2.6612,slow ~1.88s,,Aplicom A11 001,,80E4DA7EC61B,-58,,59.819311,22.958072,0101000020E61000009C36E33444F536406420CF2EDFE84D40,,,,,,,,,,,
18628889,2025-11-10T09:55:12.280000+0200,flic_button_data_export_20251110.csv,2.434,2.434,5,flic_button_data_export_20251110.csv::5,2.434,2025-11-10T09:54:27.850000+0200,2025-11-10T09:55:29.750000+0200,30,61.9,1.878,2.6612,slow ~1.88s,,Aplicom A11 001,,80E4DA7EC61B,-62,,59.81931,22.958073,0101000020E61000003C2EAA4544F5364094A46B26DFE84D40,,,,,,,,,,,
18628890,2025-11-10T09:55:14.918000+0200,flic_button_data_export_20251110.csv,2.638,2.638,5,flic_button_data_export_20251110.csv::5,2.638,2025-11-10T09:54:27.850000+0200,2025-11-10T09:55:29.750000+0200,30,61.9,1.878,2.6612,slow ~1.88s,,Aplicom A11 001,,80E4DA7EC61B,-65,,59.819308,22.958077,0101000020E6100000BF0CC68844F53640F3ACA415DFE84D40,,,,,,,,,,,
18628891,2025-11-10T09:55:16.808000+0200,flic_button_data_export_20251110.csv,1.89,1.89,5,flic_button_data_export_20251110.csv::5,1.89,2025-11-10T09:54:27.850000+0200,2025-11-10T09:55:29.750000+0200,30,61.9,1.878,2.6612,slow ~1.88s,,Aplicom A11 001,,80E4DA7EC61B,-64,,59.819307,22.958079,0101000020E610000001FC53AA44F536402331410DDFE84D40,,,,,,,,,,,
18628892,2025-11-10T09:55:18.667000+0200,flic_button_data_export_20251110.csv,1.859,1.859,5,flic_button_data_export_20251110.csv::5,1.859,2025-11-10T09:54:27.850000+0200,2025-11-10T09:55:29.750000+0200,30,61.9,1.878,2.6612,slow ~1.88s,,Aplicom A11 001,,80E4DA7EC61B,-65,,59.819306,22.958082,0101000020E6100000E3E2A8DC44F5364052B5DD04DFE84D40,,,,,,,,,,,
18628893,2025-11-10T09:55:20.709000+0200,flic_button_data_export_20251110.csv,2.042,2.042,5,flic_button_data_export_20251110.csv::5,2.042,2025-11-10T09:54:27.850000+0200,2025-11-10T09:55:29.750000+0200,30,61.9,1.878,2.6612,slow ~1.88s,,Aplicom A11 001,,80E4DA7EC61B,-67,,59.819305,22.958083,0101000020E610000083DA6FED44F5364082397AFCDEE84D40,,,,,,,,,,,
18628894,2025-11-10T09:55:23.234000+0200,flic_button_data_export_20251110.csv,2.525,2.525,5,flic_button_data_export_20251110.csv::5,2.525,2025-11-10T09:54:27.850000+0200,2025-11-10T09:55:29.750000+0200,30,61.9,1.878,2.6612,slow ~1.88s,,Aplicom A11 001,,80E4DA7EC61B,-64,,59.819302,22.958087,0101000020E610000006B98B3045F5364011C64FE3DEE84D40,,,,,,,,,,,
18628895,2025-11-10T09:55:25.102000+0200,flic_button_data_export_20251110.csv,1.868,1.868,5,flic_button_data_export_20251110.csv::5,1.868,2025-11-10T09:54:27.850000+0200,2025-11-10T09:55:29.750000+0200,30,61.9,1.878,2.6612,slow ~1.88s,,Aplicom A11 001,,80E4DA7EC61B,-63,,59.819301,22.958089,0101000020E610000048A8195245F53640414AECDADEE84D40,,,,,,,,,,,
18628896,2025-11-10T09:55:26.964000+0200,flic_button_data_export_20251110.csv,1.862,1.862,5,flic_button_data_export_20251110.csv::5,1.862,2025-11-10T09:54:27.850000+0200,2025-11-10T09:55:29.750000+0200,30,61.9,1.878,2.6612,slow ~1.88s,,Aplicom A11 001,,80E4DA7EC61B,-57,,59.819297,22.95809,0101000020E6100000E89FE06245F53640FF5A5EB9DEE84D40,,,,,,,,,,,
18628897,2025-11-10T09:55:29.750000+0200,flic_button_data_export_20251110.csv,2.786,2.786,5,flic_button_data_export_20251110.csv::5,2.786,2025-11-10T09:54:27.850000+0200,2025-11-10T09:55:29.750000+0200,30,61.9,1.878,2.6612,slow ~1.88s,,Aplicom A11 001,,80E4DA7EC61B,-56,,59.819271,22.958107,0101000020E61000009411178046F53640D6C743DFDDE84D40,,,,,,,,,,,
18641396,2025-11-10T18:05:23.268000+0200,flic_button_data_export_20251110.csv,29393.518,29393.518,6,flic_button_data_export_20251110.csv::6,,2025-11-10T18:05:23.268000+0200,2025-11-10T18:06:08.357000+0200,27,45.089,1.5305,2.3565,fast ~1.53s,,Aplicom A11 001,,80E4DA7EC61B,-64,,60.386477,23.159415,0101000020E6100000E97DE36BCF283740FED30D1478314E40,,,,,,,,,,,
18641397,2025-11-10T18:05:24.796000+0200,flic_button_data_export_20251110.csv,1.528,1.528,6,flic_button_data_export_20251110.csv::6,1.528,2025-11-10T18:05:23.268000+0200,2025-11-10T18:06:08.357000+0200,27,45.089,1.5305,2.3565,fast ~1.53s,,Aplicom A11 001,,80E4DA7EC61B,-69,,60.386406,23.159412,0101000020E610000007978E39CF283740357D76C075314E40,,,,,,,,,,,
18641398,2025-11-10T18:05:27.193000+0200,flic_button_data_export_20251110.csv,2.397,2.397,6,flic_button_data_export_20251110.csv::6,2.397,2025-11-10T18:05:23.268000+0200,2025-11-10T18:06:08.357000+0200,27,45.089,1.5305,2.3565,fast ~1.53s,,Aplicom A11 001,,80E4DA7EC61B,-70,,60.38634,23.159405,0101000020E6100000A2D11DC4CE2837407D91D09673314E40,,,,,,,,,,,
18641399,2025-11-10T18:05:28.720000+0200,flic_button_data_export_20251110.csv,1.527,1.527,6,flic_button_data_export_20251110.csv::6,1.527,2025-11-10T18:05:23.268000+0200,2025-11-10T18:06:08.357000+0200,27,45.089,1.5305,2.3565,fast ~1.53s,,Aplicom A11 001,,80E4DA7EC61B,-60,,60.386232,23.159393,0101000020E61000001A36CAFACD2837409755D80C70314E40,,,,,,,,,,,
18641400,2025-11-10T18:05:30.251000+0200,flic_button_data_export_20251110.csv,1.531,1.531,6,flic_button_data_export_20251110.csv::6,1.531,2025-11-10T18:05:23.268000+0200,2025-11-10T18:06:08.357000+0200,27,45.089,1.5305,2.3565,fast ~1.53s,,Aplicom A11 001,,80E4DA7EC61B,-70,20106.0,60.386166,23.159382,0101000020E610000032923D42CD283740E06932E36D314E40,,,,,,,,,,,
18641401,2025-11-10T18:05:31.777000+0200,flic_button_data_export_20251110.csv,1.526,1.526,6,flic_button_data_export_20251110.csv::6,1.526,2025-11-10T18:05:23.268000+0200,2025-11-10T18:06:08.357000+0200,27,45.089,1.5305,2.3565,fast ~1.53s,,Aplicom A11 001,,80E4DA7EC61B,-63,,60.386103,23.159378,0101000020E6100000AFB321FFCC28374099F1B6D26B314E40,,,,,,,,,,,
18641402,2025-11-10T18:05:33.302000+0200,flic_button_data_export_20251110.csv,1.525,1.525,6,flic_button_data_export_20251110.csv::6,1.525,2025-11-10T18:05:23.268000+0200,2025-11-10T18:06:08.357000+0200,27,45.089,1.5305,2.3565,fast ~1.53s,,Aplicom A11 001,,80E4DA7EC61B,-72,,60.38605,23.15941,0101000020E6100000C6A70018CF283740764F1E166A314E40,,,,,,,,,,,
18641403,2025-11-10T18:05:35.197000+0200,flic_button_data_export_20251110.csv,1.895,1.895,6,flic_button_data_export_20251110.csv::6,1.895,2025-11-10T18:05:23.268000+0200,2025-11-10T18:06:08.357000+0200,27,45.089,1.5305,2.3565,fast ~1.53s,,Aplicom A11 001,,80E4DA7EC61B,-73,20106.0,60.386028,23.159469,0101000020E6100000D0B9DBF5D22837408FAB915D69314E40,,,,,,,,,,,
18641404,2025-11-10T18:05:36.724000+0200,flic_button_data_export_20251110.csv,1.527,1.527,6,flic_button_data_export_20251110.csv::6,1.527,2025-11-10T18:05:23.268000+0200,2025-11-10T18:06:08.357000+0200,27,45.089,1.5305,2.3565,fast ~1.53s,,Aplicom A11 001,,80E4DA7EC61B,-71,,60.386016,23.159657,0101000020E6100000D593F947DF283740CADDE7F868314E40,,,,,,,,,,,
18641405,2025-11-10T18:05:38.250000+0200,flic_button_data_export_20251110.csv,1.526,1.526,6,flic_button_data_export_20251110.csv::6,1.526,2025-11-10T18:05:23.268000+0200,2025-11-10T18:06:08.357000+0200,27,45.089,1.5305,2.3565,fast ~1.53s,,Aplicom A11 001,,80E4DA7EC61B,-61,,60.386014,23.159773,0101000020E6100000A8C821E2E62837402AE620E868314E40,,,,,,,,,,,
18641406,2025-11-10T18:05:40.597000+0200,flic_button_data_export_20251110.csv,2.347,2.347,6,flic_button_data_export_20251110.csv::6,2.347,2025-11-10T18:05:23.268000+0200,2025-11-10T18:06:08.357000+0200,27,45.089,1.5305,2.3565,fast ~1.53s,,Aplicom A11 001,,80E4DA7EC61B,-75,,60.385987,23.159969,0101000020E6100000B35F77BAF328374030D7A20568314E40,,,,,,,,,,,
18641407,2025-11-10T18:05:42.116000+0200,flic_button_data_export_20251110.csv,1.519,1.519,6,flic_button_data_export_20251110.csv::6,1.519,2025-11-10T18:05:23.268000+0200,2025-11-10T18:06:08.357000+0200,27,45.089,1.5305,2.3565,fast ~1.53s,,Aplicom A11 001,,80E4DA7EC61B,-69,,60.385954,23.160086,0101000020E6100000268C6665FB28374054E1CFF066314E40,,,,,,,,,,,
18641408,2025-11-10T18:05:44.224000+0200,flic_button_data_export_20251110.csv,2.108,2.108,6,flic_button_data_export_20251110.csv::6,2.108,2025-11-10T18:05:23.268000+0200,2025-11-10T18:06:08.357000+0200,27,45.089,1.5305,2.3565,fast ~1.53s,,Aplicom A11 001,,80E4DA7EC61B,-66,,60.385895,23.16023,0101000020E61000008CD651D5042937404F58E20165314E40,,,,,,,,,,,
18641409,2025-11-10T18:05:45.756000+0200,flic_button_data_export_20251110.csv,1.532,1.532,6,flic_button_data_export_20251110.csv::6,1.532,2025-11-10T18:05:23.268000+0200,2025-11-10T18:06:08.357000+0200,27,45.089,1.5305,2.3565,fast ~1.53s,,Aplicom A11 001,,80E4DA7EC61B,-65,,60.385853,23.160344,0101000020E61000001D1CEC4D0C293740200890A163314E40,,,,,,,,,,,
18641410,2025-11-10T18:05:47.286000+0200,flic_button_data_export_20251110.csv,1.53,1.53,6,flic_button_data_export_20251110.csv::6,1.53,2025-11-10T18:05:23.268000+0200,2025-11-10T18:06:08.357000+0200,27,45.089,1.5305,2.3565,fast ~1.53s,,Aplicom A11 001,,80E4DA7EC61B,-61,,60.385807,23.160465,0101000020E61000001327F73B14293740B0C8AF1F62314E40,,,,,,,,,,,
18641411,2025-11-10T18:05:48.813000+0200,flic_button_data_export_20251110.csv,1.527,1.527,6,flic_button_data_export_20251110.csv::6,1.527,2025-11-10T18:05:23.268000+0200,2025-11-10T18:06:08.357000+0200,27,45.089,1.5305,2.3565,fast ~1.53s,,Aplicom A11 001,,80E4DA7EC61B,-57,,60.385761,23.160592,0101000020E6100000CEFFAB8E1C2937404089CF9D60314E40,,,,,,,,,,,
18641412,2025-11-10T18:05:51.179000+0200,flic_button_data_export_20251110.csv,2.366,2.366,6,flic_button_data_export_20251110.csv::6,2.366,2025-11-10T18:05:23.268000+0200,2025-11-10T18:06:08.357000+0200,27,45.089,1.5305,2.3565,fast ~1.53s,,Aplicom A11 001,,80E4DA7EC61B,-72,,60.385717,23.16072,0101000020E610000029D027F2242937407041B62C5F314E40,,,,,,,,,,,
18641413,2025-11-10T18:05:52.710000+0200,flic_button_data_export_20251110.csv,1.531,1.531,6,flic_button_data_export_20251110.csv::6,1.531,2025-11-10T18:05:23.268000+0200,2025-11-10T18:06:08.357000+0200,27,45.089,1.5305,2.3565,fast ~1.53s,,Aplicom A11 001,,80E4DA7EC61B,-71,,60.385641,23.160943,0101000020E61000002785798F33293740957F2DAF5C314E40,,,,,,,,,,,
18641414,2025-11-10T18:05:54.276000+0200,flic_button_data_export_20251110.csv,1.566,1.566,6,flic_button_data_export_20251110.csv::6,1.566,2025-11-10T18:05:23.268000+0200,2025-11-10T18:06:08.357000+0200,27,45.089,1.5305,2.3565,fast ~1.53s,,Aplicom A11 001,,80E4DA7EC61B,-65,,60.385595,23.161079,0101000020E610000088122D793C29374025404D2D5B314E40,,,,,,,,,,,
18641415,2025-11-10T18:05:55.799000+0200,flic_button_data_export_20251110.csv,1.523,1.523,6,flic_button_data_export_20251110.csv::6,1.523,2025-11-10T18:05:23.268000+0200,2025-11-10T18:06:08.357000+0200,27,45.089,1.5305,2.3565,fast ~1.53s,,Aplicom A11 001,,80E4DA7EC61B,-66,,60.385544,23.16121,0101000020E6100000C5C9FD0E45293740A3957B8159314E40,,,,,,,,,,,
18641416,2025-11-10T18:05:57.326000+0200,flic_button_data_export_20251110.csv,1.527,1.527,6,flic_button_data_export_20251110.csv::6,1.527,2025-11-10T18:05:23.268000+0200,2025-11-10T18:06:08.357000+0200,27,45.089,1.5305,2.3565,fast ~1.53s,,Aplicom A11 001,,80E4DA7EC61B,-55,,60.385498,23.161347,0101000020E6100000C64E78094E29374032569BFF57314E40,,,,,,,,,,,
18641417,2025-11-10T18:05:59.206000+0200,flic_button_data_export_20251110.csv,1.88,1.88,6,flic_button_data_export_20251110.csv::6,1.88,2025-11-10T18:05:23.268000+0200,2025-11-10T18:06:08.357000+0200,27,45.089,1.5305,2.3565,fast ~1.53s,,Aplicom A11 001,,80E4DA7EC61B,-63,,60.385467,23.161436,0101000020E6100000A565A4DE53293740F7578FFB56314E40,,,,,,,,,,,
18641418,2025-11-10T18:06:00.723000+0200,flic_button_data_export_20251110.csv,1.517,1.517,6,flic_button_data_export_20251110.csv::6,1.517,2025-11-10T18:05:23.268000+0200,2025-11-10T18:06:08.357000+0200,27,45.089,1.5305,2.3565,fast ~1.53s,,Aplicom A11 001,,80E4DA7EC61B,-66,,60.385394,23.161651,0101000020E61000009E5DBEF5612937408D09319754314E40,,,,,,,,,,,
18641419,2025-11-10T18:06:02.243000+0200,flic_button_data_export_20251110.csv,1.52,1.52,6,flic_button_data_export_20251110.csv::6,1.52,2025-11-10T18:05:23.268000+0200,2025-11-10T18:06:08.357000+0200,27,45.089,1.5305,2.3565,fast ~1.53s,,Aplicom A11 001,,80E4DA7EC61B,-65,,60.385349,23.161779,0101000020E6100000F92D3A596A293740ED45B41D53314E40,,,,,,,,,,,
18641420,2025-11-10T18:06:05.291000+0200,flic_button_data_export_20251110.csv,3.048,3.048,6,flic_button_data_export_20251110.csv::6,3.048,2025-11-10T18:05:23.268000+0200,2025-11-10T18:06:08.357000+0200,27,45.089,1.5305,2.3565,fast ~1.53s,,Aplicom A11 001,,80E4DA7EC61B,-60,,60.38526,23.162036,0101000020E610000050C6F8307B2937407E3A1E3350314E40,,,,,,,,,,,
18641421,2025-11-10T18:06:06.823000+0200,flic_button_data_export_20251110.csv,1.532,1.532,6,flic_button_data_export_20251110.csv::6,1.532,2025-11-10T18:05:23.268000+0200,2025-11-10T18:06:08.357000+0200,27,45.089,1.5305,2.3565,fast ~1.53s,,Aplicom A11 001,,80E4DA7EC61B,-67,,60.385221,23.162157,0101000020E610000046D1031F83293740C05DF6EB4E314E40,,,,,,,,,,,
18641422,2025-11-10T18:06:08.357000+0200,flic_button_data_export_20251110.csv,1.534,1.534,6,flic_button_data_export_20251110.csv::6,1.534,2025-11-10T18:05:23.268000+0200,2025-11-10T18:06:08.357000+0200,27,45.089,1.5305,2.3565,fast ~1.53s,,Aplicom A11 001,,80E4DA7EC61B,-65,,60.385187,23.162267,0101000020E6100000543882548A29374014ECBFCE4D314E40,,,,,,,,,,,
18641783,2025-11-10T18:06:24.294000+0200,flic_button_data_export_20251110.csv,15.937,15.937,7,flic_button_data_export_20251110.csv::7,,2025-11-10T18:06:24.294000+0200,2025-11-10T18:06:25.819000+0200,2,1.525,1.525,1.525,fast ~1.53s,,Aplicom A11 001,,80E4DA7EC61B,-66,,60.384917,23.163049,0101000020E610000040A54A94BD2937405456D3F544314E40,,,,,,,,,,,
18641784,2025-11-10T18:06:25.819000+0200,flic_button_data_export_20251110.csv,1.525,1.525,7,flic_button_data_export_20251110.csv::7,1.525,2025-11-10T18:06:24.294000+0200,2025-11-10T18:06:25.819000+0200,2,1.525,1.525,1.525,fast ~1.53s,,Aplicom A11 001,,80E4DA7EC61B,-62,,60.384906,23.163088,0101000020E6100000BB5E9A22C029374060048D9944314E40,,,,,,,,,,,
19073454,2025-11-27T00:06:20.323000+0200,flic_button_data_export_20251127.csv,1403994.504,,1,flic_button_data_export_20251127.csv::1,,2025-11-27T00:06:20.323000+0200,2025-11-27T00:09:40.042000+0200,122,199.719,1.555,1.768,fast ~1.53s,,Aplicom A11 001,,80E4DA7EC61B,-65,,60.234862,23.588156,0101000020E610000039F24064919637405D8940F50F1E4E40,,,,,,,,,,,
19073455,2025-11-27T00:06:21.841000+0200,flic_button_data_export_20251127.csv,1.518,1.518,1,flic_button_data_export_20251127.csv::1,1.518,2025-11-27T00:06:20.323000+0200,2025-11-27T00:09:40.042000+0200,122,199.719,1.555,1.768,fast ~1.53s,,Aplicom A11 001,,80E4DA7EC61B,-58,,60.23509,23.587418,0101000020E6100000EC14AB0661963740EECEDA6D171E4E40,,,,,,,,,,,
19073456,2025-11-27T00:06:23.638000+0200,flic_button_data_export_20251127.csv,1.797,1.797,1,flic_button_data_export_20251127.csv::1,1.797,2025-11-27T00:06:20.323000+0200,2025-11-27T00:09:40.042000+0200,122,199.719,1.555,1.768,fast ~1.53s,,Aplicom A11 001,,80E4DA7EC61B,-51,,60.235293,23.58686,0101000020E6100000A054FB743C96374026FDBD141E1E4E40,,,,,,,,,,,
19073457,2025-11-27T00:06:25.228000+0200,flic_button_data_export_20251127.csv,1.59,1.59,1,flic_button_data_export_20251127.csv::1,1.59,2025-11-27T00:06:20.323000+0200,2025-11-27T00:09:40.042000+0200,122,199.719,1.555,1.768,fast ~1.53s,,Aplicom A11 001,,80E4DA7EC61B,-65,,60.235455,23.586463,0101000020E610000065506D70229637400057B263231E4E40,,,,,,,,,,,
19073458,2025-11-27T00:06:26.774000+0200,flic_button_data_export_20251127.csv,1.546,1.546,1,flic_button_data_export_20251127.csv::1,1.546,2025-11-27T00:06:20.323000+0200,2025-11-27T00:09:40.042000+0200,122,199.719,1.555,1.768,fast ~1.53s,,Aplicom A11 001,,80E4DA7EC61B,-78,20106.0,60.235624,23.586074,0101000020E6100000310917F2089637408C135FED281E4E40,,,,,,,,,,,
19073459,2025-11-27T00:06:28.297000+0200,flic_button_data_export_20251127.csv,1.523,1.523,1,flic_button_data_export_20251127.csv::1,1.523,2025-11-27T00:06:20.323000+0200,2025-11-27T00:09:40.042000+0200,122,199.719,1.555,1.768,fast ~1.53s,,Aplicom A11 001,,80E4DA7EC61B,-73,,60.235798,23.585697,0101000020E6100000855D143DF09537402A3BFDA02E1E4E40,,,,,,,,,,,
19073460,2025-11-27T00:06:29.828000+0200,flic_button_data_export_20251127.csv,1.531,1.531,1,flic_button_data_export_20251127.csv::1,1.531,2025-11-27T00:06:20.323000+0200,2025-11-27T00:09:40.042000+0200,122,199.719,1.555,1.768,fast ~1.53s,,Aplicom A11 001,,80E4DA7EC61B,-68,,60.235979,23.58533,0101000020E6100000205ED72FD89537407AC5538F341E4E40,,,,,,,,,,,
19073461,2025-11-27T00:06:31.362000+0200,flic_button_data_export_20251127.csv,1.534,1.534,1,flic_button_data_export_20251127.csv::1,1.534,2025-11-27T00:06:20.323000+0200,2025-11-27T00:09:40.042000+0200,122,199.719,1.555,1.768,fast ~1.53s,,Aplicom A11 001,,80E4DA7EC61B,-72,,60.236159,23.584966,0101000020E61000009E45EF54C0953740FAD346753A1E4E40,,,,,,,,,,,
19073462,2025-11-27T00:06:32.885000+0200,flic_button_data_export_20251127.csv,1.523,1.523,1,flic_button_data_export_20251127.csv::1,1.523,2025-11-27T00:06:20.323000+0200,2025-11-27T00:09:40.042000+0200,122,199.719,1.555,1.768,fast ~1.53s,,Aplicom A11 001,,80E4DA7EC61B,-89,20106.0,60.236338,23.584597,0101000020E6100000F7562426A8953740AA66D652401E4E40,,,,,,,,,,,
19073503,2025-11-27T00:06:36.186000+0200,flic_button_data_export_20251127.csv,3.301,3.301,1,flic_button_data_export_20251127.csv::1,3.301,2025-11-27T00:06:20.323000+0200,2025-11-27T00:09:40.042000+0200,122,199.719,1.555,1.768,fast ~1.53s,,Aplicom A11 001,,80E4DA7EC61B,-73,,60.236756,23.58371,0101000020E61000002159C0046E953740DE9046054E1E4E40,,,,,,,,,,,
19073504,2025-11-27T00:06:37.722000+0200,flic_button_data_export_20251127.csv,1.536,1.536,1,flic_button_data_export_20251127.csv::1,1.536,2025-11-27T00:06:20.323000+0200,2025-11-27T00:09:40.042000+0200,122,199.719,1.555,1.768,fast ~1.53s,,Aplicom A11 001,,80E4DA7EC61B,-67,,60.23693,23.583309,0101000020E6100000647616BD539537407CB8E4B8531E4E40,,,,,,,,,,,
19073505,2025-11-27T00:06:39.263000+0200,flic_button_data_export_20251127.csv,1.541,1.541,1,flic_button_data_export_20251127.csv::1,1.541,2025-11-27T00:06:20.323000+0200,2025-11-27T00:09:40.042000+0200,122,199.719,1.555,1.768,fast ~1.53s,,Aplicom A11 001,,80E4DA7EC61B,-70,,60.237101,23.582893,0101000020E61000003C11C47938953740A96C5853591E4E40,,,,,,,,,,,
19073506,2025-11-27T00:06:40.787000+0200,flic_button_data_export_20251127.csv,1.524,1.524,1,flic_button_data_export_20251127.csv::1,1.524,2025-11-27T00:06:20.323000+0200,2025-11-27T00:09:40.042000+0200,122,199.719,1.555,1.768,fast ~1.53s,,Aplicom A11 001,,80E4DA7EC61B,-72,,60.237266,23.582461,0101000020E61000000932022A1C953740F33977BB5E1E4E40,,,,,,,,,,,
19073507,2025-11-27T00:06:42.307000+0200,flic_button_data_export_20251127.csv,1.52,1.52,1,flic_button_data_export_20251127.csv::1,1.52,2025-11-27T00:06:20.323000+0200,2025-11-27T00:09:40.042000+0200,122,199.719,1.555,1.768,fast ~1.53s,,Aplicom A11 001,,80E4DA7EC61B,-60,,60.237427,23.582015,0101000020E61000000CC85EEFFE943740FC170802641E4E40,,,,,,,,,,,
19073508,2025-11-27T00:06:43.830000+0200,flic_button_data_export_20251127.csv,1.523,1.523,1,flic_button_data_export_20251127.csv::1,1.523,2025-11-27T00:06:20.323000+0200,2025-11-27T00:09:40.042000+0200,122,199.719,1.555,1.768,fast ~1.53s,,Aplicom A11 001,,80E4DA7EC61B,-70,,60.237582,23.58155,0101000020E610000022FDF675E0943740240F4416691E4E40,,,,,,,,,,,
19073509,2025-11-27T00:06:45.389000+0200,flic_button_data_export_20251127.csv,1.559,1.559,1,flic_button_data_export_20251127.csv::1,1.559,2025-11-27T00:06:20.323000+0200,2025-11-27T00:09:40.042000+0200,122,199.719,1.555,1.768,fast ~1.53s,,Aplicom A11 001,,80E4DA7EC61B,-63,,60.237734,23.581073,0101000020E6100000AF963B33C1943740DA9255116E1E4E40,,,,,,,,,,,
19073510,2025-11-27T00:06:46.911000+0200,flic_button_data_export_20251127.csv,1.522,1.522,1,flic_button_data_export_20251127.csv::1,1.522,2025-11-27T00:06:20.323000+0200,2025-11-27T00:09:40.042000+0200,122,199.719,1.555,1.768,fast ~1.53s,,Aplicom A11 001,,80E4DA7EC61B,-55,,60.237881,23.580583,0101000020E6100000139D6516A19437407EAB75E2721E4E40,,,,,,,,,,,
19073511,2025-11-27T00:06:48.609000+0200,flic_button_data_export_20251127.csv,1.698,1.698,1,flic_button_data_export_20251127.csv::1,1.698,2025-11-27T00:06:20.323000+0200,2025-11-27T00:09:40.042000+0200,122,199.719,1.555,1.768,fast ~1.53s,,Aplicom A11 001,,80E4DA7EC61B,-65,,60.238056,23.57991,0101000020E6100000959F54FB74943740EC4E779E781E4E40,,,,,,,,,,,
19073512,2025-11-27T00:06:50.126000+0200,flic_button_data_export_20251127.csv,1.517,1.517,1,flic_button_data_export_20251127.csv::1,1.517,2025-11-27T00:06:20.323000+0200,2025-11-27T00:09:40.042000+0200,122,199.719,1.555,1.768,fast ~1.53s,,Aplicom A11 001,,80E4DA7EC61B,-68,,60.238183,23.5794,0101000020E61000006A4DF38E5394374049BBD1C77C1E4E40,,,,,,,,,,,
19073513,2025-11-27T00:06:51.652000+0200,flic_button_data_export_20251127.csv,1.526,1.526,1,flic_button_data_export_20251127.csv::1,1.526,2025-11-27T00:06:20.323000+0200,2025-11-27T00:09:40.042000+0200,122,199.719,1.555,1.768,fast ~1.53s,,Aplicom A11 001,,80E4DA7EC61B,-72,,60.238298,23.578882,0101000020E61000003A3E5A9C31943740E259828C801E4E40,,,,,,,,,,,
19073514,2025-11-27T00:06:54.797000+0200,flic_button_data_export_20251127.csv,3.145,3.145,1,flic_button_data_export_20251127.csv::1,3.145,2025-11-27T00:06:20.323000+0200,2025-11-27T00:09:40.042000+0200,122,199.719,1.555,1.768,fast ~1.53s,,Aplicom A11 001,,80E4DA7EC61B,-79,,60.238512,23.577818,0101000020E6100000460A65E1EB9337400EDAAB8F871E4E40,,,,,,,,,,,
19073515,2025-11-27T00:06:56.316000+0200,flic_button_data_export_20251127.csv,1.519,1.519,1,flic_button_data_export_20251127.csv::1,1.519,2025-11-27T00:06:20.323000+0200,2025-11-27T00:09:40.042000+0200,122,199.719,1.555,1.768,fast ~1.53s,,Aplicom A11 001,,80E4DA7EC61B,-73,,60.238605,23.577274,0101000020E6100000C3D4963AC8933740BFD4CF9B8A1E4E40,,,,,,,,,,,
19073516,2025-11-27T00:06:57.833000+0200,flic_button_data_export_20251127.csv,1.517,1.517,1,flic_button_data_export_20251127.csv::1,1.517,2025-11-27T00:06:20.323000+0200,2025-11-27T00:09:40.042000+0200,122,199.719,1.555,1.768,fast ~1.53s,,Aplicom A11 001,,80E4DA7EC61B,-66,,60.238694,23.576725,0101000020E61000001DC9E53FA49337402FE065868D1E4E40,,,,,,,,,,,
19073517,2025-11-27T00:06:59.390000+0200,flic_button_data_export_20251127.csv,1.557,1.557,1,flic_button_data_export_20251127.csv::1,1.557,2025-11-27T00:06:20.323000+0200,2025-11-27T00:09:40.042000+0200,122,199.719,1.555,1.768,fast ~1.53s,,Aplicom A11 001,,80E4DA7EC61B,-72,,60.238776,23.576167,0101000020E6100000D10836AE7F933740EC884336901E4E40,,,,,,,,,,,
19073518,2025-11-27T00:07:01.011000+0200,flic_button_data_export_20251127.csv,1.621,1.621,1,flic_button_data_export_20251127.csv::1,1.621,2025-11-27T00:06:20.323000+0200,2025-11-27T00:09:40.042000+0200,122,199.719,1.555,1.768,fast ~1.53s,,Aplicom A11 001,,80E4DA7EC61B,-80,,60.238874,23.575419,0101000020E61000003D7FDAA84E933740AFEE586C931E4E40,,,,,,,,,,,
19073519,2025-11-27T00:07:02.790000+0200,flic_button_data_export_20251127.csv,1.779,1.779,1,flic_button_data_export_20251127.csv::1,1.779,2025-11-27T00:06:20.323000+0200,2025-11-27T00:09:40.042000+0200,122,199.719,1.555,1.768,fast ~1.53s,,Aplicom A11 001,,80E4DA7EC61B,-61,,60.23894,23.574854,0101000020E61000008BF9B9A12993374066DAFE95951E4E40,,,,,,,,,,,
19073521,2025-11-27T00:07:04.312000+0200,flic_button_data_export_20251127.csv,1.522,1.522,1,flic_button_data_export_20251127.csv::1,1.522,2025-11-27T00:06:20.323000+0200,2025-11-27T00:09:40.042000+0200,122,199.719,1.555,1.768,fast ~1.53s,,Aplicom A11 001,,80E4DA7EC61B,-64,,60.239001,23.574287,0101000020E610000099840B79049337400C5BB395971E4E40,,,,,,,,,,,
19073523,2025-11-27T00:07:05.833000+0200,flic_button_data_export_20251127.csv,1.521,1.521,1,flic_button_data_export_20251127.csv::1,1.521,2025-11-27T00:06:20.323000+0200,2025-11-27T00:09:40.042000+0200,122,199.719,1.555,1.768,fast ~1.53s,,Aplicom A11 001,,80E4DA7EC61B,-87,,60.239055,23.573715,0101000020E610000082397AFCDE923740FF78AF5A991E4E40,,,,,,,,,,,
19073524,2025-11-27T00:07:07.407000+0200,flic_button_data_export_20251127.csv,1.574,1.574,1,flic_button_data_export_20251127.csv::1,1.574,2025-11-27T00:06:20.323000+0200,2025-11-27T00:09:40.042000+0200,122,199.719,1.555,1.768,fast ~1.53s,,Aplicom A11 001,,80E4DA7EC61B,-72,20106.0,60.239103,23.573141,0101000020E61000002AFF5A5EB992374010B056ED9A1E4E40,,,,,,,,,,,
19073525,2025-11-27T00:07:08.946000+0200,flic_button_data_export_20251127.csv,1.539,1.539,1,flic_button_data_export_20251127.csv::1,1.539,2025-11-27T00:06:20.323000+0200,2025-11-27T00:09:40.042000+0200,122,199.719,1.555,1.768,fast ~1.53s,,Aplicom A11 001,,80E4DA7EC61B,-66,,60.239164,23.572374,0101000020E6100000A9143B1A87923740B6300BED9C1E4E40,,,,,,,,,,,
19073526,2025-11-27T00:07:10.476000+0200,flic_button_data_export_20251127.csv,1.53,1.53,1,flic_button_data_export_20251127.csv::1,1.53,2025-11-27T00:06:20.323000+0200,2025-11-27T00:09:40.042000+0200,122,199.719,1.555,1.768,fast ~1.53s,,Aplicom A11 001,,80E4DA7EC61B,-64,,60.239188,23.571987,0101000020E6100000B6BC72BD6D9237403ECC5EB69D1E4E40,,,,,,,,,,,
19073527,2025-11-27T00:07:12.035000+0200,flic_button_data_export_20251127.csv,1.559,1.559,1,flic_button_data_export_20251127.csv::1,1.559,2025-11-27T00:06:20.323000+0200,2025-11-27T00:09:40.042000+0200,122,199.719,1.555,1.768,fast ~1.53s,,Aplicom A11 001,,80E4DA7EC61B,-70,,60.239228,23.571212,0101000020E61000002F151BF33A923740CC24EA059F1E4E40,,,,,,,,,,,
19073528,2025-11-27T00:07:13.578000+0200,flic_button_data_export_20251127.csv,1.543,1.543,1,flic_button_data_export_20251127.csv::1,1.543,2025-11-27T00:06:20.323000+0200,2025-11-27T00:09:40.042000+0200,122,199.719,1.555,1.768,fast ~1.53s,,Aplicom A11 001,,80E4DA7EC61B,-68,,60.239248,23.570629,0101000020E61000003126FDBD1492374014D1AFAD9F1E4E40,,,,,,,,,,,
19073529,2025-11-27T00:07:15.107000+0200,flic_button_data_export_20251127.csv,1.529,1.529,1,flic_button_data_export_20251127.csv::1,1.529,2025-11-27T00:06:20.323000+0200,2025-11-27T00:09:40.042000+0200,122,199.719,1.555,1.768,fast ~1.53s,,Aplicom A11 001,,80E4DA7EC61B,-60,,60.239262,23.570045,0101000020E6100000923F1878EE91374078962023A01E4E40,,,,,,,,,,,
19073530,2025-11-27T00:07:16.634000+0200,flic_button_data_export_20251127.csv,1.527,1.527,1,flic_button_data_export_20251127.csv::1,1.527,2025-11-27T00:06:20.323000+0200,2025-11-27T00:09:40.042000+0200,122,199.719,1.555,1.768,fast ~1.53s,,Aplicom A11 001,,80E4DA7EC61B,-74,,60.239271,23.569463,0101000020E61000003448C153C8913740CCF09F6EA01E4E40,,,,,,,,,,,
19073531,2025-11-27T00:07:18.202000+0200,flic_button_data_export_20251127.csv,1.568,1.568,1,flic_button_data_export_20251127.csv::1,1.568,2025-11-27T00:06:20.323000+0200,2025-11-27T00:09:40.042000+0200,122,199.719,1.555,1.768,fast ~1.53s,,Aplicom A11 001,,80E4DA7EC61B,-71,,60.239272,23.56888,0101000020E61000003659A31EA29137409C6C0377A01E4E40,,,,,,,,,,,
19073532,2025-11-27T00:07:20.355000+0200,flic_button_data_export_20251127.csv,2.153,2.153,1,flic_button_data_export_20251127.csv::1,2.153,2025-11-27T00:06:20.323000+0200,2025-11-27T00:09:40.042000+0200,122,199.719,1.555,1.768,fast ~1.53s,,Aplicom A11 001,,80E4DA7EC61B,-70,,60.239272,23.568491,0101000020E610000002124DA0889137409C6C0377A01E4E40,,,,,,,,,,,
19073533,2025-11-27T00:07:21.971000+0200,flic_button_data_export_20251127.csv,1.616,1.616,1,flic_button_data_export_20251127.csv::1,1.616,2025-11-27T00:06:20.323000+0200,2025-11-27T00:09:40.042000+0200,122,199.719,1.555,1.768,fast ~1.53s,,Aplicom A11 001,,80E4DA7EC61B,-63,,60.23927,23.567322,0101000020E6100000234DBC033C913740FB743C66A01E4E40,,,,,,,,,,,
19073534,2025-11-27T00:07:23.490000+0200,flic_button_data_export_20251127.csv,1.519,1.519,1,flic_button_data_export_20251127.csv::1,1.519,2025-11-27T00:06:20.323000+0200,2025-11-27T00:09:40.042000+0200,122,199.719,1.555,1.768,fast ~1.53s,,Aplicom A11 001,,80E4DA7EC61B,-65,,60.239262,23.56674,0101000020E6100000C55565DF1591374078962023A01E4E40,,,,,,,,,,,
19073535,2025-11-27T00:07:25.014000+0200,flic_button_data_export_20251127.csv,1.524,1.524,1,flic_button_data_export_20251127.csv::1,1.524,2025-11-27T00:06:20.323000+0200,2025-11-27T00:09:40.042000+0200,122,199.719,1.555,1.768,fast ~1.53s,,Aplicom A11 001,,80E4DA7EC61B,-63,,60.239255,23.566155,0101000020E61000008577B988EF903740C63368E89F1E4E40,,,,,,,,,,,
19073536,2025-11-27T00:07:26.616000+0200,flic_button_data_export_20251127.csv,1.602,1.602,1,flic_button_data_export_20251127.csv::1,1.602,2025-11-27T00:06:20.323000+0200,2025-11-27T00:09:40.042000+0200,122,199.719,1.555,1.768,fast ~1.53s,,Aplicom A11 001,,80E4DA7EC61B,-81,,60.239248,23.565571,0101000020E6100000E690D442C990374014D1AFAD9F1E4E40,,,,,,,,,,,
19073537,2025-11-27T00:07:28.198000+0200,flic_button_data_export_20251127.csv,1.582,1.582,1,flic_button_data_export_20251127.csv::1,1.582,2025-11-27T00:06:20.323000+0200,2025-11-27T00:09:40.042000+0200,122,199.719,1.555,1.768,fast ~1.53s,,Aplicom A11 001,,80E4DA7EC61B,-66,,60.239249,23.564986,0101000020E6100000A7B228ECA2903740E44C13B69F1E4E40,,,,,,,,,,,
19073538,2025-11-27T00:07:29.715000+0200,flic_button_data_export_20251127.csv,1.517,1.517,1,flic_button_data_export_20251127.csv::1,1.517,2025-11-27T00:06:20.323000+0200,2025-11-27T00:09:40.042000+0200,122,199.719,1.555,1.768,fast ~1.53s,,Aplicom A11 001,,80E4DA7EC61B,-65,,60.239251,23.564403,0101000020E6100000A8C30AB77C9037408544DAC69F1E4E40,,,,,,,,,,,
19073539,2025-11-27T00:07:31.260000+0200,flic_button_data_export_20251127.csv,1.545,1.545,1,flic_button_data_export_20251127.csv::1,1.545,2025-11-27T00:06:20.323000+0200,2025-11-27T00:09:40.042000+0200,122,199.719,1.555,1.768,fast ~1.53s,,Aplicom A11 001,,80E4DA7EC61B,-65,,60.239258,23.563819,0101000020E610000009DD25715690374037A79201A01E4E40,,,,,,,,,,,
19073540,2025-11-27T00:07:32.807000+0200,flic_button_data_export_20251127.csv,1.547,1.547,1,flic_button_data_export_20251127.csv::1,1.547,2025-11-27T00:06:20.323000+0200,2025-11-27T00:09:40.042000+0200,122,199.719,1.555,1.768,fast ~1.53s,,Aplicom A11 001,,80E4DA7EC61B,-66,,60.239273,23.563233,0101000020E61000002907B309309037406CE8667FA01E4E40,,,,,,,,,,,
19073541,2025-11-27T00:07:34.353000+0200,flic_button_data_export_20251127.csv,1.546,1.546,1,flic_button_data_export_20251127.csv::1,1.546,2025-11-27T00:06:20.323000+0200,2025-11-27T00:09:40.042000+0200,122,199.719,1.555,1.768,fast ~1.53s,,Aplicom A11 001,,80E4DA7EC61B,-67,,60.239293,23.562649,0101000020E61000008A20CEC309903740B4942C27A11E4E40,,,,,,,,,,,
19073542,2025-11-27T00:07:35.898000+0200,flic_button_data_export_20251127.csv,1.545,1.545,1,flic_button_data_export_20251127.csv::1,1.545,2025-11-27T00:06:20.323000+0200,2025-11-27T00:09:40.042000+0200,122,199.719,1.555,1.768,fast ~1.53s,,Aplicom A11 001,,80E4DA7EC61B,-66,,60.239322,23.562067,0101000020E61000002C29779FE38F37404E9B711AA21E4E40,,,,,,,,,,,
19073543,2025-11-27T00:07:39.208000+0200,flic_button_data_export_20251127.csv,3.31,3.31,1,flic_button_data_export_20251127.csv::1,3.31,2025-11-27T00:06:20.323000+0200,2025-11-27T00:09:40.042000+0200,122,199.719,1.555,1.768,fast ~1.53s,,Aplicom A11 001,,80E4DA7EC61B,-70,,60.239408,23.560712,0101000020E6100000897956D28A8F37404C33DDEBA41E4E40,,,,,,,,,,,
19073544,2025-11-27T00:07:40.774000+0200,flic_button_data_export_20251127.csv,1.566,1.566,1,flic_button_data_export_20251127.csv::1,1.566,2025-11-27T00:06:20.323000+0200,2025-11-27T00:09:40.042000+0200,122,199.719,1.555,1.768,fast ~1.53s,,Aplicom A11 001,,80E4DA7EC61B,-56,,60.239457,23.560134,0101000020E6100000AF601BF1648F37402EE6E786A61E4E40,,,,,,,,,,,
19073545,2025-11-27T00:07:42.294000+0200,flic_button_data_export_20251127.csv,1.52,1.52,1,flic_button_data_export_20251127.csv::1,1.52,2025-11-27T00:06:20.323000+0200,2025-11-27T00:09:40.042000+0200,122,199.719,1.555,1.768,fast ~1.53s,,Aplicom A11 001,,80E4DA7EC61B,-54,,60.239504,23.559555,0101000020E6100000335019FF3E8F37406EA12B11A81E4E40,,,,,,,,,,,
19073546,2025-11-27T00:07:43.840000+0200,flic_button_data_export_20251127.csv,1.546,1.546,1,flic_button_data_export_20251127.csv::1,1.546,2025-11-27T00:06:20.323000+0200,2025-11-27T00:09:40.042000+0200,122,199.719,1.555,1.768,fast ~1.53s,,Aplicom A11 001,,80E4DA7EC61B,-61,20106.0,60.239563,23.55898,0101000020E61000003A1E3350198F3740732A1900AA1E4E40,,,,,,,,,,,
19073547,2025-11-27T00:07:45.389000+0200,flic_button_data_export_20251127.csv,1.549,1.549,1,flic_button_data_export_20251127.csv::1,1.549,2025-11-27T00:06:20.323000+0200,2025-11-27T00:09:40.042000+0200,122,199.719,1.555,1.768,fast ~1.53s,,Aplicom A11 001,,80E4DA7EC61B,-73,,60.239631,23.558408,0101000020E610000024D3A1D3F38E3740CC0D863AAC1E4E40,,,,,,,,,,,
19073548,2025-11-27T00:07:46.911000+0200,flic_button_data_export_20251127.csv,1.522,1.522,1,flic_button_data_export_20251127.csv::1,1.522,2025-11-27T00:06:20.323000+0200,2025-11-27T00:09:40.042000+0200,122,199.719,1.555,1.768,fast ~1.53s,,Aplicom A11 001,,80E4DA7EC61B,-62,,60.239698,23.557838,0101000020E61000004F779E78CE8E374053758F6CAE1E4E40,,,,,,,,,,,
19073549,2025-11-27T00:07:48.490000+0200,flic_button_data_export_20251127.csv,1.579,1.579,1,flic_button_data_export_20251127.csv::1,1.579,2025-11-27T00:06:20.323000+0200,2025-11-27T00:09:40.042000+0200,122,199.719,1.555,1.768,fast ~1.53s,,Aplicom A11 001,,80E4DA7EC61B,-65,,60.239771,23.557269,0101000020E61000001B13622EA98E3740BDC3EDD0B01E4E40,,,,,,,,,,,
19073550,2025-11-27T00:07:50.019000+0200,flic_button_data_export_20251127.csv,1.529,1.529,1,flic_button_data_export_20251127.csv::1,1.529,2025-11-27T00:06:20.323000+0200,2025-11-27T00:09:40.042000+0200,122,199.719,1.555,1.768,fast ~1.53s,,Aplicom A11 001,,80E4DA7EC61B,-62,,60.239875,23.556515,0101000020E6100000C3BB5CC4778E374062105839B41E4E40,,,,,,,,,,,
19073551,2025-11-27T00:07:51.787000+0200,flic_button_data_export_20251127.csv,1.768,1.768,1,flic_button_data_export_20251127.csv::1,1.768,2025-11-27T00:06:20.323000+0200,2025-11-27T00:09:40.042000+0200,122,199.719,1.555,1.768,fast ~1.53s,,Aplicom A11 001,,80E4DA7EC61B,-62,,60.239957,23.555953,0101000020E6100000F31C91EF528E37401FB935E9B61E4E40,,,,,,,,,,,
19073552,2025-11-27T00:07:53.310000+0200,flic_button_data_export_20251127.csv,1.523,1.523,1,flic_button_data_export_20251127.csv::1,1.523,2025-11-27T00:06:20.323000+0200,2025-11-27T00:09:40.042000+0200,122,199.719,1.555,1.768,fast ~1.53s,,Aplicom A11 001,,80E4DA7EC61B,-54,,60.240044,23.555397,0101000020E6100000E84B6F7F2E8E3740EECC04C3B91E4E40,,,,,,,,,,,
19073553,2025-11-27T00:07:54.958000+0200,flic_button_data_export_20251127.csv,1.648,1.648,1,flic_button_data_export_20251127.csv::1,1.648,2025-11-27T00:06:20.323000+0200,2025-11-27T00:09:40.042000+0200,122,199.719,1.555,1.768,fast ~1.53s,,Aplicom A11 001,,80E4DA7EC61B,-71,,60.240165,23.554668,0101000020E61000004223D8B8FE8D374069520ABABD1E4E40,,,,,,,,,,,
19073554,2025-11-27T00:07:56.475000+0200,flic_button_data_export_20251127.csv,1.517,1.517,1,flic_button_data_export_20251127.csv::1,1.517,2025-11-27T00:06:20.323000+0200,2025-11-27T00:09:40.042000+0200,122,199.719,1.555,1.768,fast ~1.53s,,Aplicom A11 001,,80E4DA7EC61B,-59,,60.240263,23.554124,0101000020E6100000C0ED0912DB8D37402CB81FF0C01E4E40,,,,,,,,,,,
19073555,2025-11-27T00:07:58.039000+0200,flic_button_data_export_20251127.csv,1.564,1.564,1,flic_button_data_export_20251127.csv::1,1.564,2025-11-27T00:06:20.323000+0200,2025-11-27T00:09:40.042000+0200,122,199.719,1.555,1.768,fast ~1.53s,,Aplicom A11 001,,80E4DA7EC61B,-61,,60.240367,23.553575,0101000020E610000019E25817B78D3740D1048A58C41E4E40,,,,,,,,,,,
19073556,2025-11-27T00:07:59.577000+0200,flic_button_data_export_20251127.csv,1.538,1.538,1,flic_button_data_export_20251127.csv::1,1.538,2025-11-27T00:06:20.323000+0200,2025-11-27T00:09:40.042000+0200,122,199.719,1.555,1.768,fast ~1.53s,,Aplicom A11 001,,80E4DA7EC61B,-65,,60.240478,23.55303,0101000020E6100000F6B4C35F938D374029B4ACFBC71E4E40,,,,,,,,,,,
19073557,2025-11-27T00:08:01.102000+0200,flic_button_data_export_20251127.csv,1.525,1.525,1,flic_button_data_export_20251127.csv::1,1.525,2025-11-27T00:06:20.323000+0200,2025-11-27T00:09:40.042000+0200,122,199.719,1.555,1.768,fast ~1.53s,,Aplicom A11 001,,80E4DA7EC61B,-75,,60.240591,23.552489,0101000020E610000056664AEB6F8D3740215B96AFCB1E4E40,,,,,,,,,,,
19073558,2025-11-27T00:08:02.647000+0200,flic_button_data_export_20251127.csv,1.545,1.545,1,flic_button_data_export_20251127.csv::1,1.545,2025-11-27T00:06:20.323000+0200,2025-11-27T00:09:40.042000+0200,122,199.719,1.555,1.768,fast ~1.53s,,Aplicom A11 001,,80E4DA7EC61B,-80,,60.240707,23.551951,0101000020E610000097FE25A94C8D37408A75AA7CCF1E4E40,,,,,,,,,,,
19073559,2025-11-27T00:08:04.238000+0200,flic_button_data_export_20251127.csv,1.591,1.591,1,flic_button_data_export_20251127.csv::1,1.591,2025-11-27T00:06:20.323000+0200,2025-11-27T00:09:40.042000+0200,122,199.719,1.555,1.768,fast ~1.53s,,Aplicom A11 001,,80E4DA7EC61B,-63,,60.240828,23.55142,0101000020E61000003E5C72DC298D374005FBAF73D31E4E40,,,,,,,,,,,
19073560,2025-11-27T00:08:05.813000+0200,flic_button_data_export_20251127.csv,1.575,1.575,1,flic_button_data_export_20251127.csv::1,1.575,2025-11-27T00:06:20.323000+0200,2025-11-27T00:09:40.042000+0200,122,199.719,1.555,1.768,fast ~1.53s,,Aplicom A11 001,,80E4DA7EC61B,-63,,60.24095,23.550895,0101000020E6100000A9876874078D374050FC1873D71E4E40,,,,,,,,,,,
19073561,2025-11-27T00:08:07.425000+0200,flic_button_data_export_20251127.csv,1.612,1.612,1,flic_button_data_export_20251127.csv::1,1.612,2025-11-27T00:06:20.323000+0200,2025-11-27T00:09:40.042000+0200,122,199.719,1.555,1.768,fast ~1.53s,,Aplicom A11 001,,80E4DA7EC61B,-65,,60.241076,23.550374,0101000020E610000097917A4FE58C3740DDEC0F94DB1E4E40,,,,,,,,,,,
19073562,2025-11-27T00:08:09.033000+0200,flic_button_data_export_20251127.csv,1.608,1.608,1,flic_button_data_export_20251127.csv::1,1.608,2025-11-27T00:06:20.323000+0200,2025-11-27T00:09:40.042000+0200,122,199.719,1.555,1.768,fast ~1.53s,,Aplicom A11 001,,80E4DA7EC61B,-68,,60.241206,23.549854,0101000020E61000002593533BC38C3740ABCC94D6DF1E4E40,,,,,,,,,,,
19073563,2025-11-27T00:08:10.579000+0200,flic_button_data_export_20251127.csv,1.546,1.546,1,flic_button_data_export_20251127.csv::1,1.546,2025-11-27T00:06:20.323000+0200,2025-11-27T00:09:40.042000+0200,122,199.719,1.555,1.768,fast ~1.53s,,Aplicom A11 001,,80E4DA7EC61B,-71,,60.241383,23.549168,0101000020E61000007E022846968C3740BA675DA3E51E4E40,,,,,,,,,,,
19073564,2025-11-27T00:08:12.098000+0200,flic_button_data_export_20251127.csv,1.519,1.519,1,flic_button_data_export_20251127.csv::1,1.519,2025-11-27T00:06:20.323000+0200,2025-11-27T00:09:40.042000+0200,122,199.719,1.555,1.768,fast ~1.53s,,Aplicom A11 001,,80E4DA7EC61B,-60,,60.241522,23.548659,0101000020E6100000F4A78DEA748C3740DCA16131EA1E4E40,,,,,,,,,,,
19073565,2025-11-27T00:08:13.622000+0200,flic_button_data_export_20251127.csv,1.524,1.524,1,flic_button_data_export_20251127.csv::1,1.524,2025-11-27T00:06:20.323000+0200,2025-11-27T00:09:40.042000+0200,122,199.719,1.555,1.768,fast ~1.53s,,Aplicom A11 001,,80E4DA7EC61B,-62,,60.241661,23.548149,0101000020E6100000C9552C7E538C3740FDDB65BFEE1E4E40,,,,,,,,,,,
19073566,2025-11-27T00:08:15.181000+0200,flic_button_data_export_20251127.csv,1.559,1.559,1,flic_button_data_export_20251127.csv::1,1.559,2025-11-27T00:06:20.323000+0200,2025-11-27T00:09:40.042000+0200,122,199.719,1.555,1.768,fast ~1.53s,,Aplicom A11 001,,80E4DA7EC61B,-62,,60.241803,23.547641,0101000020E6100000E0F25833328C37408F899466F31E4E40,,,,,,,,,,,
19073567,2025-11-27T00:08:16.766000+0200,flic_button_data_export_20251127.csv,1.585,1.585,1,flic_button_data_export_20251127.csv::1,1.585,2025-11-27T00:06:20.323000+0200,2025-11-27T00:09:40.042000+0200,122,199.719,1.555,1.768,fast ~1.53s,,Aplicom A11 001,,80E4DA7EC61B,-71,20106.0,60.241945,23.547133,0101000020E6100000F78F85E8108C37402237C30DF81E4E40,,,,,,,,,,,
19073568,2025-11-27T00:08:18.295000+0200,flic_button_data_export_20251127.csv,1.529,1.529,1,flic_button_data_export_20251127.csv::1,1.529,2025-11-27T00:06:20.323000+0200,2025-11-27T00:09:40.042000+0200,122,199.719,1.555,1.768,fast ~1.53s,,Aplicom A11 001,,80E4DA7EC61B,-68,,60.242088,23.546624,0101000020E61000006E35EB8CEF8B3740856055BDFC1E4E40,,,,,,,,,,,
19073569,2025-11-27T00:08:20.486000+0200,flic_button_data_export_20251127.csv,2.191,2.191,1,flic_button_data_export_20251127.csv::1,2.191,2025-11-27T00:06:20.323000+0200,2025-11-27T00:09:40.042000+0200,122,199.719,1.555,1.768,fast ~1.53s,,Aplicom A11 001,,80E4DA7EC61B,-67,,60.242231,23.546115,0101000020E6100000E4DA5031CE8B3740E789E76C011F4E40,,,,,,,,,,,
19073570,2025-11-27T00:08:22.213000+0200,flic_button_data_export_20251127.csv,1.727,1.727,1,flic_button_data_export_20251127.csv::1,1.727,2025-11-27T00:06:20.323000+0200,2025-11-27T00:09:40.042000+0200,122,199.719,1.555,1.768,fast ~1.53s,,Aplicom A11 001,,80E4DA7EC61B,-65,,60.242464,23.545266,0101000020E6100000E99E758D968B37408A3A730F091F4E40,,,,,,,,,,,
19073571,2025-11-27T00:08:23.844000+0200,flic_button_data_export_20251127.csv,1.631,1.631,1,flic_button_data_export_20251127.csv::1,1.631,2025-11-27T00:06:20.323000+0200,2025-11-27T00:09:40.042000+0200,122,199.719,1.555,1.768,fast ~1.53s,,Aplicom A11 001,,80E4DA7EC61B,-75,,60.242599,23.544752,0101000020E61000003B6EF8DD748B37406A85E97B0D1F4E40,,,,,,,,,,,
19073572,2025-11-27T00:08:25.441000+0200,flic_button_data_export_20251127.csv,1.597,1.597,1,flic_button_data_export_20251127.csv::1,1.597,2025-11-27T00:06:20.323000+0200,2025-11-27T00:09:40.042000+0200,122,199.719,1.555,1.768,fast ~1.53s,,Aplicom A11 001,,80E4DA7EC61B,-69,,60.242771,23.544059,0101000020E61000002F185C73478B374067B5C01E131F4E40,,,,,,,,,,,
19073574,2025-11-27T00:08:27.189000+0200,flic_button_data_export_20251127.csv,1.748,1.748,1,flic_button_data_export_20251127.csv::1,1.748,2025-11-27T00:06:20.323000+0200,2025-11-27T00:09:40.042000+0200,122,199.719,1.555,1.768,fast ~1.53s,,Aplicom A11 001,,80E4DA7EC61B,-76,,60.2429,23.543536,0101000020E6100000DB32E02C258B37406519E258171F4E40,,,,,,,,,,,
19073576,2025-11-27T00:08:28.842000+0200,flic_button_data_export_20251127.csv,1.653,1.653,1,flic_button_data_export_20251127.csv::1,1.653,2025-11-27T00:06:20.323000+0200,2025-11-27T00:09:40.042000+0200,122,199.719,1.555,1.768,fast ~1.53s,,Aplicom A11 001,,80E4DA7EC61B,-70,,60.243025,23.543008,0101000020E610000064778192028B3740228E75711B1F4E40,,,,,,,,,,,
19073577,2025-11-27T00:08:30.426000+0200,flic_button_data_export_20251127.csv,1.584,1.584,1,flic_button_data_export_20251127.csv::1,1.584,2025-11-27T00:06:20.323000+0200,2025-11-27T00:09:40.042000+0200,122,199.719,1.555,1.768,fast ~1.53s,,Aplicom A11 001,,80E4DA7EC61B,-62,,60.24315,23.542476,0101000020E61000006ADD06B5DF8A3740DE02098A1F1F4E40,,,,,,,,,,,
19073578,2025-11-27T00:08:32.007000+0200,flic_button_data_export_20251127.csv,1.581,1.581,1,flic_button_data_export_20251127.csv::1,1.581,2025-11-27T00:06:20.323000+0200,2025-11-27T00:09:40.042000+0200,122,199.719,1.555,1.768,fast ~1.53s,,Aplicom A11 001,,80E4DA7EC61B,-77,,60.243308,23.54177,0101000020E610000034F44F70B18A3740766D6FB7241F4E40,,,,,,,,,,,
19073579,2025-11-27T00:08:33.562000+0200,flic_button_data_export_20251127.csv,1.555,1.555,1,flic_button_data_export_20251127.csv::1,1.555,2025-11-27T00:06:20.323000+0200,2025-11-27T00:09:40.042000+0200,122,199.719,1.555,1.768,fast ~1.53s,,Aplicom A11 001,,80E4DA7EC61B,-62,,60.243422,23.541241,0101000020E61000001C412AC58E8A37403F90BC73281F4E40,,,,,,,,,,,
19073580,2025-11-27T00:08:35.106000+0200,flic_button_data_export_20251127.csv,1.544,1.544,1,flic_button_data_export_20251127.csv::1,1.544,2025-11-27T00:06:20.323000+0200,2025-11-27T00:09:40.042000+0200,122,199.719,1.555,1.768,fast ~1.53s,,Aplicom A11 001,,80E4DA7EC61B,-81,,60.243531,23.540707,0101000020E6100000E1B721C66B8A3740F54718062C1F4E40,,,,,,,,,,,
19073581,2025-11-27T00:08:36.630000+0200,flic_button_data_export_20251127.csv,1.524,1.524,1,flic_button_data_export_20251127.csv::1,1.524,2025-11-27T00:06:20.323000+0200,2025-11-27T00:09:40.042000+0200,122,199.719,1.555,1.768,fast ~1.53s,,Aplicom A11 001,,80E4DA7EC61B,-67,,60.243634,23.540166,0101000020E61000004069A851488A3740CA181F662F1F4E40,,,,,,,,,,,
19073582,2025-11-27T00:08:38.179000+0200,flic_button_data_export_20251127.csv,1.549,1.549,1,flic_button_data_export_20251127.csv::1,1.549,2025-11-27T00:06:20.323000+0200,2025-11-27T00:09:40.042000+0200,122,199.719,1.555,1.768,fast ~1.53s,,Aplicom A11 001,,80E4DA7EC61B,-72,,60.243733,23.539615,0101000020E6100000596E6935248A37405DFA97A4321F4E40,,,,,,,,,,,
19073583,2025-11-27T00:08:41.430000+0200,flic_button_data_export_20251127.csv,3.251,3.251,1,flic_button_data_export_20251127.csv::1,3.251,2025-11-27T00:06:20.323000+0200,2025-11-27T00:09:40.042000+0200,122,199.719,1.555,1.768,fast ~1.53s,,Aplicom A11 001,,80E4DA7EC61B,-76,,60.24392,23.538503,0101000020E610000042CC2555DB893740906B43C5381F4E40,,,,,,,,,,,
19073584,2025-11-27T00:08:43.215000+0200,flic_button_data_export_20251127.csv,1.785,1.785,1,flic_button_data_export_20251127.csv::1,1.785,2025-11-27T00:06:20.323000+0200,2025-11-27T00:09:40.042000+0200,122,199.719,1.555,1.768,fast ~1.53s,,Aplicom A11 001,,80E4DA7EC61B,-69,,60.244035,23.537761,0101000020E6100000731074B4AA893740280AF4893C1F4E40,,,,,,,,,,,
19073585,2025-11-27T00:08:44.844000+0200,flic_button_data_export_20251127.csv,1.629,1.629,1,flic_button_data_export_20251127.csv::1,1.629,2025-11-27T00:06:20.323000+0200,2025-11-27T00:09:40.042000+0200,122,199.719,1.555,1.768,fast ~1.53s,,Aplicom A11 001,,80E4DA7EC61B,-59,,60.244114,23.537202,0101000020E61000008658FD1186893740753FA7203F1F4E40,,,,,,,,,,,
19073586,2025-11-27T00:08:46.440000+0200,flic_button_data_export_20251127.csv,1.596,1.596,1,flic_button_data_export_20251127.csv::1,1.596,2025-11-27T00:06:20.323000+0200,2025-11-27T00:09:40.042000+0200,122,199.719,1.555,1.768,fast ~1.53s,,Aplicom A11 001,,80E4DA7EC61B,-64,,60.244191,23.536642,0101000020E6100000F8A8BF5E61893740207D93A6411F4E40,,,,,,,,,,,
19073587,2025-11-27T00:08:48.030000+0200,flic_button_data_export_20251127.csv,1.59,1.59,1,flic_button_data_export_20251127.csv::1,1.59,2025-11-27T00:06:20.323000+0200,2025-11-27T00:09:40.042000+0200,122,199.719,1.555,1.768,fast ~1.53s,,Aplicom A11 001,,80E4DA7EC61B,-61,,60.244289,23.535892,0101000020E61000002330D63730893740E3E2A8DC441F4E40,,,,,,,,,,,
19073588,2025-11-27T00:08:49.743000+0200,flic_button_data_export_20251127.csv,1.713,1.713,1,flic_button_data_export_20251127.csv::1,1.713,2025-11-27T00:06:20.323000+0200,2025-11-27T00:09:40.042000+0200,122,199.719,1.555,1.768,fast ~1.53s,,Aplicom A11 001,,80E4DA7EC61B,-68,,60.244354,23.535324,0101000020E61000008FC360FE0A893740CA52EBFD461F4E40,,,,,,,,,,,
19073589,2025-11-27T00:08:51.293000+0200,flic_button_data_export_20251127.csv,1.55,1.55,1,flic_button_data_export_20251127.csv::1,1.55,2025-11-27T00:06:20.323000+0200,2025-11-27T00:09:40.042000+0200,122,199.719,1.555,1.768,fast ~1.53s,,Aplicom A11 001,,80E4DA7EC61B,-75,,60.244413,23.534756,0101000020E6100000FC56EBC4E5883740CFDBD8EC481F4E40,,,,,,,,,,,
19073590,2025-11-27T00:08:52.853000+0200,flic_button_data_export_20251127.csv,1.56,1.56,1,flic_button_data_export_20251127.csv::1,1.56,2025-11-27T00:06:20.323000+0200,2025-11-27T00:09:40.042000+0200,122,199.719,1.555,1.768,fast ~1.53s,,Aplicom A11 001,,80E4DA7EC61B,-61,,60.24447,23.534187,0101000020E6100000C7F2AE7AC0883740336DFFCA4A1F4E40,,,,,,,,,,,
19073591,2025-11-27T00:08:54.414000+0200,flic_button_data_export_20251127.csv,1.561,1.561,1,flic_button_data_export_20251127.csv::1,1.561,2025-11-27T00:06:20.323000+0200,2025-11-27T00:09:40.042000+0200,122,199.719,1.555,1.768,fast ~1.53s,,Aplicom A11 001,,80E4DA7EC61B,-68,,60.24454,23.533425,0101000020E61000006ADE718A8E8837402C4833164D1F4E40,,,,,,,,,,,
19073592,2025-11-27T00:08:55.961000+0200,flic_button_data_export_20251127.csv,1.547,1.547,1,flic_button_data_export_20251127.csv::1,1.547,2025-11-27T00:06:20.323000+0200,2025-11-27T00:09:40.042000+0200,122,199.719,1.555,1.768,fast ~1.53s,,Aplicom A11 001,,80E4DA7EC61B,-66,,60.244594,23.532854,0101000020E6100000F48AA71E698837401F662FDB4E1F4E40,,,,,,,,,,,
19073593,2025-11-27T00:08:57.483000+0200,flic_button_data_export_20251127.csv,1.522,1.522,1,flic_button_data_export_20251127.csv::1,1.522,2025-11-27T00:06:20.323000+0200,2025-11-27T00:09:40.042000+0200,122,199.719,1.555,1.768,fast ~1.53s,,Aplicom A11 001,,80E4DA7EC61B,-69,,60.244648,23.532282,0101000020E6100000DD3F16A24388374012842BA0501F4E40,,,,,,,,,,,
19073594,2025-11-27T00:08:59.035000+0200,flic_button_data_export_20251127.csv,1.552,1.552,1,flic_button_data_export_20251127.csv::1,1.552,2025-11-27T00:06:20.323000+0200,2025-11-27T00:09:40.042000+0200,122,199.719,1.555,1.768,fast ~1.53s,,Aplicom A11 001,,80E4DA7EC61B,-67,,60.244701,23.531709,0101000020E610000026FDBD141E8837403526C45C521F4E40,,,,,,,,,,,
19073595,2025-11-27T00:09:00.580000+0200,flic_button_data_export_20251127.csv,1.545,1.545,1,flic_button_data_export_20251127.csv::1,1.545,2025-11-27T00:06:20.323000+0200,2025-11-27T00:09:40.042000+0200,122,199.719,1.555,1.768,fast ~1.53s,,Aplicom A11 001,,80E4DA7EC61B,-80,,60.244754,23.531138,0101000020E6100000B0A9F3A8F887374058C85C19541F4E40,,,,,,,,,,,
19073596,2025-11-27T00:09:02.104000+0200,flic_button_data_export_20251127.csv,1.524,1.524,1,flic_button_data_export_20251127.csv::1,1.524,2025-11-27T00:06:20.323000+0200,2025-11-27T00:09:40.042000+0200,122,199.719,1.555,1.768,fast ~1.53s,,Aplicom A11 001,,80E4DA7EC61B,-76,,60.244809,23.530566,0101000020E61000009A5E622CD38737401B62BCE6551F4E40,,,,,,,,,,,
19073597,2025-11-27T00:09:04.033000+0200,flic_button_data_export_20251127.csv,1.929,1.929,1,flic_button_data_export_20251127.csv::1,1.929,2025-11-27T00:06:20.323000+0200,2025-11-27T00:09:40.042000+0200,122,199.719,1.555,1.768,fast ~1.53s,,Aplicom A11 001,,80E4DA7EC61B,-67,,60.244865,23.529996,0101000020E6100000C5025FD1AD873740AF777FBC571F4E40,,,,,,,,,,,
19073598,2025-11-27T00:09:05.618000+0200,flic_button_data_export_20251127.csv,1.585,1.585,1,flic_button_data_export_20251127.csv::1,1.585,2025-11-27T00:06:20.323000+0200,2025-11-27T00:09:40.042000+0200,122,199.719,1.555,1.768,fast ~1.53s,,Aplicom A11 001,,80E4DA7EC61B,-77,,60.244943,23.529237,0101000020E610000049D576137C8737402B31CF4A5A1F4E40,,,,,,,,,,,
19073599,2025-11-27T00:09:07.243000+0200,flic_button_data_export_20251127.csv,1.625,1.625,1,flic_button_data_export_20251127.csv::1,1.625,2025-11-27T00:06:20.323000+0200,2025-11-27T00:09:40.042000+0200,122,199.719,1.555,1.768,fast ~1.53s,,Aplicom A11 001,,80E4DA7EC61B,-74,,60.245004,23.528666,0101000020E6100000D481ACA756873740D1B1834A5C1F4E40,,,,,,,,,,,
19073600,2025-11-27T00:09:08.811000+0200,flic_button_data_export_20251127.csv,1.568,1.568,1,flic_button_data_export_20251127.csv::1,1.568,2025-11-27T00:06:20.323000+0200,2025-11-27T00:09:40.042000+0200,122,199.719,1.555,1.768,fast ~1.53s,,Aplicom A11 001,,80E4DA7EC61B,-61,,60.245071,23.528098,0101000020E61000004015376E3187374059198D7C5E1F4E40,,,,,,,,,,,
19073601,2025-11-27T00:09:10.351000+0200,flic_button_data_export_20251127.csv,1.54,1.54,1,flic_button_data_export_20251127.csv::1,1.54,2025-11-27T00:06:20.323000+0200,2025-11-27T00:09:40.042000+0200,122,199.719,1.555,1.768,fast ~1.53s,,Aplicom A11 001,,80E4DA7EC61B,-61,,60.24514,23.527529,0101000020E61000000CB1FA230C87374081785DBF601F4E40,,,,,,,,,,,
19073603,2025-11-27T00:09:11.874000+0200,flic_button_data_export_20251127.csv,1.523,1.523,1,flic_button_data_export_20251127.csv::1,1.523,2025-11-27T00:06:20.323000+0200,2025-11-27T00:09:40.042000+0200,122,199.719,1.555,1.768,fast ~1.53s,,Aplicom A11 001,,80E4DA7EC61B,-69,,60.245212,23.526962,0101000020E6100000193C4CFBE68637401B4B581B631F4E40,,,,,,,,,,,
19073605,2025-11-27T00:09:13.445000+0200,flic_button_data_export_20251127.csv,1.571,1.571,1,flic_button_data_export_20251127.csv::1,1.571,2025-11-27T00:06:20.323000+0200,2025-11-27T00:09:40.042000+0200,122,199.719,1.555,1.768,fast ~1.53s,,Aplicom A11 001,,80E4DA7EC61B,-77,,60.245293,23.5264,0101000020E6100000499D8026C28637400778D2C2651F4E40,,,,,,,,,,,
19073606,2025-11-27T00:09:15.055000+0200,flic_button_data_export_20251127.csv,1.61,1.61,1,flic_button_data_export_20251127.csv::1,1.61,2025-11-27T00:06:20.323000+0200,2025-11-27T00:09:40.042000+0200,122,199.719,1.555,1.768,fast ~1.53s,,Aplicom A11 001,,80E4DA7EC61B,-74,,60.245406,23.525655,0101000020E610000098FA795391863740001FBC76691F4E40,,,,,,,,,,,
19073607,2025-11-27T00:09:16.625000+0200,flic_button_data_export_20251127.csv,1.57,1.57,1,flic_button_data_export_20251127.csv::1,1.57,2025-11-27T00:06:20.323000+0200,2025-11-27T00:09:40.042000+0200,122,199.719,1.555,1.768,fast ~1.53s,,Aplicom A11 001,,80E4DA7EC61B,-63,,60.245493,23.525096,0101000020E6100000AB4203B16C863740CF328B506C1F4E40,,,,,,,,,,,
19073608,2025-11-27T00:09:18.246000+0200,flic_button_data_export_20251127.csv,1.621,1.621,1,flic_button_data_export_20251127.csv::1,1.621,2025-11-27T00:06:20.323000+0200,2025-11-27T00:09:40.042000+0200,122,199.719,1.555,1.768,fast ~1.53s,,Aplicom A11 001,,80E4DA7EC61B,-64,,60.245581,23.52454,0101000020E61000009F71E140488637406EC2BD326F1F4E40,,,,,,,,,,,
19073609,2025-11-27T00:09:20.636000+0200,flic_button_data_export_20251127.csv,2.39,2.39,1,flic_button_data_export_20251127.csv::1,2.39,2025-11-27T00:06:20.323000+0200,2025-11-27T00:09:40.042000+0200,122,199.719,1.555,1.768,fast ~1.53s,,Aplicom A11 001,,80E4DA7EC61B,-70,,60.24567,23.523987,0101000020E61000007787140324863740DDCD531D721F4E40,,,,,,,,,,,
19073610,2025-11-27T00:09:22.214000+0200,flic_button_data_export_20251127.csv,1.578,1.578,1,flic_button_data_export_20251127.csv::1,1.578,2025-11-27T00:06:20.323000+0200,2025-11-27T00:09:40.042000+0200,122,199.719,1.555,1.768,fast ~1.53s,,Aplicom A11 001,,80E4DA7EC61B,-65,,60.24582,23.523063,0101000020E610000066BFEE74E7853740F3599E07771F4E40,,,,,,,,,,,
19073611,2025-11-27T00:09:23.824000+0200,flic_button_data_export_20251127.csv,1.61,1.61,1,flic_button_data_export_20251127.csv::1,1.61,2025-11-27T00:06:20.323000+0200,2025-11-27T00:09:40.042000+0200,122,199.719,1.555,1.768,fast ~1.53s,,Aplicom A11 001,,80E4DA7EC61B,-75,,60.245912,23.522508,0101000020E6100000FBE59315C3853740D3D85E0B7A1F4E40,,,,,,,,,,,
19073612,2025-11-27T00:09:25.571000+0200,flic_button_data_export_20251127.csv,1.747,1.747,1,flic_button_data_export_20251127.csv::1,1.747,2025-11-27T00:06:20.323000+0200,2025-11-27T00:09:40.042000+0200,122,199.719,1.555,1.768,fast ~1.53s,,Aplicom A11 001,,80E4DA7EC61B,-61,,60.246032,23.521765,0101000020E61000008B321B64928537407EE200FA7D1F4E40,,,,,,,,,,,
19073613,2025-11-27T00:09:27.096000+0200,flic_button_data_export_20251127.csv,1.525,1.525,1,flic_button_data_export_20251127.csv::1,1.525,2025-11-27T00:06:20.323000+0200,2025-11-27T00:09:40.042000+0200,122,199.719,1.555,1.768,fast ~1.53s,,Aplicom A11 001,,80E4DA7EC61B,-60,,60.246119,23.521208,0101000020E6100000E06932E36D8537404DF6CFD3801F4E40,,,,,,,,,,,
19073614,2025-11-27T00:09:28.633000+0200,flic_button_data_export_20251127.csv,1.537,1.537,1,flic_button_data_export_20251127.csv::1,1.537,2025-11-27T00:06:20.323000+0200,2025-11-27T00:09:40.042000+0200,122,199.719,1.555,1.768,fast ~1.53s,,Aplicom A11 001,,80E4DA7EC61B,-58,,60.246203,23.520648,0101000020E610000052BAF42F49853740AB967494831F4E40,,,,,,,,,,,
19073615,2025-11-27T00:09:30.184000+0200,flic_button_data_export_20251127.csv,1.551,1.551,1,flic_button_data_export_20251127.csv::1,1.551,2025-11-27T00:06:20.323000+0200,2025-11-27T00:09:40.042000+0200,122,199.719,1.555,1.768,fast ~1.53s,,Aplicom A11 001,,80E4DA7EC61B,-61,,60.246283,23.520088,0101000020E6100000C40AB77C24853740C7478B33861F4E40,,,,,,,,,,,
19073616,2025-11-27T00:09:31.718000+0200,flic_button_data_export_20251127.csv,1.534,1.534,1,flic_button_data_export_20251127.csv::1,1.534,2025-11-27T00:06:20.323000+0200,2025-11-27T00:09:40.042000+0200,122,199.719,1.555,1.768,fast ~1.53s,,Aplicom A11 001,,80E4DA7EC61B,-83,20106.0,60.246355,23.519524,0101000020E6100000B37C5D86FF843740611A868F881F4E40,,,,,,,,,,,
19073617,2025-11-27T00:09:33.485000+0200,flic_button_data_export_20251127.csv,1.767,1.767,1,flic_button_data_export_20251127.csv::1,1.767,2025-11-27T00:06:20.323000+0200,2025-11-27T00:09:40.042000+0200,122,199.719,1.555,1.768,fast ~1.53s,,Aplicom A11 001,,80E4DA7EC61B,-74,,60.246421,23.518956,0101000020E61000001F10E84CDA84374018062CB98A1F4E40,,,,,,,,,,,
19073618,2025-11-27T00:09:35.039000+0200,flic_button_data_export_20251127.csv,1.554,1.554,1,flic_button_data_export_20251127.csv::1,1.554,2025-11-27T00:06:20.323000+0200,2025-11-27T00:09:40.042000+0200,122,199.719,1.555,1.768,fast ~1.53s,,Aplicom A11 001,,80E4DA7EC61B,-64,,60.246503,23.518197,0101000020E6100000A4E2FF8EA8843740D5AE09698D1F4E40,,,,,,,,,,,
19073619,2025-11-27T00:09:36.604000+0200,flic_button_data_export_20251127.csv,1.565,1.565,1,flic_button_data_export_20251127.csv::1,1.565,2025-11-27T00:06:20.323000+0200,2025-11-27T00:09:40.042000+0200,122,199.719,1.555,1.768,fast ~1.53s,,Aplicom A11 001,,80E4DA7EC61B,-63,,60.246559,23.517625,0101000020E61000008D976E128384374069C4CC3E8F1F4E40,,,,,,,,,,,
19073620,2025-11-27T00:09:38.420000+0200,flic_button_data_export_20251127.csv,1.816,1.816,1,flic_button_data_export_20251127.csv::1,1.816,2025-11-27T00:06:20.323000+0200,2025-11-27T00:09:40.042000+0200,122,199.719,1.555,1.768,fast ~1.53s,,Aplicom A11 001,,80E4DA7EC61B,-52,,60.246609,23.51705,0101000020E6100000956588635D8437401BF33AE2901F4E40,,,,,,,,,,,
19073622,2025-11-27T00:09:40.042000+0200,flic_button_data_export_20251127.csv,1.622,1.622,1,flic_button_data_export_20251127.csv::1,1.622,2025-11-27T00:06:20.323000+0200,2025-11-27T00:09:40.042000+0200,122,199.719,1.555,1.768,fast ~1.53s,,Aplicom A11 001,,80E4DA7EC61B,-53,,60.246666,23.51628,0101000020E6100000319413ED2A8437407F8461C0921F4E40,,,,,,,,,,,
19074103,2025-11-27T00:11:01.214000+0200,flic_button_data_export_20251127.csv,81.172,81.172,2,flic_button_data_export_20251127.csv::2,,2025-11-27T00:11:01.214000+0200,2025-11-27T00:11:48.726000+0200,25,47.512,1.867,2.3728,slow ~1.88s,,Aplicom A11 001,,80E4DA7EC61B,-65,,60.248152,23.485509,0101000020E6100000E6E95C514A7C3740EF37DA71C31F4E40,,,,,,,,,,,
19074104,2025-11-27T00:11:03.071000+0200,flic_button_data_export_20251127.csv,1.857,1.857,2,flic_button_data_export_20251127.csv::2,1.857,2025-11-27T00:11:01.214000+0200,2025-11-27T00:11:48.726000+0200,25,47.512,1.867,2.3728,slow ~1.88s,,Aplicom A11 001,,80E4DA7EC61B,-60,,60.248326,23.484845,0101000020E61000000EA14ACD1E7C37408D5F7825C91F4E40,,,,,,,,,,,
19074105,2025-11-27T00:11:04.956000+0200,flic_button_data_export_20251127.csv,1.885,1.885,2,flic_button_data_export_20251127.csv::2,1.885,2025-11-27T00:11:01.214000+0200,2025-11-27T00:11:48.726000+0200,25,47.512,1.867,2.3728,slow ~1.88s,,Aplicom A11 001,,80E4DA7EC61B,-80,,60.248508,23.484198,0101000020E6100000E2C96E66F47B3740AE65321CCF1F4E40,,,,,,,,,,,
19074106,2025-11-27T00:11:06.823000+0200,flic_button_data_export_20251127.csv,1.867,1.867,2,flic_button_data_export_20251127.csv::2,1.867,2025-11-27T00:11:01.214000+0200,2025-11-27T00:11:48.726000+0200,25,47.512,1.867,2.3728,slow ~1.88s,,Aplicom A11 001,,80E4DA7EC61B,-62,,60.248651,23.48372,0101000020E6100000CF6BEC12D57B3740118FC4CBD31F4E40,,,,,,,,,,,
19074107,2025-11-27T00:11:08.722000+0200,flic_button_data_export_20251127.csv,1.899,1.899,2,flic_button_data_export_20251127.csv::2,1.899,2025-11-27T00:11:01.214000+0200,2025-11-27T00:11:48.726000+0200,25,47.512,1.867,2.3728,slow ~1.88s,,Aplicom A11 001,,80E4DA7EC61B,-55,,60.248744,23.483401,0101000020E61000008CDAFD2AC07B3740C289E8D7D61F4E40,,,,,,,,,,,
19074108,2025-11-27T00:11:10.589000+0200,flic_button_data_export_20251127.csv,1.867,1.867,2,flic_button_data_export_20251127.csv::2,1.867,2025-11-27T00:11:01.214000+0200,2025-11-27T00:11:48.726000+0200,25,47.512,1.867,2.3728,slow ~1.88s,,Aplicom A11 001,,80E4DA7EC61B,-54,,60.249034,23.482446,0101000020E61000000516C094817B3740C9CB9A58E01F4E40,,,,,,,,,,,
19074109,2025-11-27T00:11:12.439000+0200,flic_button_data_export_20251127.csv,1.85,1.85,2,flic_button_data_export_20251127.csv::2,1.85,2025-11-27T00:11:01.214000+0200,2025-11-27T00:11:48.726000+0200,25,47.512,1.867,2.3728,slow ~1.88s,,Aplicom A11 001,,80E4DA7EC61B,-61,,60.249183,23.481973,0101000020E6100000158E2095627B37400EDC813AE51F4E40,,,,,,,,,,,
19074110,2025-11-27T00:11:14.306000+0200,flic_button_data_export_20251127.csv,1.867,1.867,2,flic_button_data_export_20251127.csv::2,1.867,2025-11-27T00:11:01.214000+0200,2025-11-27T00:11:48.726000+0200,25,47.512,1.867,2.3728,slow ~1.88s,,Aplicom A11 001,,80E4DA7EC61B,-62,,60.249387,23.481351,0101000020E61000009BE5B2D1397B37401686C8E9EB1F4E40,,,,,,,,,,,
19074111,2025-11-27T00:11:16.816000+0200,flic_button_data_export_20251127.csv,2.51,2.51,2,flic_button_data_export_20251127.csv::2,2.51,2025-11-27T00:11:01.214000+0200,2025-11-27T00:11:48.726000+0200,25,47.512,1.867,2.3728,slow ~1.88s,,Aplicom A11 001,,80E4DA7EC61B,-59,20106.0,60.249595,23.480737,0101000020E610000027FA7C94117B3740601F9DBAF21F4E40,,,,,,,,,,,
19074112,2025-11-27T00:11:18.672000+0200,flic_button_data_export_20251127.csv,1.856,1.856,2,flic_button_data_export_20251127.csv::2,1.856,2025-11-27T00:11:01.214000+0200,2025-11-27T00:11:48.726000+0200,25,47.512,1.867,2.3728,slow ~1.88s,,Aplicom A11 001,,80E4DA7EC61B,-55,,60.249858,23.479975,0101000020E6100000C9E53FA4DF7A37406E52D158FB1F4E40,,,,,,,,,,,
19074114,2025-11-27T00:11:20.555000+0200,flic_button_data_export_20251127.csv,1.883,1.883,2,flic_button_data_export_20251127.csv::2,1.883,2025-11-27T00:11:01.214000+0200,2025-11-27T00:11:48.726000+0200,25,47.512,1.867,2.3728,slow ~1.88s,,Aplicom A11 001,,80E4DA7EC61B,-53,,60.250072,23.479376,0101000020E6100000BF7CB262B87A37409AD2FA5B02204E40,,,,,,,,,,,
19074115,2025-11-27T00:11:22.427000+0200,flic_button_data_export_20251127.csv,1.872,1.872,2,flic_button_data_export_20251127.csv::2,1.872,2025-11-27T00:11:01.214000+0200,2025-11-27T00:11:48.726000+0200,25,47.512,1.867,2.3728,slow ~1.88s,,Aplicom A11 001,,80E4DA7EC61B,-58,,60.250232,23.478934,0101000020E610000045F12A6B9B7A3740D234289A07204E40,,,,,,,,,,,
19074116,2025-11-27T00:11:24.889000+0200,flic_button_data_export_20251127.csv,2.462,2.462,2,flic_button_data_export_20251127.csv::2,2.462,2025-11-27T00:11:01.214000+0200,2025-11-27T00:11:48.726000+0200,25,47.512,1.867,2.3728,slow ~1.88s,,Aplicom A11 001,,80E4DA7EC61B,-74,,60.250443,23.478359,0101000020E61000004DBF44BC757A37408D4127840E204E40,,,,,,,,,,,
19074117,2025-11-27T00:11:27.210000+0200,flic_button_data_export_20251127.csv,2.321,2.321,2,flic_button_data_export_20251127.csv::2,2.321,2025-11-27T00:11:01.214000+0200,2025-11-27T00:11:48.726000+0200,25,47.512,1.867,2.3728,slow ~1.88s,,Aplicom A11 001,,80E4DA7EC61B,-80,20106.0,60.250757,23.477536,0101000020E6100000A4A99ECC3F7A37401D1F2DCE18204E40,,,,,,,,,,,
19074118,2025-11-27T00:11:29.072000+0200,flic_button_data_export_20251127.csv,1.862,1.862,2,flic_button_data_export_20251127.csv::2,1.862,2025-11-27T00:11:01.214000+0200,2025-11-27T00:11:48.726000+0200,25,47.512,1.867,2.3728,slow ~1.88s,,Aplicom A11 001,,80E4DA7EC61B,-69,,60.250965,23.477006,0101000020E6100000EBFEB1101D7A374067B8019F1F204E40,,,,,,,,,,,
19074119,2025-11-27T00:11:30.936000+0200,flic_button_data_export_20251127.csv,1.864,1.864,2,flic_button_data_export_20251127.csv::2,1.864,2025-11-27T00:11:01.214000+0200,2025-11-27T00:11:48.726000+0200,25,47.512,1.867,2.3728,slow ~1.88s,,Aplicom A11 001,,80E4DA7EC61B,-70,,60.251178,23.476498,0101000020E6100000029CDEC5FB793740C3BCC79926204E40,,,,,,,,,,,
19074120,2025-11-27T00:11:32.802000+0200,flic_button_data_export_20251127.csv,1.866,1.866,2,flic_button_data_export_20251127.csv::2,1.866,2025-11-27T00:11:01.214000+0200,2025-11-27T00:11:48.726000+0200,25,47.512,1.867,2.3728,slow ~1.88s,,Aplicom A11 001,,80E4DA7EC61B,-54,,60.251287,23.476255,0101000020E6100000758E01D9EB7937407974232C2A204E40,,,,,,,,,,,
19074121,2025-11-27T00:11:34.668000+0200,flic_button_data_export_20251127.csv,1.866,1.866,2,flic_button_data_export_20251127.csv::2,1.866,2025-11-27T00:11:01.214000+0200,2025-11-27T00:11:48.726000+0200,25,47.512,1.867,2.3728,slow ~1.88s,,Aplicom A11 001,,80E4DA7EC61B,-79,,60.251568,23.475676,0101000020E6100000FA7DFFE6C57937402D5C566133204E40,,,,,,,,,,,
19074122,2025-11-27T00:11:36.532000+0200,flic_button_data_export_20251127.csv,1.864,1.864,2,flic_button_data_export_20251127.csv::2,1.864,2025-11-27T00:11:01.214000+0200,2025-11-27T00:11:48.726000+0200,25,47.512,1.867,2.3728,slow ~1.88s,,Aplicom A11 001,,80E4DA7EC61B,-55,,60.251795,23.475239,0101000020E6100000A3C85A43A9793740EE258DD13A204E40,,,,,,,,,,,
19074123,2025-11-27T00:11:38.400000+0200,flic_button_data_export_20251127.csv,1.868,1.868,2,flic_button_data_export_20251127.csv::2,1.868,2025-11-27T00:11:01.214000+0200,2025-11-27T00:11:48.726000+0200,25,47.512,1.867,2.3728,slow ~1.88s,,Aplicom A11 001,,80E4DA7EC61B,-60,,60.251967,23.47493,0101000020E6100000A8E3310395793740EB55647440204E40,,,,,,,,,,,
19074124,2025-11-27T00:11:40.795000+0200,flic_button_data_export_20251127.csv,2.395,2.395,2,flic_button_data_export_20251127.csv::2,2.395,2025-11-27T00:11:01.214000+0200,2025-11-27T00:11:48.726000+0200,25,47.512,1.867,2.3728,slow ~1.88s,,Aplicom A11 001,,80E4DA7EC61B,-63,,60.2522,23.47454,0101000020E6100000D3A414747B7937408E06F01648204E40,,,,,,,,,,,
19074125,2025-11-27T00:11:42.655000+0200,flic_button_data_export_20251127.csv,1.86,1.86,2,flic_button_data_export_20251127.csv::2,1.86,2025-11-27T00:11:01.214000+0200,2025-11-27T00:11:48.726000+0200,25,47.512,1.867,2.3728,slow ~1.88s,,Aplicom A11 001,,80E4DA7EC61B,-60,,60.252497,23.474091,0101000020E6100000F4531C075E79374047AB5AD251204E40,,,,,,,,,,,
19074126,2025-11-27T00:11:44.778000+0200,flic_button_data_export_20251127.csv,2.123,2.123,2,flic_button_data_export_20251127.csv::2,2.123,2025-11-27T00:11:01.214000+0200,2025-11-27T00:11:48.726000+0200,25,47.512,1.867,2.3728,slow ~1.88s,,Aplicom A11 001,,80E4DA7EC61B,-73,,60.252678,23.473839,0101000020E6100000C19140834D7937409835B1C057204E40,,,,,,,,,,,
19074128,2025-11-27T00:11:46.641000+0200,flic_button_data_export_20251127.csv,1.863,1.863,2,flic_button_data_export_20251127.csv::2,1.863,2025-11-27T00:11:01.214000+0200,2025-11-27T00:11:48.726000+0200,25,47.512,1.867,2.3728,slow ~1.88s,,Aplicom A11 001,,80E4DA7EC61B,-71,,60.252991,23.473451,0101000020E61000002D42B115347937405797530262204E40,,,,,,,,,,,
19074129,2025-11-27T00:11:48.726000+0200,flic_button_data_export_20251127.csv,2.085,2.085,2,flic_button_data_export_20251127.csv::2,2.085,2025-11-27T00:11:01.214000+0200,2025-11-27T00:11:48.726000+0200,25,47.512,1.867,2.3728,slow ~1.88s,,Aplicom A11 001,,80E4DA7EC61B,-54,,60.253119,23.473305,0101000020E6100000850838842A793740847F113466204E40,,,,,,,,,,,
19102042,2025-11-27T13:06:14.171000+0200,flic_button_data_export_20251127.csv,46465.445,46465.445,3,flic_button_data_export_20251127.csv::3,,2025-11-27T13:06:14.171000+0200,2025-11-27T13:06:51.507000+0200,20,37.336,1.876,2.3426,slow ~1.88s,,Aplicom A11 001,,80E4DA7EC61B,-59,,60.482399,22.165015,0101000020E610000075594C6C3E2A3640C24F1C40BF3D4E40,,,,,,,,,,,
19102044,2025-11-27T13:06:16.062000+0200,flic_button_data_export_20251127.csv,1.891,1.891,3,flic_button_data_export_20251127.csv::3,1.891,2025-11-27T13:06:14.171000+0200,2025-11-27T13:06:51.507000+0200,20,37.336,1.876,2.3426,slow ~1.88s,,Aplicom A11 001,,80E4DA7EC61B,-74,,60.48257,22.165216,0101000020E6100000A4C684984B2A3640EF0390DAC43D4E40,,,,,,,,,,,
19102045,2025-11-27T13:06:17.932000+0200,flic_button_data_export_20251127.csv,1.87,1.87,3,flic_button_data_export_20251127.csv::3,1.87,2025-11-27T13:06:14.171000+0200,2025-11-27T13:06:51.507000+0200,20,37.336,1.876,2.3426,slow ~1.88s,,Aplicom A11 001,,80E4DA7EC61B,-61,,60.482796,22.165483,0101000020E6100000410B09185D2A3640DF516342CC3D4E40,,,,,,,,,,,
19102046,2025-11-27T13:06:19.802000+0200,flic_button_data_export_20251127.csv,1.87,1.87,3,flic_button_data_export_20251127.csv::3,1.87,2025-11-27T13:06:14.171000+0200,2025-11-27T13:06:51.507000+0200,20,37.336,1.876,2.3426,slow ~1.88s,,Aplicom A11 001,,80E4DA7EC61B,-71,20106.0,60.482908,22.165617,0101000020E610000061A92EE0652A3640077DE9EDCF3D4E40,,,,,,,,,,,
19102047,2025-11-27T13:06:21.664000+0200,flic_button_data_export_20251127.csv,1.862,1.862,3,flic_button_data_export_20251127.csv::3,1.862,2025-11-27T13:06:14.171000+0200,2025-11-27T13:06:51.507000+0200,20,37.336,1.876,2.3426,slow ~1.88s,,Aplicom A11 001,,80E4DA7EC61B,-65,20106.0,60.48324,22.166006,0101000020E610000095F0845E7F2A36403D0FEECEDA3D4E40,,,,,,,,,,,
19102048,2025-11-27T13:06:23.541000+0200,flic_button_data_export_20251127.csv,1.877,1.877,3,flic_button_data_export_20251127.csv::3,1.877,2025-11-27T13:06:14.171000+0200,2025-11-27T13:06:51.507000+0200,20,37.336,1.876,2.3426,slow ~1.88s,,Aplicom A11 001,,80E4DA7EC61B,-74,,60.483457,22.166255,0101000020E6100000E6CB0BB08F2A3640DA0242EBE13D4E40,,,,,,,,,,,
19102049,2025-11-27T13:06:25.425000+0200,flic_button_data_export_20251127.csv,1.884,1.884,3,flic_button_data_export_20251127.csv::3,1.884,2025-11-27T13:06:14.171000+0200,2025-11-27T13:06:51.507000+0200,20,37.336,1.876,2.3426,slow ~1.88s,,Aplicom A11 001,,80E4DA7EC61B,-63,,60.483611,22.166438,0101000020E6100000C8CF46AE9B2A3640317E1AF7E63D4E40,,,,,,,,,,,
19102050,2025-11-27T13:06:27.727000+0200,flic_button_data_export_20251127.csv,2.302,2.302,3,flic_button_data_export_20251127.csv::3,2.302,2025-11-27T13:06:14.171000+0200,2025-11-27T13:06:51.507000+0200,20,37.336,1.876,2.3426,slow ~1.88s,,Aplicom A11 001,,80E4DA7EC61B,-65,,60.483761,22.166615,0101000020E6100000E605D847A72A3640460A65E1EB3D4E40,,,,,,,,,,,
19102051,2025-11-27T13:06:29.591000+0200,flic_button_data_export_20251127.csv,1.864,1.864,3,flic_button_data_export_20251127.csv::3,1.864,2025-11-27T13:06:14.171000+0200,2025-11-27T13:06:51.507000+0200,20,37.336,1.876,2.3426,slow ~1.88s,,Aplicom A11 001,,80E4DA7EC61B,-79,,60.484049,22.166959,0101000020E6100000DAC534D3BD2A3640AC545051F53D4E40,,,,,,,,,,,
19102052,2025-11-27T13:06:31.437000+0200,flic_button_data_export_20251127.csv,1.846,1.846,3,flic_button_data_export_20251127.csv::3,1.846,2025-11-27T13:06:14.171000+0200,2025-11-27T13:06:51.507000+0200,20,37.336,1.876,2.3426,slow ~1.88s,,Aplicom A11 001,,80E4DA7EC61B,-71,,60.484191,22.16713,0101000020E6100000342E1C08C92A36403F027FF8F93D4E40,,,,,,,,,,,
19102053,2025-11-27T13:06:33.333000+0200,flic_button_data_export_20251127.csv,1.896,1.896,3,flic_button_data_export_20251127.csv::3,1.896,2025-11-27T13:06:14.171000+0200,2025-11-27T13:06:51.507000+0200,20,37.336,1.876,2.3426,slow ~1.88s,,Aplicom A11 001,,80E4DA7EC61B,-64,,60.484378,22.167356,0101000020E610000015CAC2D7D72A364071732A19003E4E40,,,,,,,,,,,
19102054,2025-11-27T13:06:35.900000+0200,flic_button_data_export_20251127.csv,2.567,2.567,3,flic_button_data_export_20251127.csv::3,2.567,2025-11-27T13:06:14.171000+0200,2025-11-27T13:06:51.507000+0200,20,37.336,1.876,2.3426,slow ~1.88s,,Aplicom A11 001,,80E4DA7EC61B,-60,,60.484519,22.167522,0101000020E61000004B5CC7B8E22A364033A5F5B7043E4E40,,,,,,,,,,,
19102055,2025-11-27T13:06:37.773000+0200,flic_button_data_export_20251127.csv,1.873,1.873,3,flic_button_data_export_20251127.csv::3,1.873,2025-11-27T13:06:14.171000+0200,2025-11-27T13:06:51.507000+0200,20,37.336,1.876,2.3426,slow ~1.88s,,Aplicom A11 001,,80E4DA7EC61B,-63,,60.484791,22.16786,0101000020E61000007B4E7ADFF82A36409432A9A10D3E4E40,,,,,,,,,,,
19102056,2025-11-27T13:06:40.278000+0200,flic_button_data_export_20251127.csv,2.505,2.505,3,flic_button_data_export_20251127.csv::3,2.505,2025-11-27T13:06:14.171000+0200,2025-11-27T13:06:51.507000+0200,20,37.336,1.876,2.3426,slow ~1.88s,,Aplicom A11 001,,80E4DA7EC61B,-63,,60.48491,22.168019,0101000020E61000004C1B0E4B032B36406EC0E787113E4E40,,,,,,,,,,,
19102057,2025-11-27T13:06:42.154000+0200,flic_button_data_export_20251127.csv,1.876,1.876,3,flic_button_data_export_20251127.csv::3,1.876,2025-11-27T13:06:14.171000+0200,2025-11-27T13:06:51.507000+0200,20,37.336,1.876,2.3426,slow ~1.88s,,Aplicom A11 001,,80E4DA7EC61B,-65,,60.485106,22.168284,0101000020E6100000A87004A9142B3640F48B12F4173E4E40,,,,,,,,,,,
19102058,2025-11-27T13:06:44.014000+0200,flic_button_data_export_20251127.csv,1.86,1.86,3,flic_button_data_export_20251127.csv::3,1.86,2025-11-27T13:06:14.171000+0200,2025-11-27T13:06:51.507000+0200,20,37.336,1.876,2.3426,slow ~1.88s,,Aplicom A11 001,,80E4DA7EC61B,-59,,60.485185,22.168389,0101000020E61000009301A08A1B2B364040C1C58A1A3E4E40,,,,,,,,,,,
19102059,2025-11-27T13:06:45.875000+0200,flic_button_data_export_20251127.csv,1.861,1.861,3,flic_button_data_export_20251127.csv::3,1.861,2025-11-27T13:06:14.171000+0200,2025-11-27T13:06:51.507000+0200,20,37.336,1.876,2.3426,slow ~1.88s,,Aplicom A11 001,,80E4DA7EC61B,-64,,60.485271,22.168501,0101000020E6100000E257ACE1222B36403E59315C1D3E4E40,,,,,,,,,,,
19102060,2025-11-27T13:06:47.756000+0200,flic_button_data_export_20251127.csv,1.881,1.881,3,flic_button_data_export_20251127.csv::3,1.881,2025-11-27T13:06:14.171000+0200,2025-11-27T13:06:51.507000+0200,20,37.336,1.876,2.3426,slow ~1.88s,,Aplicom A11 001,,80E4DA7EC61B,-66,,60.485332,22.168581,0101000020E61000001BBAD91F282B3640E4D9E55B1F3E4E40,,,,,,,,,,,
19102061,2025-11-27T13:06:49.634000+0200,flic_button_data_export_20251127.csv,1.878,1.878,3,flic_button_data_export_20251127.csv::3,1.878,2025-11-27T13:06:14.171000+0200,2025-11-27T13:06:51.507000+0200,20,37.336,1.876,2.3426,slow ~1.88s,,Aplicom A11 001,,80E4DA7EC61B,-68,,60.485365,22.168627,0101000020E6100000FC389A232B2B3640C0CFB870203E4E40,,,,,,,,,,,
19102062,2025-11-27T13:06:51.507000+0200,flic_button_data_export_20251127.csv,1.873,1.873,3,flic_button_data_export_20251127.csv::3,1.873,2025-11-27T13:06:14.171000+0200,2025-11-27T13:06:51.507000+0200,20,37.336,1.876,2.3426,slow ~1.88s,,Aplicom A11 001,,80E4DA7EC61B,-72,,60.485374,22.16864,0101000020E610000025CCB4FD2B2B3640132A38BC203E4E40,,,,,,,,,,,
19102103,2025-11-27T13:07:01.973000+0200,flic_button_data_export_20251127.csv,10.466,10.466,4,flic_button_data_export_20251127.csv::4,,2025-11-27T13:07:01.973000+0200,2025-11-27T13:07:51.725000+0200,25,49.752,1.8835,2.6538999999999997,slow ~1.88s,,Aplicom A11 001,,80E4DA7EC61B,-77,,60.485375,22.168633,0101000020E6100000C00644882B2B3640E3A59BC4203E4E40,,,,,,,,,,,
19102104,2025-11-27T13:07:03.842000+0200,flic_button_data_export_20251127.csv,1.869,1.869,4,flic_button_data_export_20251127.csv::4,1.869,2025-11-27T13:07:01.973000+0200,2025-11-27T13:07:51.725000+0200,25,49.752,1.8835,2.6538999999999997,slow ~1.88s,,Aplicom A11 001,,80E4DA7EC61B,-69,20106.0,60.485374,22.168632,0101000020E61000001F0F7D772B2B3640132A38BC203E4E40,,,,,,,,,,,
19102105,2025-11-27T13:07:06.339000+0200,flic_button_data_export_20251127.csv,2.497,2.497,4,flic_button_data_export_20251127.csv::4,2.497,2025-11-27T13:07:01.973000+0200,2025-11-27T13:07:51.725000+0200,25,49.752,1.8835,2.6538999999999997,slow ~1.88s,,Aplicom A11 001,,80E4DA7EC61B,-76,,60.485374,22.168634,0101000020E610000061FE0A992B2B3640132A38BC203E4E40,,,,,,,,,,,
19102106,2025-11-27T13:07:08.249000+0200,flic_button_data_export_20251127.csv,1.91,1.91,4,flic_button_data_export_20251127.csv::4,1.91,2025-11-27T13:07:01.973000+0200,2025-11-27T13:07:51.725000+0200,25,49.752,1.8835,2.6538999999999997,slow ~1.88s,,Aplicom A11 001,,80E4DA7EC61B,-66,,60.485374,22.168636,0101000020E6100000A2ED98BA2B2B3640132A38BC203E4E40,,,,,,,,,,,
19102107,2025-11-27T13:07:10.643000+0200,flic_button_data_export_20251127.csv,2.394,2.394,4,flic_button_data_export_20251127.csv::4,2.394,2025-11-27T13:07:01.973000+0200,2025-11-27T13:07:51.725000+0200,25,49.752,1.8835,2.6538999999999997,slow ~1.88s,,Aplicom A11 001,,80E4DA7EC61B,-65,,60.485375,22.168638,0101000020E6100000E4DC26DC2B2B3640E3A59BC4203E4E40,,,,,,,,,,,
19102108,2025-11-27T13:07:12.500000+0200,flic_button_data_export_20251127.csv,1.857,1.857,4,flic_button_data_export_20251127.csv::4,1.857,2025-11-27T13:07:01.973000+0200,2025-11-27T13:07:51.725000+0200,25,49.752,1.8835,2.6538999999999997,slow ~1.88s,,Aplicom A11 001,,80E4DA7EC61B,-75,,60.485376,22.16864,0101000020E610000025CCB4FD2B2B3640B421FFCC203E4E40,,,,,,,,,,,
19102109,2025-11-27T13:07:14.374000+0200,flic_button_data_export_20251127.csv,1.874,1.874,4,flic_button_data_export_20251127.csv::4,1.874,2025-11-27T13:07:01.973000+0200,2025-11-27T13:07:51.725000+0200,25,49.752,1.8835,2.6538999999999997,slow ~1.88s,,Aplicom A11 001,,80E4DA7EC61B,-72,,60.485377,22.168641,0101000020E6100000C6C37B0E2C2B3640849D62D5203E4E40,,,,,,,,,,,
19102110,2025-11-27T13:07:16.231000+0200,flic_button_data_export_20251127.csv,1.857,1.857,4,flic_button_data_export_20251127.csv::4,1.857,2025-11-27T13:07:01.973000+0200,2025-11-27T13:07:51.725000+0200,25,49.752,1.8835,2.6538999999999997,slow ~1.88s,,Aplicom A11 001,,80E4DA7EC61B,-60,,60.485377,22.168643,0101000020E610000007B309302C2B3640849D62D5203E4E40,,,,,,,,,,,
19102111,2025-11-27T13:07:18.152000+0200,flic_button_data_export_20251127.csv,1.921,1.921,4,flic_button_data_export_20251127.csv::4,1.921,2025-11-27T13:07:01.973000+0200,2025-11-27T13:07:51.725000+0200,25,49.752,1.8835,2.6538999999999997,slow ~1.88s,,Aplicom A11 001,,80E4DA7EC61B,-69,,60.485377,22.168644,0101000020E6100000A8AAD0402C2B3640849D62D5203E4E40,,,,,,,,,,,
19102112,2025-11-27T13:07:20.019000+0200,flic_button_data_export_20251127.csv,1.867,1.867,4,flic_button_data_export_20251127.csv::4,1.867,2025-11-27T13:07:01.973000+0200,2025-11-27T13:07:51.725000+0200,25,49.752,1.8835,2.6538999999999997,slow ~1.88s,,Aplicom A11 001,,80E4DA7EC61B,-68,,60.485378,22.168645,0101000020E610000049A297512C2B36405419C6DD203E4E40,,,,,,,,,,,
19102113,2025-11-27T13:07:21.873000+0200,flic_button_data_export_20251127.csv,1.854,1.854,4,flic_button_data_export_20251127.csv::4,1.854,2025-11-27T13:07:01.973000+0200,2025-11-27T13:07:51.725000+0200,25,49.752,1.8835,2.6538999999999997,slow ~1.88s,,Aplicom A11 001,,80E4DA7EC61B,-73,20106.0,60.485378,22.168645,0101000020E610000049A297512C2B36405419C6DD203E4E40,,,,,,,,,,,
19102114,2025-11-27T13:07:24.586000+0200,flic_button_data_export_20251127.csv,2.713,2.713,4,flic_button_data_export_20251127.csv::4,2.713,2025-11-27T13:07:01.973000+0200,2025-11-27T13:07:51.725000+0200,25,49.752,1.8835,2.6538999999999997,slow ~1.88s,,Aplicom A11 001,,80E4DA7EC61B,-60,,60.485378,22.168646,0101000020E6100000E9995E622C2B36405419C6DD203E4E40,,,,,,,,,,,
19102115,2025-11-27T13:07:26.448000+0200,flic_button_data_export_20251127.csv,1.862,1.862,4,flic_button_data_export_20251127.csv::4,1.862,2025-11-27T13:07:01.973000+0200,2025-11-27T13:07:51.725000+0200,25,49.752,1.8835,2.6538999999999997,slow ~1.88s,,Aplicom A11 001,,80E4DA7EC61B,-75,,60.485379,22.168647,0101000020E61000008A9125732C2B3640259529E6203E4E40,,,,,,,,,,,
19102116,2025-11-27T13:07:28.307000+0200,flic_button_data_export_20251127.csv,1.859,1.859,4,flic_button_data_export_20251127.csv::4,1.859,2025-11-27T13:07:01.973000+0200,2025-11-27T13:07:51.725000+0200,25,49.752,1.8835,2.6538999999999997,slow ~1.88s,,Aplicom A11 001,,80E4DA7EC61B,-65,,60.485379,22.168649,0101000020E6100000CB80B3942C2B3640259529E6203E4E40,,,,,,,,,,,
19102117,2025-11-27T13:07:30.232000+0200,flic_button_data_export_20251127.csv,1.925,1.925,4,flic_button_data_export_20251127.csv::4,1.925,2025-11-27T13:07:01.973000+0200,2025-11-27T13:07:51.725000+0200,25,49.752,1.8835,2.6538999999999997,slow ~1.88s,,Aplicom A11 001,,80E4DA7EC61B,-66,,60.485379,22.16865,0101000020E61000006C787AA52C2B3640259529E6203E4E40,,,,,,,,,,,
19102118,2025-11-27T13:07:33.189000+0200,flic_button_data_export_20251127.csv,2.957,2.957,4,flic_button_data_export_20251127.csv::4,2.957,2025-11-27T13:07:01.973000+0200,2025-11-27T13:07:51.725000+0200,25,49.752,1.8835,2.6538999999999997,slow ~1.88s,,Aplicom A11 001,,80E4DA7EC61B,-67,,60.485409,22.168691,0101000020E6100000292158552F2B36408F17D2E1213E4E40,,,,,,,,,,,
19102119,2025-11-27T13:07:35.057000+0200,flic_button_data_export_20251127.csv,1.868,1.868,4,flic_button_data_export_20251127.csv::4,1.868,2025-11-27T13:07:01.973000+0200,2025-11-27T13:07:51.725000+0200,25,49.752,1.8835,2.6538999999999997,slow ~1.88s,,Aplicom A11 001,,80E4DA7EC61B,-73,,60.485437,22.168728,0101000020E610000064EB19C2312B364059A2B3CC223E4E40,,,,,,,,,,,
19102120,2025-11-27T13:07:36.938000+0200,flic_button_data_export_20251127.csv,1.881,1.881,4,flic_button_data_export_20251127.csv::4,1.881,2025-11-27T13:07:01.973000+0200,2025-11-27T13:07:51.725000+0200,25,49.752,1.8835,2.6538999999999997,slow ~1.88s,,Aplicom A11 001,,80E4DA7EC61B,-60,,60.485494,22.168804,0101000020E61000001A6F2BBD362B3640BE33DAAA243E4E40,,,,,,,,,,,
19102121,2025-11-27T13:07:38.824000+0200,flic_button_data_export_20251127.csv,1.886,1.886,4,flic_button_data_export_20251127.csv::4,1.886,2025-11-27T13:07:01.973000+0200,2025-11-27T13:07:51.725000+0200,25,49.752,1.8835,2.6538999999999997,slow ~1.88s,,Aplicom A11 001,,80E4DA7EC61B,-72,20106.0,60.485567,22.168896,0101000020E6100000DB6CACC43C2B36402882380F273E4E40,,,,,,,,,,,
19102122,2025-11-27T13:07:41.340000+0200,flic_button_data_export_20251127.csv,2.516,2.516,4,flic_button_data_export_20251127.csv::4,2.516,2025-11-27T13:07:01.973000+0200,2025-11-27T13:07:51.725000+0200,25,49.752,1.8835,2.6538999999999997,slow ~1.88s,,Aplicom A11 001,,80E4DA7EC61B,-71,,60.485673,22.169033,0101000020E6100000DCF126BF452B36406DC669882A3E4E40,,,,,,,,,,,
19102123,2025-11-27T13:07:43.250000+0200,flic_button_data_export_20251127.csv,1.91,1.91,4,flic_button_data_export_20251127.csv::4,1.91,2025-11-27T13:07:01.973000+0200,2025-11-27T13:07:51.725000+0200,25,49.752,1.8835,2.6538999999999997,slow ~1.88s,,Aplicom A11 001,,80E4DA7EC61B,-73,,60.485776,22.169169,0101000020E61000003D7FDAA84E2B3640429770E82D3E4E40,,,,,,,,,,,
19102124,2025-11-27T13:07:45.125000+0200,flic_button_data_export_20251127.csv,1.875,1.875,4,flic_button_data_export_20251127.csv::4,1.875,2025-11-27T13:07:01.973000+0200,2025-11-27T13:07:51.725000+0200,25,49.752,1.8835,2.6538999999999997,slow ~1.88s,,Aplicom A11 001,,80E4DA7EC61B,-75,,60.485893,22.169323,0101000020E6100000EA758BC0582B36407B2DE8BD313E4E40,,,,,,,,,,,
19102125,2025-11-27T13:07:47.033000+0200,flic_button_data_export_20251127.csv,1.908,1.908,4,flic_button_data_export_20251127.csv::4,1.908,2025-11-27T13:07:01.973000+0200,2025-11-27T13:07:51.725000+0200,25,49.752,1.8835,2.6538999999999997,slow ~1.88s,,Aplicom A11 001,,80E4DA7EC61B,-71,,60.485981,22.169444,0101000020E6100000E08096AE602B36401BBD1AA0343E4E40,,,,,,,,,,,
19102126,2025-11-27T13:07:49.862000+0200,flic_button_data_export_20251127.csv,2.829,2.829,4,flic_button_data_export_20251127.csv::4,2.829,2025-11-27T13:07:01.973000+0200,2025-11-27T13:07:51.725000+0200,25,49.752,1.8835,2.6538999999999997,slow ~1.88s,,Aplicom A11 001,,80E4DA7EC61B,-70,20106.0,60.486178,22.169722,0101000020E61000006669A7E6722B36407104A9143B3E4E40,,,,,,,,,,,
19102127,2025-11-27T13:07:51.725000+0200,flic_button_data_export_20251127.csv,1.863,1.863,4,flic_button_data_export_20251127.csv::4,1.863,2025-11-27T13:07:01.973000+0200,2025-11-27T13:07:51.725000+0200,25,49.752,1.8835,2.6538999999999997,slow ~1.88s,,Aplicom A11 001,,80E4DA7EC61B,-80,,60.486322,22.169945,0101000020E6100000641EF983812B3640A4A99ECC3F3E4E40,,,,,,,,,,,
19102129,2025-11-27T13:08:04.744000+0200,flic_button_data_export_20251127.csv,13.019,13.019,5,flic_button_data_export_20251127.csv::5,,2025-11-27T13:08:04.744000+0200,2025-11-27T13:09:33.744000+0200,43,89.0,1.8755000000000002,2.7125,slow ~1.88s,,Aplicom A11 001,,80E4DA7EC61B,-71,,60.487128,22.171732,0101000020E61000003AADDBA0F62B3640A27BD6355A3E4E40,,,,,,,,,,,
19102130,2025-11-27T13:08:06.601000+0200,flic_button_data_export_20251127.csv,1.857,1.857,5,flic_button_data_export_20251127.csv::5,1.857,2025-11-27T13:08:04.744000+0200,2025-11-27T13:09:33.744000+0200,43,89.0,1.8755000000000002,2.7125,slow ~1.88s,,Aplicom A11 001,,80E4DA7EC61B,-84,,60.487195,22.171935,0101000020E6100000AB09A2EE032C36402AE3DF675C3E4E40,,,,,,,,,,,
19102131,2025-11-27T13:08:08.460000+0200,flic_button_data_export_20251127.csv,1.859,1.859,5,flic_button_data_export_20251127.csv::5,1.859,2025-11-27T13:08:04.744000+0200,2025-11-27T13:09:33.744000+0200,43,89.0,1.8755000000000002,2.7125,slow ~1.88s,,Aplicom A11 001,,80E4DA7EC61B,-73,20106.0,60.487278,22.172194,0101000020E61000004391EEE7142C3640B80721205F3E4E40,,,,,,,,,,,
19102132,2025-11-27T13:08:10.328000+0200,flic_button_data_export_20251127.csv,1.868,1.868,5,flic_button_data_export_20251127.csv::5,1.868,2025-11-27T13:08:04.744000+0200,2025-11-27T13:09:33.744000+0200,43,89.0,1.8755000000000002,2.7125,slow ~1.88s,,Aplicom A11 001,,80E4DA7EC61B,-73,,60.487363,22.172464,0101000020E6100000C3BCC799262C3640E62329E9613E4E40,,,,,,,,,,,
19102133,2025-11-27T13:08:14.156000+0200,flic_button_data_export_20251127.csv,3.828,3.828,5,flic_button_data_export_20251127.csv::5,3.828,2025-11-27T13:08:04.744000+0200,2025-11-27T13:09:33.744000+0200,43,89.0,1.8755000000000002,2.7125,slow ~1.88s,,Aplicom A11 001,,80E4DA7EC61B,-64,,60.487538,22.173042,0101000020E61000009DD5027B4C2C364054C72AA5673E4E40,,,,,,,,,,,
19102134,2025-11-27T13:08:16.028000+0200,flic_button_data_export_20251127.csv,1.872,1.872,5,flic_button_data_export_20251127.csv::5,1.872,2025-11-27T13:08:04.744000+0200,2025-11-27T13:09:33.744000+0200,43,89.0,1.8755000000000002,2.7125,slow ~1.88s,,Aplicom A11 001,,80E4DA7EC61B,-67,,60.487604,22.173264,0101000020E6100000FB928D075B2C36400BB3D0CE693E4E40,,,,,,,,,,,
19102135,2025-11-27T13:08:17.894000+0200,flic_button_data_export_20251127.csv,1.866,1.866,5,flic_button_data_export_20251127.csv::5,1.866,2025-11-27T13:08:04.744000+0200,2025-11-27T13:09:33.744000+0200,43,89.0,1.8755000000000002,2.7125,slow ~1.88s,,Aplicom A11 001,,80E4DA7EC61B,-57,,60.487693,22.173565,0101000020E6100000F1BA7EC16E2C36407BBE66B96C3E4E40,,,,,,,,,,,
19102136,2025-11-27T13:08:19.772000+0200,flic_button_data_export_20251127.csv,1.878,1.878,5,flic_button_data_export_20251127.csv::5,1.878,2025-11-27T13:08:04.744000+0200,2025-11-27T13:09:33.744000+0200,43,89.0,1.8755000000000002,2.7125,slow ~1.88s,,Aplicom A11 001,,80E4DA7EC61B,-75,,60.487739,22.173719,0101000020E61000009EB12FD9782C3640EBFD463B6E3E4E40,,,,,,,,,,,
19102137,2025-11-27T13:08:21.823000+0200,flic_button_data_export_20251127.csv,2.051,2.051,5,flic_button_data_export_20251127.csv::5,2.051,2025-11-27T13:08:04.744000+0200,2025-11-27T13:09:33.744000+0200,43,89.0,1.8755000000000002,2.7125,slow ~1.88s,,Aplicom A11 001,,80E4DA7EC61B,-73,,60.487832,22.174034,0101000020E61000005E64027E8D2C36409CF86A47713E4E40,,,,,,,,,,,
19102138,2025-11-27T13:08:23.695000+0200,flic_button_data_export_20251127.csv,1.872,1.872,5,flic_button_data_export_20251127.csv::5,1.872,2025-11-27T13:08:04.744000+0200,2025-11-27T13:09:33.744000+0200,43,89.0,1.8755000000000002,2.7125,slow ~1.88s,,Aplicom A11 001,,80E4DA7EC61B,-72,,60.487979,22.174523,0101000020E61000005A66118AAD2C364041118B18763E4E40,,,,,,,,,,,
19102139,2025-11-27T13:08:25.563000+0200,flic_button_data_export_20251127.csv,1.868,1.868,5,flic_button_data_export_20251127.csv::5,1.868,2025-11-27T13:08:04.744000+0200,2025-11-27T13:09:33.744000+0200,43,89.0,1.8755000000000002,2.7125,slow ~1.88s,,Aplicom A11 001,,80E4DA7EC61B,-70,,60.488081,22.174864,0101000020E61000006C3F19E3C32C364045662E70793E4E40,,,,,,,,,,,
19102140,2025-11-27T13:08:27.722000+0200,flic_button_data_export_20251127.csv,2.159,2.159,5,flic_button_data_export_20251127.csv::5,2.159,2025-11-27T13:08:04.744000+0200,2025-11-27T13:09:33.744000+0200,43,89.0,1.8755000000000002,2.7125,slow ~1.88s,,Aplicom A11 001,,80E4DA7EC61B,-66,,60.488134,22.175041,0101000020E61000008A75AA7CCF2C36406808C72C7B3E4E40,,,,,,,,,,,
19102142,2025-11-27T13:08:29.590000+0200,flic_button_data_export_20251127.csv,1.868,1.868,5,flic_button_data_export_20251127.csv::5,1.868,2025-11-27T13:08:04.744000+0200,2025-11-27T13:09:33.744000+0200,43,89.0,1.8755000000000002,2.7125,slow ~1.88s,,Aplicom A11 001,,80E4DA7EC61B,-58,,60.488288,22.175553,0101000020E6100000F6B6990AF12C3640BE839F38803E4E40,,,,,,,,,,,
19102223,2025-11-27T13:08:32.692000+0200,flic_button_data_export_20251127.csv,3.102,3.102,5,flic_button_data_export_20251127.csv::5,3.102,2025-11-27T13:08:04.744000+0200,2025-11-27T13:09:33.744000+0200,43,89.0,1.8755000000000002,2.7125,slow ~1.88s,,Aplicom A11 001,,80E4DA7EC61B,-70,,60.488453,22.176097,0101000020E610000078EC67B1142D36400951BEA0853E4E40,,,,,,,,,,,
19102224,2025-11-27T13:08:34.574000+0200,flic_button_data_export_20251127.csv,1.882,1.882,5,flic_button_data_export_20251127.csv::5,1.882,2025-11-27T13:08:04.744000+0200,2025-11-27T13:09:33.744000+0200,43,89.0,1.8755000000000002,2.7125,slow ~1.88s,,Aplicom A11 001,,80E4DA7EC61B,-69,,60.488567,22.176485,0101000020E61000000C3CF71E2E2D3640D2730B5D893E4E40,,,,,,,,,,,
19102226,2025-11-27T13:08:37.240000+0200,flic_button_data_export_20251127.csv,2.666,2.666,5,flic_button_data_export_20251127.csv::5,2.666,2025-11-27T13:08:04.744000+0200,2025-11-27T13:09:33.744000+0200,43,89.0,1.8755000000000002,2.7125,slow ~1.88s,,Aplicom A11 001,,80E4DA7EC61B,-64,,60.488718,22.177005,0101000020E61000007E3A1E33502D3640B77BB94F8E3E4E40,,,,,,,,,,,
19102227,2025-11-27T13:08:39.100000+0200,flic_button_data_export_20251127.csv,1.86,1.86,5,flic_button_data_export_20251127.csv::5,1.86,2025-11-27T13:08:04.744000+0200,2025-11-27T13:09:33.744000+0200,43,89.0,1.8755000000000002,2.7125,slow ~1.88s,,Aplicom A11 001,,80E4DA7EC61B,-60,,60.488848,22.177447,0101000020E6100000F8C5A52A6D2D3640855B3E92923E4E40,,,,,,,,,,,
19102228,2025-11-27T13:08:41.829000+0200,flic_button_data_export_20251127.csv,2.729,2.729,5,flic_button_data_export_20251127.csv::5,2.729,2025-11-27T13:08:04.744000+0200,2025-11-27T13:09:33.744000+0200,43,89.0,1.8755000000000002,2.7125,slow ~1.88s,,Aplicom A11 001,,80E4DA7EC61B,-58,,60.48895,22.17779,0101000020E61000004C8E3BA5832D36408AB0E1E9953E4E40,,,,,,,,,,,
19102229,2025-11-27T13:08:43.728000+0200,flic_button_data_export_20251127.csv,1.899,1.899,5,flic_button_data_export_20251127.csv::5,1.899,2025-11-27T13:08:04.744000+0200,2025-11-27T13:09:33.744000+0200,43,89.0,1.8755000000000002,2.7125,slow ~1.88s,,Aplicom A11 001,,80E4DA7EC61B,-61,,60.48909,22.178256,0101000020E6100000D7506A2FA22D36407B6649809A3E4E40,,,,,,,,,,,
19102230,2025-11-27T13:08:45.596000+0200,flic_button_data_export_20251127.csv,1.868,1.868,5,flic_button_data_export_20251127.csv::5,1.868,2025-11-27T13:08:04.744000+0200,2025-11-27T13:09:33.744000+0200,43,89.0,1.8755000000000002,2.7125,slow ~1.88s,,Aplicom A11 001,,80E4DA7EC61B,-62,,60.489305,22.179008,0101000020E6100000EDB8E177D32D36407862D68BA13E4E40,,,,,,,,,,,
19102231,2025-11-27T13:08:47.457000+0200,flic_button_data_export_20251127.csv,1.861,1.861,5,flic_button_data_export_20251127.csv::5,1.861,2025-11-27T13:08:04.744000+0200,2025-11-27T13:09:33.744000+0200,43,89.0,1.8755000000000002,2.7125,slow ~1.88s,,Aplicom A11 001,,80E4DA7EC61B,-65,,60.489414,22.179413,0101000020E61000002D7AA702EE2D36402E1A321EA53E4E40,,,,,,,,,,,
19102232,2025-11-27T13:08:49.336000+0200,flic_button_data_export_20251127.csv,1.879,1.879,5,flic_button_data_export_20251127.csv::5,1.879,2025-11-27T13:08:04.744000+0200,2025-11-27T13:09:33.744000+0200,43,89.0,1.8755000000000002,2.7125,slow ~1.88s,,Aplicom A11 001,,80E4DA7EC61B,-65,,60.489551,22.179996,0101000020E61000002B69C537142E3640AF5C6F9BA93E4E40,,,,,,,,,,,
19102233,2025-11-27T13:08:51.726000+0200,flic_button_data_export_20251127.csv,2.39,2.39,5,flic_button_data_export_20251127.csv::5,2.39,2025-11-27T13:08:04.744000+0200,2025-11-27T13:09:33.744000+0200,43,89.0,1.8755000000000002,2.7125,slow ~1.88s,,Aplicom A11 001,,80E4DA7EC61B,-65,,60.489638,22.18047,0101000020E6100000BCE82B48332E36407E703E75AC3E4E40,,,,,,,,,,,
19102235,2025-11-27T13:08:53.584000+0200,flic_button_data_export_20251127.csv,1.858,1.858,5,flic_button_data_export_20251127.csv::5,1.858,2025-11-27T13:08:04.744000+0200,2025-11-27T13:09:33.744000+0200,43,89.0,1.8755000000000002,2.7125,slow ~1.88s,,Aplicom A11 001,,80E4DA7EC61B,-64,,60.489774,22.18148,0101000020E6100000CAE02879752E36402E3718EAB03E4E40,,,,,,,,,,,
19102236,2025-11-27T13:08:55.444000+0200,flic_button_data_export_20251127.csv,1.86,1.86,5,flic_button_data_export_20251127.csv::5,1.86,2025-11-27T13:08:04.744000+0200,2025-11-27T13:09:33.744000+0200,43,89.0,1.8755000000000002,2.7125,slow ~1.88s,,Aplicom A11 001,,80E4DA7EC61B,-65,,60.489834,22.182009,0101000020E6100000E2934E24982E3640043C69E1B23E4E40,,,,,,,,,,,
19102238,2025-11-27T13:08:57.300000+0200,flic_button_data_export_20251127.csv,1.856,1.856,5,flic_button_data_export_20251127.csv::5,1.856,2025-11-27T13:08:04.744000+0200,2025-11-27T13:09:33.744000+0200,43,89.0,1.8755000000000002,2.7125,slow ~1.88s,,Aplicom A11 001,,80E4DA7EC61B,-60,,60.489919,22.182731,0101000020E610000023F77475C72E3640325871AAB53E4E40,,,,,,,,,,,
19102239,2025-11-27T13:08:59.848000+0200,flic_button_data_export_20251127.csv,2.548,2.548,5,flic_button_data_export_20251127.csv::5,2.548,2025-11-27T13:08:04.744000+0200,2025-11-27T13:09:33.744000+0200,43,89.0,1.8755000000000002,2.7125,slow ~1.88s,,Aplicom A11 001,,80E4DA7EC61B,-60,,60.489984,22.183283,0101000020E6100000ABE97AA2EB2E364019C8B3CBB73E4E40,,,,,,,,,,,
19102240,2025-11-27T13:09:02.282000+0200,flic_button_data_export_20251127.csv,2.434,2.434,5,flic_button_data_export_20251127.csv::5,2.434,2025-11-27T13:08:04.744000+0200,2025-11-27T13:09:33.744000+0200,43,89.0,1.8755000000000002,2.7125,slow ~1.88s,,Aplicom A11 001,,80E4DA7EC61B,-59,,60.490088,22.184211,0101000020E61000003F90BC73282F3640BE141E34BB3E4E40,,,,,,,,,,,
19102241,2025-11-27T13:09:04.156000+0200,flic_button_data_export_20251127.csv,1.874,1.874,5,flic_button_data_export_20251127.csv::5,1.874,2025-11-27T13:08:04.744000+0200,2025-11-27T13:09:33.744000+0200,43,89.0,1.8755000000000002,2.7125,slow ~1.88s,,Aplicom A11 001,,80E4DA7EC61B,-68,,60.490206,22.185338,0101000020E6100000C0B4A84F722F3640C826F911BF3E4E40,,,,,,,,,,,
19102242,2025-11-27T13:09:06.024000+0200,flic_button_data_export_20251127.csv,1.868,1.868,5,flic_button_data_export_20251127.csv::5,1.868,2025-11-27T13:08:04.744000+0200,2025-11-27T13:09:33.744000+0200,43,89.0,1.8755000000000002,2.7125,slow ~1.88s,,Aplicom A11 001,,80E4DA7EC61B,-69,,60.490259,22.1859,0101000020E61000008F537424972F3640EBC891CEC03E4E40,,,,,,,,,,,
19102243,2025-11-27T13:09:08.739000+0200,flic_button_data_export_20251127.csv,2.715,2.715,5,flic_button_data_export_20251127.csv::5,2.715,2025-11-27T13:08:04.744000+0200,2025-11-27T13:09:33.744000+0200,43,89.0,1.8755000000000002,2.7125,slow ~1.88s,,Aplicom A11 001,,80E4DA7EC61B,-67,,60.490363,22.187031,0101000020E610000093567C43E12F36409015FC36C43E4E40,,,,,,,,,,,
19102244,2025-11-27T13:09:10.616000+0200,flic_button_data_export_20251127.csv,1.877,1.877,5,flic_button_data_export_20251127.csv::5,1.877,2025-11-27T13:08:04.744000+0200,2025-11-27T13:09:33.744000+0200,43,89.0,1.8755000000000002,2.7125,slow ~1.88s,,Aplicom A11 001,,80E4DA7EC61B,-65,,60.490413,22.187601,0101000020E610000068B27F9E0630364041446ADAC53E4E40,,,,,,,,,,,
19102245,2025-11-27T13:09:13.306000+0200,flic_button_data_export_20251127.csv,2.69,2.69,5,flic_button_data_export_20251127.csv::5,2.69,2025-11-27T13:08:04.744000+0200,2025-11-27T13:09:33.744000+0200,43,89.0,1.8755000000000002,2.7125,slow ~1.88s,,Aplicom A11 001,,80E4DA7EC61B,-76,,60.490528,22.188742,0101000020E6100000B3614D6551303640DAE21A9FC93E4E40,,,,,,,,,,,
19102246,2025-11-27T13:09:15.166000+0200,flic_button_data_export_20251127.csv,1.86,1.86,5,flic_button_data_export_20251127.csv::5,1.86,2025-11-27T13:08:04.744000+0200,2025-11-27T13:09:33.744000+0200,43,89.0,1.8755000000000002,2.7125,slow ~1.88s,,Aplicom A11 001,,80E4DA7EC61B,-62,,60.490611,22.189499,0101000020E6100000ED9FA7018330364068075C57CC3E4E40,,,,,,,,,,,
19102247,2025-11-27T13:09:17.033000+0200,flic_button_data_export_20251127.csv,1.867,1.867,5,flic_button_data_export_20251127.csv::5,1.867,2025-11-27T13:08:04.744000+0200,2025-11-27T13:09:33.744000+0200,43,89.0,1.8755000000000002,2.7125,slow ~1.88s,,Aplicom A11 001,,80E4DA7EC61B,-62,,60.490676,22.190065,0101000020E61000003F1D8F19A83036404F779E78CE3E4E40,,,,,,,,,,,
19102248,2025-11-27T13:09:18.899000+0200,flic_button_data_export_20251127.csv,1.866,1.866,5,flic_button_data_export_20251127.csv::5,1.866,2025-11-27T13:08:04.744000+0200,2025-11-27T13:09:33.744000+0200,43,89.0,1.8755000000000002,2.7125,slow ~1.88s,,Aplicom A11 001,,80E4DA7EC61B,-61,,60.490768,22.190816,0101000020E6100000B58D3F51D930364030F65E7CD13E4E40,,,,,,,,,,,
19102249,2025-11-27T13:09:20.815000+0200,flic_button_data_export_20251127.csv,1.916,1.916,5,flic_button_data_export_20251127.csv::5,1.916,2025-11-27T13:08:04.744000+0200,2025-11-27T13:09:33.744000+0200,43,89.0,1.8755000000000002,2.7125,slow ~1.88s,,Aplicom A11 001,,80E4DA7EC61B,-79,,60.490867,22.191558,0101000020E61000008449F1F109313640C3D7D7BAD43E4E40,,,,,,,,,,,
19102250,2025-11-27T13:09:23.712000+0200,flic_button_data_export_20251127.csv,2.897,2.897,5,flic_button_data_export_20251127.csv::5,2.897,2025-11-27T13:08:04.744000+0200,2025-11-27T13:09:33.744000+0200,43,89.0,1.8755000000000002,2.7125,slow ~1.88s,,Aplicom A11 001,,80E4DA7EC61B,-66,,60.490967,22.192291,0101000020E6100000AD50A4FB393136402635B401D83E4E40,,,,,,,,,,,
19102251,2025-11-27T13:09:25.603000+0200,flic_button_data_export_20251127.csv,1.891,1.891,5,flic_button_data_export_20251127.csv::5,1.891,2025-11-27T13:08:04.744000+0200,2025-11-27T13:09:33.744000+0200,43,89.0,1.8755000000000002,2.7125,slow ~1.88s,,Aplicom A11 001,,80E4DA7EC61B,-75,,60.491123,22.193377,0101000020E610000071CCB227813136401EA8531EDD3E4E40,,,,,,,,,,,
19102252,2025-11-27T13:09:27.459000+0200,flic_button_data_export_20251127.csv,1.856,1.856,5,flic_button_data_export_20251127.csv::5,1.856,2025-11-27T13:08:04.744000+0200,2025-11-27T13:09:33.744000+0200,43,89.0,1.8755000000000002,2.7125,slow ~1.88s,,Aplicom A11 001,,80E4DA7EC61B,-59,,60.491203,22.193914,0101000020E61000008E3C1059A43136403A596ABDDF3E4E40,,,,,,,,,,,
19102253,2025-11-27T13:09:29.316000+0200,flic_button_data_export_20251127.csv,1.857,1.857,5,flic_button_data_export_20251127.csv::5,1.857,2025-11-27T13:08:04.744000+0200,2025-11-27T13:09:33.744000+0200,43,89.0,1.8755000000000002,2.7125,slow ~1.88s,,Aplicom A11 001,,80E4DA7EC61B,-60,,60.491305,22.194631,0101000020E6100000ACC95356D33136403EAE0D15E33E4E40,,,,,,,,,,,
19102254,2025-11-27T13:09:31.857000+0200,flic_button_data_export_20251127.csv,2.541,2.541,5,flic_button_data_export_20251127.csv::5,2.541,2025-11-27T13:08:04.744000+0200,2025-11-27T13:09:33.744000+0200,43,89.0,1.8755000000000002,2.7125,slow ~1.88s,,Aplicom A11 001,,80E4DA7EC61B,-70,,60.491376,22.195171,0101000020E6100000AB2006BAF63136400805A568E53E4E40,,,,,,,,,,,
19102255,2025-11-27T13:09:33.744000+0200,flic_button_data_export_20251127.csv,1.887,1.887,5,flic_button_data_export_20251127.csv::5,1.887,2025-11-27T13:08:04.744000+0200,2025-11-27T13:09:33.744000+0200,43,89.0,1.8755000000000002,2.7125,slow ~1.88s,,Aplicom A11 001,,80E4DA7EC61B,-66,,60.491506,22.196263,0101000020E6100000336ABE4A3E323640D6E429ABE93E4E40,,,,,,,,,,,
19103595,2025-11-27T14:04:46.649000+0200,flic_button_data_export_20251127.csv,3312.905,3312.905,6,flic_button_data_export_20251127.csv::6,,2025-11-27T14:04:46.649000+0200,2025-11-27T14:05:42.743000+0200,28,56.094,1.964,2.213,slow ~1.88s,,Aplicom A11 001,,80E4DA7EC61B,-73,,60.434343,22.977084,0101000020E6100000E371512D22FA36408E1F2A8D98374E40,,,,,,,,,,,
19103596,2025-11-27T14:04:48.409000+0200,flic_button_data_export_20251127.csv,1.76,1.76,6,flic_button_data_export_20251127.csv::6,1.76,2025-11-27T14:04:46.649000+0200,2025-11-27T14:05:42.743000+0200,28,56.094,1.964,2.213,slow ~1.88s,,Aplicom A11 001,,80E4DA7EC61B,-68,,60.434288,22.977851,0101000020E6100000645C717154FA3640CB85CABF96374E40,,,,,,,,,,,
19103597,2025-11-27T14:04:50.601000+0200,flic_button_data_export_20251127.csv,2.192,2.192,6,flic_button_data_export_20251127.csv::6,2.192,2025-11-27T14:04:46.649000+0200,2025-11-27T14:05:42.743000+0200,28,56.094,1.964,2.213,slow ~1.88s,,Aplicom A11 001,,80E4DA7EC61B,-65,,60.434228,22.978619,0101000020E6100000853E58C686FA3640F58079C894374E40,,,,,,,,,,,
19103598,2025-11-27T14:04:52.817000+0200,flic_button_data_export_20251127.csv,2.216,2.216,6,flic_button_data_export_20251127.csv::6,2.216,2025-11-27T14:04:46.649000+0200,2025-11-27T14:05:42.743000+0200,28,56.094,1.964,2.213,slow ~1.88s,,Aplicom A11 001,,80E4DA7EC61B,-64,,60.434147,22.979577,0101000020E6100000EEE9EA8EC5FA36400954FF2092374E40,,,,,,,,,,,
19103599,2025-11-27T14:04:54.914000+0200,flic_button_data_export_20251127.csv,2.097,2.097,6,flic_button_data_export_20251127.csv::6,2.097,2025-11-27T14:04:46.649000+0200,2025-11-27T14:05:42.743000+0200,28,56.094,1.964,2.213,slow ~1.88s,,Aplicom A11 001,,80E4DA7EC61B,-64,,60.434076,22.980345,0101000020E610000010CCD1E3F7FA36403FFD67CD8F374E40,,,,,,,,,,,
19103600,2025-11-27T14:04:56.703000+0200,flic_button_data_export_20251127.csv,1.789,1.789,6,flic_button_data_export_20251127.csv::6,1.789,2025-11-27T14:04:46.649000+0200,2025-11-27T14:05:42.743000+0200,28,56.094,1.964,2.213,slow ~1.88s,,Aplicom A11 001,,80E4DA7EC61B,-71,,60.434018,22.980921,0101000020E6100000A9F57EA31DFB36400BF0DDE68D374E40,,,,,,,,,,,
19103601,2025-11-27T14:04:58.804000+0200,flic_button_data_export_20251127.csv,2.101,2.101,6,flic_button_data_export_20251127.csv::6,2.101,2025-11-27T14:04:46.649000+0200,2025-11-27T14:05:42.743000+0200,28,56.094,1.964,2.213,slow ~1.88s,,Aplicom A11 001,,80E4DA7EC61B,-64,,60.433917,22.981875,0101000020E61000008FC2F5285CFB3640D7169E978A374E40,,,,,,,,,,,
19103602,2025-11-27T14:05:00.624000+0200,flic_button_data_export_20251127.csv,1.82,1.82,6,flic_button_data_export_20251127.csv::6,1.82,2025-11-27T14:04:46.649000+0200,2025-11-27T14:05:42.743000+0200,28,56.094,1.964,2.213,slow ~1.88s,,Aplicom A11 001,,80E4DA7EC61B,-60,,60.433851,22.982446,0101000020E61000000516C09481FB36401F2BF86D88374E40,,,,,,,,,,,
19103603,2025-11-27T14:05:02.832000+0200,flic_button_data_export_20251127.csv,2.208,2.208,6,flic_button_data_export_20251127.csv::6,2.208,2025-11-27T14:04:46.649000+0200,2025-11-27T14:05:42.743000+0200,28,56.094,1.964,2.213,slow ~1.88s,,Aplicom A11 001,,80E4DA7EC61B,-59,,60.433737,22.983395,0101000020E6100000C80C54C6BFFB36405708ABB184374E40,,,,,,,,,,,
19103604,2025-11-27T14:05:04.998000+0200,flic_button_data_export_20251127.csv,2.166,2.166,6,flic_button_data_export_20251127.csv::6,2.166,2025-11-27T14:04:46.649000+0200,2025-11-27T14:05:42.743000+0200,28,56.094,1.964,2.213,slow ~1.88s,,Aplicom A11 001,,80E4DA7EC61B,-69,,60.433639,22.98415,0101000020E6100000C05B2041F1FB364094A2957B81374E40,,,,,,,,,,,
19103605,2025-11-27T14:05:06.780000+0200,flic_button_data_export_20251127.csv,1.782,1.782,6,flic_button_data_export_20251127.csv::6,1.782,2025-11-27T14:04:46.649000+0200,2025-11-27T14:05:42.743000+0200,28,56.094,1.964,2.213,slow ~1.88s,,Aplicom A11 001,,80E4DA7EC61B,-65,,60.433535,22.9849,0101000020E610000095D4096822FC3640EF552B137E374E40,,,,,,,,,,,
19103606,2025-11-27T14:05:08.744000+0200,flic_button_data_export_20251127.csv,1.964,1.964,6,flic_button_data_export_20251127.csv::6,1.964,2025-11-27T14:04:46.649000+0200,2025-11-27T14:05:42.743000+0200,28,56.094,1.964,2.213,slow ~1.88s,,Aplicom A11 001,,80E4DA7EC61B,-61,,60.433453,22.985462,0101000020E61000006473D53C47FC364032AD4D637B374E40,,,,,,,,,,,
19103607,2025-11-27T14:05:10.772000+0200,flic_button_data_export_20251127.csv,2.028,2.028,6,flic_button_data_export_20251127.csv::6,2.028,2025-11-27T14:04:46.649000+0200,2025-11-27T14:05:42.743000+0200,28,56.094,1.964,2.213,slow ~1.88s,,Aplicom A11 001,,80E4DA7EC61B,-63,,60.433308,22.986395,0101000020E61000001CF0F96184FC36402E8CF4A276374E40,,,,,,,,,,,
19103608,2025-11-27T14:05:12.579000+0200,flic_button_data_export_20251127.csv,1.807,1.807,6,flic_button_data_export_20251127.csv::6,1.807,2025-11-27T14:04:46.649000+0200,2025-11-27T14:05:42.743000+0200,28,56.094,1.964,2.213,slow ~1.88s,,Aplicom A11 001,,80E4DA7EC61B,-65,,60.433218,22.986954,0101000020E610000009A87004A9FC3640EE04FBAF73374E40,,,,,,,,,,,
19103609,2025-11-27T14:05:15.501000+0200,flic_button_data_export_20251127.csv,2.922,2.922,6,flic_button_data_export_20251127.csv::6,2.922,2025-11-27T14:04:46.649000+0200,2025-11-27T14:05:42.743000+0200,28,56.094,1.964,2.213,slow ~1.88s,,Aplicom A11 001,,80E4DA7EC61B,-72,,60.43303,22.988072,0101000020E6100000E3175E49F2FC3640EC17EC866D374E40,,,,,,,,,,,
19103610,2025-11-27T14:05:17.426000+0200,flic_button_data_export_20251127.csv,1.925,1.925,6,flic_button_data_export_20251127.csv::6,1.925,2025-11-27T14:04:46.649000+0200,2025-11-27T14:05:42.743000+0200,28,56.094,1.964,2.213,slow ~1.88s,,Aplicom A11 001,,80E4DA7EC61B,-61,,60.432898,22.988819,0101000020E6100000D6A9F23D23FD36407D40A03369374E40,,,,,,,,,,,
19103611,2025-11-27T14:05:19.207000+0200,flic_button_data_export_20251127.csv,1.781,1.781,6,flic_button_data_export_20251127.csv::6,1.781,2025-11-27T14:04:46.649000+0200,2025-11-27T14:05:42.743000+0200,28,56.094,1.964,2.213,slow ~1.88s,,Aplicom A11 001,,80E4DA7EC61B,-66,,60.432794,22.989376,0101000020E61000008272DBBE47FD3640D8F335CB65374E40,,,,,,,,,,,
19103612,2025-11-27T14:05:21.125000+0200,flic_button_data_export_20251127.csv,1.918,1.918,6,flic_button_data_export_20251127.csv::6,1.918,2025-11-27T14:04:46.649000+0200,2025-11-27T14:05:42.743000+0200,28,56.094,1.964,2.213,slow ~1.88s,,Aplicom A11 001,,80E4DA7EC61B,-63,,60.43265,22.990112,0101000020E61000008D60E3FA77FD3640A54E401361374E40,,,,,,,,,,,
19103613,2025-11-27T14:05:22.781000+0200,flic_button_data_export_20251127.csv,1.656,1.656,6,flic_button_data_export_20251127.csv::6,1.656,2025-11-27T14:04:46.649000+0200,2025-11-27T14:05:42.743000+0200,28,56.094,1.964,2.213,slow ~1.88s,,Aplicom A11 001,,80E4DA7EC61B,-63,,60.432503,22.990847,0101000020E6100000F7562426A8FD3640003620425C374E40,,,,,,,,,,,
19103614,2025-11-27T14:05:24.647000+0200,flic_button_data_export_20251127.csv,1.866,1.866,6,flic_button_data_export_20251127.csv::6,1.866,2025-11-27T14:04:46.649000+0200,2025-11-27T14:05:42.743000+0200,28,56.094,1.964,2.213,slow ~1.88s,,Aplicom A11 001,,80E4DA7EC61B,-65,20106.0,60.432392,22.991399,0101000020E610000080492A53CCFD3640A986FD9E58374E40,,,,,,,,,,,
19103615,2025-11-27T14:05:26.858000+0200,flic_button_data_export_20251127.csv,2.211,2.211,6,flic_button_data_export_20251127.csv::6,2.211,2025-11-27T14:04:46.649000+0200,2025-11-27T14:05:42.743000+0200,28,56.094,1.964,2.213,slow ~1.88s,,Aplicom A11 001,,80E4DA7EC61B,-69,,60.432207,22.992321,0101000020E61000004F22C2BF08FE3640170D198F52374E40,,,,,,,,,,,
19103616,2025-11-27T14:05:28.640000+0200,flic_button_data_export_20251127.csv,1.782,1.782,6,flic_button_data_export_20251127.csv::6,1.782,2025-11-27T14:04:46.649000+0200,2025-11-27T14:05:42.743000+0200,28,56.094,1.964,2.213,slow ~1.88s,,Aplicom A11 001,,80E4DA7EC61B,-60,,60.432093,22.992876,0101000020E6100000B9FB1C1F2DFE36404FEACBD24E374E40,,,,,,,,,,,
19103617,2025-11-27T14:05:30.474000+0200,flic_button_data_export_20251127.csv,1.834,1.834,6,flic_button_data_export_20251127.csv::6,1.834,2025-11-27T14:04:46.649000+0200,2025-11-27T14:05:42.743000+0200,28,56.094,1.964,2.213,slow ~1.88s,,Aplicom A11 001,,80E4DA7EC61B,-67,,60.431941,22.99362,0101000020E6100000CAA65CE15DFE36409966BAD749374E40,,,,,,,,,,,
19103618,2025-11-27T14:05:34.446000+0200,flic_button_data_export_20251127.csv,3.972,3.972,6,flic_button_data_export_20251127.csv::6,3.972,2025-11-27T14:04:46.649000+0200,2025-11-27T14:05:42.743000+0200,28,56.094,1.964,2.213,slow ~1.88s,,Aplicom A11 001,,80E4DA7EC61B,-64,,60.43165,22.995135,0101000020E6100000DF1AD82AC1FE3640C1A8A44E40374E40,,,,,,,,,,,
19103619,2025-11-27T14:05:36.448000+0200,flic_button_data_export_20251127.csv,2.002,2.002,6,flic_button_data_export_20251127.csv::6,2.002,2025-11-27T14:04:46.649000+0200,2025-11-27T14:05:42.743000+0200,28,56.094,1.964,2.213,slow ~1.88s,,Aplicom A11 001,,80E4DA7EC61B,-57,,60.43151,22.995903,0101000020E610000000FDBE7FF3FE3640D0F23CB83B374E40,,,,,,,,,,,
19103620,2025-11-27T14:05:38.650000+0200,flic_button_data_export_20251127.csv,2.202,2.202,6,flic_button_data_export_20251127.csv::6,2.202,2025-11-27T14:04:46.649000+0200,2025-11-27T14:05:42.743000+0200,28,56.094,1.964,2.213,slow ~1.88s,,Aplicom A11 001,,80E4DA7EC61B,-68,,60.431374,22.996678,0101000020E610000087A4164A26FF36401F2C634337374E40,,,,,,,,,,,
19103621,2025-11-27T14:05:40.539000+0200,flic_button_data_export_20251127.csv,1.889,1.889,6,flic_button_data_export_20251127.csv::6,1.889,2025-11-27T14:04:46.649000+0200,2025-11-27T14:05:42.743000+0200,28,56.094,1.964,2.213,slow ~1.88s,,Aplicom A11 001,,80E4DA7EC61B,-61,,60.43124,22.997456,0101000020E6100000F032C34659FF3640105D50DF32374E40,,,,,,,,,,,
19103622,2025-11-27T14:05:42.743000+0200,flic_button_data_export_20251127.csv,2.204,2.204,6,flic_button_data_export_20251127.csv::6,2.204,2025-11-27T14:04:46.649000+0200,2025-11-27T14:05:42.743000+0200,28,56.094,1.964,2.213,slow ~1.88s,,Aplicom A11 001,,80E4DA7EC61B,-67,,60.431113,22.998232,0101000020E610000018D2E1218CFF3640B3F0F5B52E374E40,,,,,,,,,,,
19104699,2025-11-27T14:57:57.146000+0200,flic_button_data_export_20251127.csv,3134.403,3134.403,7,flic_button_data_export_20251127.csv::7,,2025-11-27T14:57:57.146000+0200,2025-11-27T15:00:45.940000+0200,97,168.794,1.531,2.376,fast ~1.53s,,Aplicom A11 001,,80E4DA7EC61B,-69,,60.246788,23.510027,0101000020E6100000B613252191823740CB85CABF961F4E40,,,,,,,,,,,
19104700,2025-11-27T14:57:58.692000+0200,flic_button_data_export_20251127.csv,1.546,1.546,7,flic_button_data_export_20251127.csv::7,1.546,2025-11-27T14:57:57.146000+0200,2025-11-27T15:00:45.940000+0200,97,168.794,1.531,2.376,fast ~1.53s,,Aplicom A11 001,,80E4DA7EC61B,-68,,60.246806,23.510776,0101000020E6100000EA944737C2823740713AC956971F4E40,,,,,,,,,,,
19104701,2025-11-27T14:58:00.216000+0200,flic_button_data_export_20251127.csv,1.524,1.524,7,flic_button_data_export_20251127.csv::7,1.524,2025-11-27T14:57:57.146000+0200,2025-11-27T15:00:45.940000+0200,97,168.794,1.531,2.376,fast ~1.53s,,Aplicom A11 001,,80E4DA7EC61B,-75,,60.24681,23.51115,0101000020E6100000B459F5B9DA823740B3295778971F4E40,,,,,,,,,,,
19104702,2025-11-27T14:58:01.742000+0200,flic_button_data_export_20251127.csv,1.526,1.526,7,flic_button_data_export_20251127.csv::7,1.526,2025-11-27T14:57:57.146000+0200,2025-11-27T15:00:45.940000+0200,97,168.794,1.531,2.376,fast ~1.53s,,Aplicom A11 001,,80E4DA7EC61B,-76,,60.246818,23.5119,0101000020E610000089D2DEE00B833740350873BB971F4E40,,,,,,,,,,,
19104703,2025-11-27T14:58:04.540000+0200,flic_button_data_export_20251127.csv,2.798,2.798,7,flic_button_data_export_20251127.csv::7,2.798,2025-11-27T14:57:57.146000+0200,2025-11-27T15:00:45.940000+0200,97,168.794,1.531,2.376,fast ~1.53s,,Aplicom A11 001,,80E4DA7EC61B,-74,20106.0,60.246816,23.512849,0101000020E61000004BC972124A8337409510ACAA971F4E40,,,,,,,,,,,
19104704,2025-11-27T14:58:06.950000+0200,flic_button_data_export_20251127.csv,2.41,2.41,7,flic_button_data_export_20251127.csv::7,2.41,2025-11-27T14:57:57.146000+0200,2025-11-27T15:00:45.940000+0200,97,168.794,1.531,2.376,fast ~1.53s,,Aplicom A11 001,,80E4DA7EC61B,-70,,60.246799,23.513799,0101000020E6100000AEB7CD5488833740BFD7101C971F4E40,,,,,,,,,,,
19104705,2025-11-27T14:58:08.495000+0200,flic_button_data_export_20251127.csv,1.545,1.545,7,flic_button_data_export_20251127.csv::7,1.545,2025-11-27T14:57:57.146000+0200,2025-11-27T15:00:45.940000+0200,97,168.794,1.531,2.376,fast ~1.53s,,Aplicom A11 001,,80E4DA7EC61B,-75,,60.246778,23.514371,0101000020E6100000C5025FD1AD833740A7AFE76B961F4E40,,,,,,,,,,,
19104706,2025-11-27T14:58:10.031000+0200,flic_button_data_export_20251127.csv,1.536,1.536,7,flic_button_data_export_20251127.csv::7,1.536,2025-11-27T14:57:57.146000+0200,2025-11-27T15:00:45.940000+0200,97,168.794,1.531,2.376,fast ~1.53s,,Aplicom A11 001,,80E4DA7EC61B,-61,,60.246754,23.514947,0101000020E61000005E2C0C91D38337401F1494A2951F4E40,,,,,,,,,,,
19104707,2025-11-27T14:58:11.550000+0200,flic_button_data_export_20251127.csv,1.519,1.519,7,flic_button_data_export_20251127.csv::7,1.519,2025-11-27T14:57:57.146000+0200,2025-11-27T15:00:45.940000+0200,97,168.794,1.531,2.376,fast ~1.53s,,Aplicom A11 001,,80E4DA7EC61B,-66,,60.246726,23.515522,0101000020E6100000575EF23FF98337405589B2B7941F4E40,,,,,,,,,,,
19104708,2025-11-27T14:58:13.917000+0200,flic_button_data_export_20251127.csv,2.367,2.367,7,flic_button_data_export_20251127.csv::7,2.367,2025-11-27T14:57:57.146000+0200,2025-11-27T15:00:45.940000+0200,97,168.794,1.531,2.376,fast ~1.53s,,Aplicom A11 001,,80E4DA7EC61B,-90,20106.0,60.246692,23.516093,0101000020E6100000CDB1BCAB1E843740A9177C9A931F4E40,,,,,,,,,,,
19104709,2025-11-27T14:58:15.435000+0200,flic_button_data_export_20251127.csv,1.518,1.518,7,flic_button_data_export_20251127.csv::7,1.518,2025-11-27T14:57:57.146000+0200,2025-11-27T15:00:45.940000+0200,97,168.794,1.531,2.376,fast ~1.53s,,Aplicom A11 001,,80E4DA7EC61B,-73,,60.246627,23.517047,0101000020E6100000B37E33315D843740C1A73979911F4E40,,,,,,,,,,,
19104710,2025-11-27T14:58:16.963000+0200,flic_button_data_export_20251127.csv,1.528,1.528,7,flic_button_data_export_20251127.csv::7,1.528,2025-11-27T14:57:57.146000+0200,2025-11-27T15:00:45.940000+0200,97,168.794,1.531,2.376,fast ~1.53s,,Aplicom A11 001,,80E4DA7EC61B,-76,,60.24658,23.517618,0101000020E610000028D2FD9C8284374081ECF5EE8F1F4E40,,,,,,,,,,,
19104711,2025-11-27T14:58:18.504000+0200,flic_button_data_export_20251127.csv,1.541,1.541,7,flic_button_data_export_20251127.csv::7,1.541,2025-11-27T14:57:57.146000+0200,2025-11-27T15:00:45.940000+0200,97,168.794,1.531,2.376,fast ~1.53s,,Aplicom A11 001,,80E4DA7EC61B,-62,,60.246523,23.518182,0101000020E610000039605793A78437401D5BCF108E1F4E40,,,,,,,,,,,
19104712,2025-11-27T14:58:20.032000+0200,flic_button_data_export_20251127.csv,1.528,1.528,7,flic_button_data_export_20251127.csv::7,1.528,2025-11-27T14:57:57.146000+0200,2025-11-27T15:00:45.940000+0200,97,168.794,1.531,2.376,fast ~1.53s,,Aplicom A11 001,,80E4DA7EC61B,-70,,60.246459,23.518744,0101000020E610000009FF2268CC8437400667F0F78B1F4E40,,,,,,,,,,,
19104713,2025-11-27T14:58:22.033000+0200,flic_button_data_export_20251127.csv,2.001,2.001,7,flic_button_data_export_20251127.csv::7,2.001,2025-11-27T14:57:57.146000+0200,2025-11-27T15:00:45.940000+0200,97,168.794,1.531,2.376,fast ~1.53s,,Aplicom A11 001,,80E4DA7EC61B,-72,,60.246415,23.519121,0101000020E6100000B4AA251DE5843740361FD7868A1F4E40,,,,,,,,,,,
19104714,2025-11-27T14:58:23.561000+0200,flic_button_data_export_20251127.csv,1.528,1.528,7,flic_button_data_export_20251127.csv::7,1.528,2025-11-27T14:57:57.146000+0200,2025-11-27T15:00:45.940000+0200,97,168.794,1.531,2.376,fast ~1.53s,,Aplicom A11 001,,80E4DA7EC61B,-75,,60.246297,23.520056,0101000020E6100000AD16D863228537402C0DFCA8861F4E40,,,,,,,,,,,
19104715,2025-11-27T14:58:25.104000+0200,flic_button_data_export_20251127.csv,1.543,1.543,7,flic_button_data_export_20251127.csv::7,1.543,2025-11-27T14:57:57.146000+0200,2025-11-27T15:00:45.940000+0200,97,168.794,1.531,2.376,fast ~1.53s,,Aplicom A11 001,,80E4DA7EC61B,-65,,60.24622,23.520613,0101000020E610000059DFC0E44685374081CF0F23841F4E40,,,,,,,,,,,
19104716,2025-11-27T14:58:26.627000+0200,flic_button_data_export_20251127.csv,1.523,1.523,7,flic_button_data_export_20251127.csv::7,1.523,2025-11-27T14:57:57.146000+0200,2025-11-27T15:00:45.940000+0200,97,168.794,1.531,2.376,fast ~1.53s,,Aplicom A11 001,,80E4DA7EC61B,-66,,60.246137,23.521168,0101000020E6100000C3B81B446B853740F3AACE6A811F4E40,,,,,,,,,,,
19104717,2025-11-27T14:58:28.159000+0200,flic_button_data_export_20251127.csv,1.532,1.532,7,flic_button_data_export_20251127.csv::7,1.532,2025-11-27T14:57:57.146000+0200,2025-11-27T15:00:45.940000+0200,97,168.794,1.531,2.376,fast ~1.53s,,Aplicom A11 001,,80E4DA7EC61B,-73,,60.246051,23.521722,0101000020E61000008D9AAF928F853740F51263997E1F4E40,,,,,,,,,,,
19104718,2025-11-27T14:58:30.061000+0200,flic_button_data_export_20251127.csv,1.902,1.902,7,flic_button_data_export_20251127.csv::7,1.902,2025-11-27T14:57:57.146000+0200,2025-11-27T15:00:45.940000+0200,97,168.794,1.531,2.376,fast ~1.53s,,Aplicom A11 001,,80E4DA7EC61B,-65,20106.0,60.245992,23.522091,0101000020E610000033897AC1A7853740F08975AA7C1F4E40,,,,,,,,,,,
19104719,2025-11-27T14:58:31.590000+0200,flic_button_data_export_20251127.csv,1.529,1.529,7,flic_button_data_export_20251127.csv::7,1.529,2025-11-27T14:57:57.146000+0200,2025-11-27T15:00:45.940000+0200,97,168.794,1.531,2.376,fast ~1.53s,,Aplicom A11 001,,80E4DA7EC61B,-61,,60.245845,23.523008,0101000020E6100000DF8B2FDAE38537404C7155D9771F4E40,,,,,,,,,,,
19104720,2025-11-27T14:58:33.107000+0200,flic_button_data_export_20251127.csv,1.517,1.517,7,flic_button_data_export_20251127.csv::7,1.517,2025-11-27T14:57:57.146000+0200,2025-11-27T15:00:45.940000+0200,97,168.794,1.531,2.376,fast ~1.53s,,Aplicom A11 001,,80E4DA7EC61B,-74,,60.245751,23.52356,0101000020E6100000677E350708863740CAFACDC4741F4E40,,,,,,,,,,,
19104721,2025-11-27T14:58:34.626000+0200,flic_button_data_export_20251127.csv,1.519,1.519,7,flic_button_data_export_20251127.csv::7,1.519,2025-11-27T14:57:57.146000+0200,2025-11-27T15:00:45.940000+0200,97,168.794,1.531,2.376,fast ~1.53s,,Aplicom A11 001,,80E4DA7EC61B,-72,,60.24566,23.524112,0101000020E6100000EF703B342C863740BAF770C9711F4E40,,,,,,,,,,,
19104722,2025-11-27T14:58:36.155000+0200,flic_button_data_export_20251127.csv,1.529,1.529,7,flic_button_data_export_20251127.csv::7,1.529,2025-11-27T14:57:57.146000+0200,2025-11-27T15:00:45.940000+0200,97,168.794,1.531,2.376,fast ~1.53s,,Aplicom A11 001,,80E4DA7EC61B,-55,,60.245572,23.524664,0101000020E610000078634161508637401B683EE76E1F4E40,,,,,,,,,,,
19104723,2025-11-27T14:58:37.925000+0200,flic_button_data_export_20251127.csv,1.77,1.77,7,flic_button_data_export_20251127.csv::7,1.77,2025-11-27T14:57:57.146000+0200,2025-11-27T15:00:45.940000+0200,97,168.794,1.531,2.376,fast ~1.53s,,Aplicom A11 001,,80E4DA7EC61B,-63,,60.245514,23.525034,0101000020E6100000BF49D3A068863740E65AB4006D1F4E40,,,,,,,,,,,
19104724,2025-11-27T14:58:39.449000+0200,flic_button_data_export_20251127.csv,1.524,1.524,7,flic_button_data_export_20251127.csv::7,1.524,2025-11-27T14:57:57.146000+0200,2025-11-27T15:00:45.940000+0200,97,168.794,1.531,2.376,fast ~1.53s,,Aplicom A11 001,,80E4DA7EC61B,-69,,60.245371,23.525956,0101000020E61000008E226B0DA586374083312251681F4E40,,,,,,,,,,,
19104725,2025-11-27T14:58:40.985000+0200,flic_button_data_export_20251127.csv,1.536,1.536,7,flic_button_data_export_20251127.csv::7,1.536,2025-11-27T14:57:57.146000+0200,2025-11-27T15:00:45.940000+0200,97,168.794,1.531,2.376,fast ~1.53s,,Aplicom A11 001,,80E4DA7EC61B,-68,,60.24529,23.526513,0101000020E61000003AEB538EC98637409604A8A9651F4E40,,,,,,,,,,,
19104726,2025-11-27T14:58:42.508000+0200,flic_button_data_export_20251127.csv,1.523,1.523,7,flic_button_data_export_20251127.csv::7,1.523,2025-11-27T14:57:57.146000+0200,2025-11-27T15:00:45.940000+0200,97,168.794,1.531,2.376,fast ~1.53s,,Aplicom A11 001,,80E4DA7EC61B,-64,,60.245212,23.527072,0101000020E610000027A3CA30EE8637401B4B581B631F4E40,,,,,,,,,,,
19104727,2025-11-27T14:58:44.041000+0200,flic_button_data_export_20251127.csv,1.533,1.533,7,flic_button_data_export_20251127.csv::7,1.533,2025-11-27T14:57:57.146000+0200,2025-11-27T15:00:45.940000+0200,97,168.794,1.531,2.376,fast ~1.53s,,Aplicom A11 001,,80E4DA7EC61B,-56,,60.245141,23.527634,0101000020E6100000F64196051387374051F4C0C7601F4E40,,,,,,,,,,,
19104728,2025-11-27T14:58:46.004000+0200,flic_button_data_export_20251127.csv,1.963,1.963,7,flic_button_data_export_20251127.csv::7,1.963,2025-11-27T14:57:57.146000+0200,2025-11-27T15:00:45.940000+0200,97,168.794,1.531,2.376,fast ~1.53s,,Aplicom A11 001,,80E4DA7EC61B,-61,20106.0,60.245095,23.528009,0101000020E610000061FE0A992B873740E1B4E0455F1F4E40,,,,,,,,,,,
19104729,2025-11-27T14:58:47.535000+0200,flic_button_data_export_20251127.csv,1.531,1.531,7,flic_button_data_export_20251127.csv::7,1.531,2025-11-27T14:57:57.146000+0200,2025-11-27T15:00:45.940000+0200,97,168.794,1.531,2.376,fast ~1.53s,,Aplicom A11 001,,80E4DA7EC61B,-70,,60.244985,23.528951,0101000020E6100000BE2F2E55698737405A8121AB5B1F4E40,,,,,,,,,,,
19104730,2025-11-27T14:58:49.066000+0200,flic_button_data_export_20251127.csv,1.531,1.531,7,flic_button_data_export_20251127.csv::7,1.531,2025-11-27T14:57:57.146000+0200,2025-11-27T15:00:45.940000+0200,97,168.794,1.531,2.376,fast ~1.53s,,Aplicom A11 001,,80E4DA7EC61B,-70,,60.244921,23.529521,0101000020E6100000938B31B08E873740438D4292591F4E40,,,,,,,,,,,
19104731,2025-11-27T14:58:50.627000+0200,flic_button_data_export_20251127.csv,1.561,1.561,7,flic_button_data_export_20251127.csv::7,1.561,2025-11-27T14:57:57.146000+0200,2025-11-27T15:00:45.940000+0200,97,168.794,1.531,2.376,fast ~1.53s,,Aplicom A11 001,,80E4DA7EC61B,-68,,60.244861,23.530093,0101000020E6100000AAD6C22CB48737406E88F19A571F4E40,,,,,,,,,,,
19104732,2025-11-27T14:58:52.149000+0200,flic_button_data_export_20251127.csv,1.522,1.522,7,flic_button_data_export_20251127.csv::7,1.522,2025-11-27T14:57:57.146000+0200,2025-11-27T15:00:45.940000+0200,97,168.794,1.531,2.376,fast ~1.53s,,Aplicom A11 001,,80E4DA7EC61B,-63,,60.244804,23.530665,0101000020E6100000C02154A9D98737400AF7CABC551F4E40,,,,,,,,,,,
19104733,2025-11-27T14:58:53.925000+0200,flic_button_data_export_20251127.csv,1.776,1.776,7,flic_button_data_export_20251127.csv::7,1.776,2025-11-27T14:57:57.146000+0200,2025-11-27T15:00:45.940000+0200,97,168.794,1.531,2.376,fast ~1.53s,,Aplicom A11 001,,80E4DA7EC61B,-61,,60.244768,23.531046,0101000020E6100000EFAB72A1F2873740BD8DCD8E541F4E40,,,,,,,,,,,
19104734,2025-11-27T14:58:56.056000+0200,flic_button_data_export_20251127.csv,2.131,2.131,7,flic_button_data_export_20251127.csv::7,2.131,2025-11-27T14:57:57.146000+0200,2025-11-27T15:00:45.940000+0200,97,168.794,1.531,2.376,fast ~1.53s,,Aplicom A11 001,,80E4DA7EC61B,-68,,60.244663,23.532192,0101000020E61000005D3123BC3D88374048C5FF1D511F4E40,,,,,,,,,,,
19104735,2025-11-27T14:58:57.573000+0200,flic_button_data_export_20251127.csv,1.517,1.517,7,flic_button_data_export_20251127.csv::7,1.517,2025-11-27T14:57:57.146000+0200,2025-11-27T15:00:45.940000+0200,97,168.794,1.531,2.376,fast ~1.53s,,Aplicom A11 001,,80E4DA7EC61B,-65,,60.244608,23.532765,0101000020E610000015747B4963883740842BA0504F1F4E40,,,,,,,,,,,
19104736,2025-11-27T14:58:59.096000+0200,flic_button_data_export_20251127.csv,1.523,1.523,7,flic_button_data_export_20251127.csv::7,1.523,2025-11-27T14:57:57.146000+0200,2025-11-27T15:00:45.940000+0200,97,168.794,1.531,2.376,fast ~1.53s,,Aplicom A11 001,,80E4DA7EC61B,-69,,60.244553,23.53334,0101000020E61000000DA661F888883740C19140834D1F4E40,,,,,,,,,,,
19104737,2025-11-27T14:59:00.626000+0200,flic_button_data_export_20251127.csv,1.53,1.53,7,flic_button_data_export_20251127.csv::7,1.53,2025-11-27T14:57:57.146000+0200,2025-11-27T15:00:45.940000+0200,97,168.794,1.531,2.376,fast ~1.53s,,Aplicom A11 001,,80E4DA7EC61B,-61,,60.244497,23.533911,0101000020E610000083F92B64AE8837402D7C7DAD4B1F4E40,,,,,,,,,,,
19104738,2025-11-27T14:59:03.011000+0200,flic_button_data_export_20251127.csv,2.385,2.385,7,flic_button_data_export_20251127.csv::7,2.385,2025-11-27T14:57:57.146000+0200,2025-11-27T15:00:45.940000+0200,97,168.794,1.531,2.376,fast ~1.53s,,Aplicom A11 001,,80E4DA7EC61B,-65,,60.244402,23.534861,0101000020E6100000E6E786A6EC883740DB899290481F4E40,,,,,,,,,,,
19104739,2025-11-27T14:59:04.532000+0200,flic_button_data_export_20251127.csv,1.521,1.521,7,flic_button_data_export_20251127.csv::7,1.521,2025-11-27T14:57:57.146000+0200,2025-11-27T15:00:45.940000+0200,97,168.794,1.531,2.376,fast ~1.53s,,Aplicom A11 001,,80E4DA7EC61B,-58,,60.244339,23.53543,0101000020E61000001B4CC3F01189374094111780461F4E40,,,,,,,,,,,
19104740,2025-11-27T14:59:06.055000+0200,flic_button_data_export_20251127.csv,1.523,1.523,7,flic_button_data_export_20251127.csv::7,1.523,2025-11-27T14:57:57.146000+0200,2025-11-27T15:00:45.940000+0200,97,168.794,1.531,2.376,fast ~1.53s,,Aplicom A11 001,,80E4DA7EC61B,-72,,60.244274,23.535997,0101000020E61000000DC1711937893740ADA1D45E441F4E40,,,,,,,,,,,
19104741,2025-11-27T14:59:07.577000+0200,flic_button_data_export_20251127.csv,1.522,1.522,7,flic_button_data_export_20251127.csv::7,1.522,2025-11-27T14:57:57.146000+0200,2025-11-27T15:00:45.940000+0200,97,168.794,1.531,2.376,fast ~1.53s,,Aplicom A11 001,,80E4DA7EC61B,-69,,60.244204,23.536563,0101000020E6100000603E59315C893740B5C6A013421F4E40,,,,,,,,,,,
19104742,2025-11-27T14:59:09.095000+0200,flic_button_data_export_20251127.csv,1.518,1.518,7,flic_button_data_export_20251127.csv::7,1.518,2025-11-27T14:57:57.146000+0200,2025-11-27T15:00:45.940000+0200,97,168.794,1.531,2.376,fast ~1.53s,,Aplicom A11 001,,80E4DA7EC61B,-65,,60.244128,23.537125,0101000020E61000002FDD240681893740DA0418963F1F4E40,,,,,,,,,,,
19104743,2025-11-27T14:59:13.853000+0200,flic_button_data_export_20251127.csv,4.758,4.758,7,flic_button_data_export_20251127.csv::7,4.758,2025-11-27T14:57:57.146000+0200,2025-11-27T15:00:45.940000+0200,97,168.794,1.531,2.376,fast ~1.53s,,Aplicom A11 001,,80E4DA7EC61B,-67,,60.243848,23.538979,0101000020E6100000153B1A87FA893740F6984869361F4E40,,,,,,,,,,,
19104744,2025-11-27T14:59:15.384000+0200,flic_button_data_export_20251127.csv,1.531,1.531,7,flic_button_data_export_20251127.csv::7,1.531,2025-11-27T14:57:57.146000+0200,2025-11-27T15:00:45.940000+0200,97,168.794,1.531,2.376,fast ~1.53s,,Aplicom A11 001,,80E4DA7EC61B,-65,,60.243757,23.539521,0101000020E610000056815A0C1E8A3740E695EB6D331F4E40,,,,,,,,,,,
19104745,2025-11-27T14:59:16.908000+0200,flic_button_data_export_20251127.csv,1.524,1.524,7,flic_button_data_export_20251127.csv::7,1.524,2025-11-27T14:57:57.146000+0200,2025-11-27T15:00:45.940000+0200,97,168.794,1.531,2.376,fast ~1.53s,,Aplicom A11 001,,80E4DA7EC61B,-66,,60.24366,23.540059,0101000020E610000014E97E4E418A3740F3AB3940301F4E40,,,,,,,,,,,
19104746,2025-11-27T14:59:18.970000+0200,flic_button_data_export_20251127.csv,2.062,2.062,7,flic_button_data_export_20251127.csv::7,2.062,2025-11-27T14:57:57.146000+0200,2025-11-27T15:00:45.940000+0200,97,168.794,1.531,2.376,fast ~1.53s,,Aplicom A11 001,,80E4DA7EC61B,-61,,60.243528,23.540776,0101000020E61000003276C24B708A374084D4EDEC2B1F4E40,,,,,,,,,,,
19104747,2025-11-27T14:59:20.509000+0200,flic_button_data_export_20251127.csv,1.539,1.539,7,flic_button_data_export_20251127.csv::7,1.539,2025-11-27T14:57:57.146000+0200,2025-11-27T15:00:45.940000+0200,97,168.794,1.531,2.376,fast ~1.53s,,Aplicom A11 001,,80E4DA7EC61B,-67,,60.243422,23.541313,0101000020E61000004FE61F7D938A37403F90BC73281F4E40,,,,,,,,,,,
19104748,2025-11-27T14:59:22.027000+0200,flic_button_data_export_20251127.csv,1.518,1.518,7,flic_button_data_export_20251127.csv::7,1.518,2025-11-27T14:57:57.146000+0200,2025-11-27T15:00:45.940000+0200,97,168.794,1.531,2.376,fast ~1.53s,,Aplicom A11 001,,80E4DA7EC61B,-71,,60.243311,23.541848,0101000020E61000002C67EF8CB68A3740E7E099D0241F4E40,,,,,,,,,,,
19104749,2025-11-27T14:59:23.549000+0200,flic_button_data_export_20251127.csv,1.522,1.522,7,flic_button_data_export_20251127.csv::7,1.522,2025-11-27T14:57:57.146000+0200,2025-11-27T15:00:45.940000+0200,97,168.794,1.531,2.376,fast ~1.53s,,Aplicom A11 001,,80E4DA7EC61B,-65,,60.243195,23.54238,0101000020E610000026016A6AD98A37407EC68503211F4E40,,,,,,,,,,,
19104750,2025-11-27T14:59:25.091000+0200,flic_button_data_export_20251127.csv,1.542,1.542,7,flic_button_data_export_20251127.csv::7,1.542,2025-11-27T14:57:57.146000+0200,2025-11-27T15:00:45.940000+0200,97,168.794,1.531,2.376,fast ~1.53s,,Aplicom A11 001,,80E4DA7EC61B,-64,,60.243072,23.542906,0101000020E61000005BCD3AE3FB8A37406249B9FB1C1F4E40,,,,,,,,,,,
19104751,2025-11-27T14:59:27.088000+0200,flic_button_data_export_20251127.csv,1.997,1.997,7,flic_button_data_export_20251127.csv::7,1.997,2025-11-27T14:57:57.146000+0200,2025-11-27T15:00:45.940000+0200,97,168.794,1.531,2.376,fast ~1.53s,,Aplicom A11 001,,80E4DA7EC61B,-67,,60.242906,23.543603,0101000020E6100000EB01F390298B37404700378B171F4E40,,,,,,,,,,,
19104752,2025-11-27T14:59:28.608000+0200,flic_button_data_export_20251127.csv,1.52,1.52,7,flic_button_data_export_20251127.csv::7,1.52,2025-11-27T14:57:57.146000+0200,2025-11-27T15:00:45.940000+0200,97,168.794,1.531,2.376,fast ~1.53s,,Aplicom A11 001,,80E4DA7EC61B,-67,,60.24278,23.544119,0101000020E6100000D921FE614B8B3740BB0F406A131F4E40,,,,,,,,,,,
19104753,2025-11-27T14:59:30.138000+0200,flic_button_data_export_20251127.csv,1.53,1.53,7,flic_button_data_export_20251127.csv::7,1.53,2025-11-27T14:57:57.146000+0200,2025-11-27T15:00:45.940000+0200,97,168.794,1.531,2.376,fast ~1.53s,,Aplicom A11 001,,80E4DA7EC61B,-60,,60.242653,23.544634,0101000020E6100000274A42226D8B37405DA3E5400F1F4E40,,,,,,,,,,,
19104754,2025-11-27T14:59:32.548000+0200,flic_button_data_export_20251127.csv,2.41,2.41,7,flic_button_data_export_20251127.csv::7,2.41,2025-11-27T14:57:57.146000+0200,2025-11-27T15:00:45.940000+0200,97,168.794,1.531,2.376,fast ~1.53s,,Aplicom A11 001,,80E4DA7EC61B,-64,,60.242431,23.545486,0101000020E6100000056D72F8A48B3740AF44A0FA071F4E40,,,,,,,,,,,
19104755,2025-11-27T14:59:34.945000+0200,flic_button_data_export_20251127.csv,2.397,2.397,7,flic_button_data_export_20251127.csv::7,2.397,2025-11-27T14:57:57.146000+0200,2025-11-27T15:00:45.940000+0200,97,168.794,1.531,2.376,fast ~1.53s,,Aplicom A11 001,,80E4DA7EC61B,-69,,60.242191,23.546327,0101000020E6100000FBEB1516DC8B374059315C1D001F4E40,,,,,,,,,,,
19104756,2025-11-27T14:59:36.476000+0200,flic_button_data_export_20251127.csv,1.531,1.531,7,flic_button_data_export_20251127.csv::7,1.531,2025-11-27T14:57:57.146000+0200,2025-11-27T15:00:45.940000+0200,97,168.794,1.531,2.376,fast ~1.53s,,Aplicom A11 001,,80E4DA7EC61B,-67,20106.0,60.242048,23.546826,0101000020E61000003D9AEAC9FC8B3740F607CA6DFB1E4E40,,,,,,,,,,,
19104757,2025-11-27T14:59:38.000000+0200,flic_button_data_export_20251127.csv,1.524,1.524,7,flic_button_data_export_20251127.csv::7,1.524,2025-11-27T14:57:57.146000+0200,2025-11-27T15:00:45.940000+0200,97,168.794,1.531,2.376,fast ~1.53s,,Aplicom A11 001,,80E4DA7EC61B,-58,,60.241906,23.54733,0101000020E6100000A31EA2D11D8C3740645A9BC6F61E4E40,,,,,,,,,,,
19104758,2025-11-27T14:59:39.524000+0200,flic_button_data_export_20251127.csv,1.524,1.524,7,flic_button_data_export_20251127.csv::7,1.524,2025-11-27T14:57:57.146000+0200,2025-11-27T15:00:45.940000+0200,97,168.794,1.531,2.376,fast ~1.53s,,Aplicom A11 001,,80E4DA7EC61B,-56,,60.241767,23.54784,0101000020E6100000CE70033E3F8C374043209738F21E4E40,,,,,,,,,,,
19104759,2025-11-27T14:59:41.927000+0200,flic_button_data_export_20251127.csv,2.403,2.403,7,flic_button_data_export_20251127.csv::7,2.403,2025-11-27T14:57:57.146000+0200,2025-11-27T15:00:45.940000+0200,97,168.794,1.531,2.376,fast ~1.53s,,Aplicom A11 001,,80E4DA7EC61B,-64,,60.241626,23.548348,0101000020E6100000B7D3D688608C374080EECB99ED1E4E40,,,,,,,,,,,
19104760,2025-11-27T14:59:43.454000+0200,flic_button_data_export_20251127.csv,1.527,1.527,7,flic_button_data_export_20251127.csv::7,1.527,2025-11-27T14:57:57.146000+0200,2025-11-27T15:00:45.940000+0200,97,168.794,1.531,2.376,fast ~1.53s,,Aplicom A11 001,,80E4DA7EC61B,-65,,60.241393,23.549194,0101000020E6100000D0285DFA978C3740DE3D40F7E51E4E40,,,,,,,,,,,
19104761,2025-11-27T14:59:44.978000+0200,flic_button_data_export_20251127.csv,1.524,1.524,7,flic_button_data_export_20251127.csv::7,1.524,2025-11-27T14:57:57.146000+0200,2025-11-27T15:00:45.940000+0200,97,168.794,1.531,2.376,fast ~1.53s,,Aplicom A11 001,,80E4DA7EC61B,-71,,60.241257,23.549709,0101000020E61000001E51A1BAB98C37402D776682E11E4E40,,,,,,,,,,,
19104762,2025-11-27T14:59:46.512000+0200,flic_button_data_export_20251127.csv,1.534,1.534,7,flic_button_data_export_20251127.csv::7,1.534,2025-11-27T14:57:57.146000+0200,2025-11-27T15:00:45.940000+0200,97,168.794,1.531,2.376,fast ~1.53s,,Aplicom A11 001,,80E4DA7EC61B,-62,,60.241125,23.550225,0101000020E61000000D71AC8BDB8C3740BE9F1A2FDD1E4E40,,,,,,,,,,,
19104763,2025-11-27T14:59:48.034000+0200,flic_button_data_export_20251127.csv,1.522,1.522,7,flic_button_data_export_20251127.csv::7,1.522,2025-11-27T14:57:57.146000+0200,2025-11-27T15:00:45.940000+0200,97,168.794,1.531,2.376,fast ~1.53s,,Aplicom A11 001,,80E4DA7EC61B,-62,20106.0,60.240995,23.550743,0101000020E61000003D80457EFD8C3740F0BF95ECD81E4E40,,,,,,,,,,,
19104764,2025-11-27T14:59:49.908000+0200,flic_button_data_export_20251127.csv,1.874,1.874,7,flic_button_data_export_20251127.csv::7,1.874,2025-11-27T14:57:57.146000+0200,2025-11-27T15:00:45.940000+0200,97,168.794,1.531,2.376,fast ~1.53s,,Aplicom A11 001,,80E4DA7EC61B,-65,,60.240911,23.551093,0101000020E6100000F60D4C6E148D3740921FF12BD61E4E40,,,,,,,,,,,
19104765,2025-11-27T14:59:51.424000+0200,flic_button_data_export_20251127.csv,1.516,1.516,7,flic_button_data_export_20251127.csv::7,1.516,2025-11-27T14:57:57.146000+0200,2025-11-27T15:00:45.940000+0200,97,168.794,1.531,2.376,fast ~1.53s,,Aplicom A11 001,,80E4DA7EC61B,-70,,60.240712,23.551969,0101000020E6100000E46723D74D8D37409CE09BA6CF1E4E40,,,,,,,,,,,
19104766,2025-11-27T14:59:54.089000+0200,flic_button_data_export_20251127.csv,2.665,2.665,7,flic_button_data_export_20251127.csv::7,2.665,2025-11-27T14:57:57.146000+0200,2025-11-27T15:00:45.940000+0200,97,168.794,1.531,2.376,fast ~1.53s,,Aplicom A11 001,,80E4DA7EC61B,-76,,60.240596,23.5525,0101000020E61000003D0AD7A3708D374032C687D9CB1E4E40,,,,,,,,,,,
19104767,2025-11-27T14:59:55.609000+0200,flic_button_data_export_20251127.csv,1.52,1.52,7,flic_button_data_export_20251127.csv::7,1.52,2025-11-27T14:57:57.146000+0200,2025-11-27T15:00:45.940000+0200,97,168.794,1.531,2.376,fast ~1.53s,,Aplicom A11 001,,80E4DA7EC61B,-67,,60.240412,23.553392,0101000020E610000037DE1D19AB8D374071C806D2C51E4E40,,,,,,,,,,,
19104768,2025-11-27T14:59:57.134000+0200,flic_button_data_export_20251127.csv,1.525,1.525,7,flic_button_data_export_20251127.csv::7,1.525,2025-11-27T14:57:57.146000+0200,2025-11-27T15:00:45.940000+0200,97,168.794,1.531,2.376,fast ~1.53s,,Aplicom A11 001,,80E4DA7EC61B,-67,,60.240306,23.553931,0101000020E6100000963D096CCE8D37402B84D558C21E4E40,,,,,,,,,,,
19104769,2025-11-27T14:59:58.666000+0200,flic_button_data_export_20251127.csv,1.532,1.532,7,flic_button_data_export_20251127.csv::7,1.532,2025-11-27T14:57:57.146000+0200,2025-11-27T15:00:45.940000+0200,97,168.794,1.531,2.376,fast ~1.53s,,Aplicom A11 001,,80E4DA7EC61B,-59,,60.240178,23.554657,0101000020E61000005A7F4B00FE8D3740FE9B1727BE1E4E40,,,,,,,,,,,
19104770,2025-11-27T15:00:00.189000+0200,flic_button_data_export_20251127.csv,1.523,1.523,7,flic_button_data_export_20251127.csv::7,1.523,2025-11-27T14:57:57.146000+0200,2025-11-27T15:00:45.940000+0200,97,168.794,1.531,2.376,fast ~1.53s,,Aplicom A11 001,,80E4DA7EC61B,-64,,60.240117,23.555021,0101000020E6100000DD9733DB158E3740581B6327BC1E4E40,,,,,,,,,,,
19104771,2025-11-27T15:00:01.733000+0200,flic_button_data_export_20251127.csv,1.544,1.544,7,flic_button_data_export_20251127.csv::7,1.544,2025-11-27T14:57:57.146000+0200,2025-11-27T15:00:45.940000+0200,97,168.794,1.531,2.376,fast ~1.53s,,Aplicom A11 001,,80E4DA7EC61B,-68,,60.239998,23.555751,0101000020E610000024B891B2458E37407E8D2441B81E4E40,,,,,,,,,,,
19104772,2025-11-27T15:00:03.260000+0200,flic_button_data_export_20251127.csv,1.527,1.527,7,flic_button_data_export_20251127.csv::7,1.527,2025-11-27T14:57:57.146000+0200,2025-11-27T15:00:45.940000+0200,97,168.794,1.531,2.376,fast ~1.53s,,Aplicom A11 001,,80E4DA7EC61B,-64,,60.23994,23.556116,0101000020E610000047C8409E5D8E374049809A5AB61E4E40,,,,,,,,,,,
19104773,2025-11-27T15:00:04.780000+0200,flic_button_data_export_20251127.csv,1.52,1.52,7,flic_button_data_export_20251127.csv::7,1.52,2025-11-27T14:57:57.146000+0200,2025-11-27T15:00:45.940000+0200,97,168.794,1.531,2.376,fast ~1.53s,,Aplicom A11 001,,80E4DA7EC61B,-64,,60.239832,23.556847,0101000020E61000002FE065868D8E37406344A2D0B21E4E40,,,,,,,,,,,
19104774,2025-11-27T15:00:06.993000+0200,flic_button_data_export_20251127.csv,2.213,2.213,7,flic_button_data_export_20251127.csv::7,2.213,2025-11-27T14:57:57.146000+0200,2025-11-27T15:00:45.940000+0200,97,168.794,1.531,2.376,fast ~1.53s,,Aplicom A11 001,,80E4DA7EC61B,-63,,60.239734,23.557575,0101000020E61000003411363CBD8E3740A0DE8C9AAF1E4E40,,,,,,,,,,,
19104775,2025-11-27T15:00:08.522000+0200,flic_button_data_export_20251127.csv,1.529,1.529,7,flic_button_data_export_20251127.csv::7,1.529,2025-11-27T14:57:57.146000+0200,2025-11-27T15:00:45.940000+0200,97,168.794,1.531,2.376,fast ~1.53s,,Aplicom A11 001,,80E4DA7EC61B,-69,,60.239664,23.558119,0101000020E6100000B74604E3E08E3740A703594FAD1E4E40,,,,,,,,,,,
19104776,2025-11-27T15:00:10.045000+0200,flic_button_data_export_20251127.csv,1.523,1.523,7,flic_button_data_export_20251127.csv::7,1.523,2025-11-27T14:57:57.146000+0200,2025-11-27T15:00:45.940000+0200,97,168.794,1.531,2.376,fast ~1.53s,,Aplicom A11 001,,80E4DA7EC61B,-63,,60.239597,23.558662,0101000020E610000099840B79048F3740209C4F1DAB1E4E40,,,,,,,,,,,
19104777,2025-11-27T15:00:11.580000+0200,flic_button_data_export_20251127.csv,1.535,1.535,7,flic_button_data_export_20251127.csv::7,1.535,2025-11-27T14:57:57.146000+0200,2025-11-27T15:00:45.940000+0200,97,168.794,1.531,2.376,fast ~1.53s,,Aplicom A11 001,,80E4DA7EC61B,-62,,60.239538,23.559207,0101000020E6100000BCB1A030288F37401B13622EA91E4E40,,,,,,,,,,,
19104778,2025-11-27T15:00:13.909000+0200,flic_button_data_export_20251127.csv,2.329,2.329,7,flic_button_data_export_20251127.csv::7,2.329,2025-11-27T14:57:57.146000+0200,2025-11-27T15:00:45.940000+0200,97,168.794,1.531,2.376,fast ~1.53s,,Aplicom A11 001,,80E4DA7EC61B,-74,20106.0,60.239487,23.559754,0101000020E610000021CEC3094C8F374098689082A71E4E40,,,,,,,,,,,
19104779,2025-11-27T15:00:15.432000+0200,flic_button_data_export_20251127.csv,1.523,1.523,7,flic_button_data_export_20251127.csv::7,1.523,2025-11-27T14:57:57.146000+0200,2025-11-27T15:00:45.940000+0200,97,168.794,1.531,2.376,fast ~1.53s,,Aplicom A11 001,,80E4DA7EC61B,-67,,60.239413,23.560667,0101000020E610000049F25CDF878F37405E9ECE15A51E4E40,,,,,,,,,,,
19104780,2025-11-27T15:00:16.972000+0200,flic_button_data_export_20251127.csv,1.54,1.54,7,flic_button_data_export_20251127.csv::7,1.54,2025-11-27T14:57:57.146000+0200,2025-11-27T15:00:45.940000+0200,97,168.794,1.531,2.376,fast ~1.53s,,Aplicom A11 001,,80E4DA7EC61B,-68,,60.239377,23.561216,0101000020E6100000F0FD0DDAAB8F37401135D1E7A31E4E40,,,,,,,,,,,
19104781,2025-11-27T15:00:18.506000+0200,flic_button_data_export_20251127.csv,1.534,1.534,7,flic_button_data_export_20251127.csv::7,1.534,2025-11-27T14:57:57.146000+0200,2025-11-27T15:00:45.940000+0200,97,168.794,1.531,2.376,fast ~1.53s,,Aplicom A11 001,,80E4DA7EC61B,-64,,60.239344,23.561769,0101000020E610000019E8DA17D08F3740363FFED2A21E4E40,,,,,,,,,,,
19104782,2025-11-27T15:00:20.045000+0200,flic_button_data_export_20251127.csv,1.539,1.539,7,flic_button_data_export_20251127.csv::7,1.539,2025-11-27T14:57:57.146000+0200,2025-11-27T15:00:45.940000+0200,97,168.794,1.531,2.376,fast ~1.53s,,Aplicom A11 001,,80E4DA7EC61B,-60,,60.239315,23.562321,0101000020E6100000A1DAE044F48F37409B38B9DFA11E4E40,,,,,,,,,,,
19104823,2025-11-27T15:00:23.423000+0200,flic_button_data_export_20251127.csv,3.378,3.378,7,flic_button_data_export_20251127.csv::7,3.378,2025-11-27T14:57:57.146000+0200,2025-11-27T15:00:45.940000+0200,97,168.794,1.531,2.376,fast ~1.53s,,Aplicom A11 001,,80E4DA7EC61B,-62,,60.23928,23.563615,0101000020E6100000F8889812499037401F4B1FBAA01E4E40,,,,,,,,,,,
19104824,2025-11-27T15:00:24.955000+0200,flic_button_data_export_20251127.csv,1.532,1.532,7,flic_button_data_export_20251127.csv::7,1.532,2025-11-27T14:57:57.146000+0200,2025-11-27T15:00:45.940000+0200,97,168.794,1.531,2.376,fast ~1.53s,,Aplicom A11 001,,80E4DA7EC61B,-65,,60.239274,23.564178,0101000020E6100000681F2BF86D9037403D64CA87A01E4E40,,,,,,,,,,,
19104825,2025-11-27T15:00:26.502000+0200,flic_button_data_export_20251127.csv,1.547,1.547,7,flic_button_data_export_20251127.csv::7,1.547,2025-11-27T14:57:57.146000+0200,2025-11-27T15:00:45.940000+0200,97,168.794,1.531,2.376,fast ~1.53s,,Aplicom A11 001,,80E4DA7EC61B,-71,,60.239269,23.564746,0101000020E6100000FC8BA031939037402BF9D85DA01E4E40,,,,,,,,,,,
19104826,2025-11-27T15:00:28.026000+0200,flic_button_data_export_20251127.csv,1.524,1.524,7,flic_button_data_export_20251127.csv::7,1.524,2025-11-27T14:57:57.146000+0200,2025-11-27T15:00:45.940000+0200,97,168.794,1.531,2.376,fast ~1.53s,,Aplicom A11 001,,80E4DA7EC61B,-60,,60.239271,23.565314,0101000020E610000090F8156BB8903740CCF09F6EA01E4E40,,,,,,,,,,,
19104827,2025-11-27T15:00:29.912000+0200,flic_button_data_export_20251127.csv,1.886,1.886,7,flic_button_data_export_20251127.csv::7,1.886,2025-11-27T14:57:57.146000+0200,2025-11-27T15:00:45.940000+0200,97,168.794,1.531,2.376,fast ~1.53s,,Aplicom A11 001,,80E4DA7EC61B,-61,,60.239276,23.565693,0101000020E61000007D93A641D1903740DD5B9198A01E4E40,,,,,,,,,,,
19104828,2025-11-27T15:00:31.438000+0200,flic_button_data_export_20251127.csv,1.526,1.526,7,flic_button_data_export_20251127.csv::7,1.526,2025-11-27T14:57:57.146000+0200,2025-11-27T15:00:45.940000+0200,97,168.794,1.531,2.376,fast ~1.53s,,Aplicom A11 001,,80E4DA7EC61B,-65,,60.239288,23.56665,0101000020E6100000454772F90F913740A2293BFDA01E4E40,,,,,,,,,,,
19104829,2025-11-27T15:00:33.661000+0200,flic_button_data_export_20251127.csv,2.223,2.223,7,flic_button_data_export_20251127.csv::7,2.223,2025-11-27T14:57:57.146000+0200,2025-11-27T15:00:45.940000+0200,97,168.794,1.531,2.376,fast ~1.53s,,Aplicom A11 001,,80E4DA7EC61B,-70,,60.239294,23.567419,0101000020E61000000821205F429137408410902FA11E4E40,,,,,,,,,,,
19104830,2025-11-27T15:00:35.182000+0200,flic_button_data_export_20251127.csv,1.521,1.521,7,flic_button_data_export_20251127.csv::7,1.521,2025-11-27T14:57:57.146000+0200,2025-11-27T15:00:45.940000+0200,97,168.794,1.531,2.376,fast ~1.53s,,Aplicom A11 001,,80E4DA7EC61B,-74,,60.239296,23.567997,0101000020E6100000E2395B406891374025085740A11E4E40,,,,,,,,,,,
19104831,2025-11-27T15:00:36.707000+0200,flic_button_data_export_20251127.csv,1.525,1.525,7,flic_button_data_export_20251127.csv::7,1.525,2025-11-27T14:57:57.146000+0200,2025-11-27T15:00:45.940000+0200,97,168.794,1.531,2.376,fast ~1.53s,,Aplicom A11 001,,80E4DA7EC61B,-70,,60.239289,23.56877,0101000020E610000028F224E99A91374072A59E05A11E4E40,,,,,,,,,,,
19104832,2025-11-27T15:00:38.931000+0200,flic_button_data_export_20251127.csv,2.224,2.224,7,flic_button_data_export_20251127.csv::7,2.224,2025-11-27T14:57:57.146000+0200,2025-11-27T15:00:45.940000+0200,97,168.794,1.531,2.376,fast ~1.53s,,Aplicom A11 001,,80E4DA7EC61B,-68,20106.0,60.239286,23.569539,0101000020E6100000EACBD24ECD913740013274ECA01E4E40,,,,,,,,,,,
19104833,2025-11-27T15:00:40.448000+0200,flic_button_data_export_20251127.csv,1.517,1.517,7,flic_button_data_export_20251127.csv::7,1.517,2025-11-27T14:57:57.146000+0200,2025-11-27T15:00:45.940000+0200,97,168.794,1.531,2.376,fast ~1.53s,,Aplicom A11 001,,80E4DA7EC61B,-67,,60.239277,23.570121,0101000020E610000048C32973F3913740AED7F4A0A01E4E40,,,,,,,,,,,
19104834,2025-11-27T15:00:41.972000+0200,flic_button_data_export_20251127.csv,1.524,1.524,7,flic_button_data_export_20251127.csv::7,1.524,2025-11-27T14:57:57.146000+0200,2025-11-27T15:00:45.940000+0200,97,168.794,1.531,2.376,fast ~1.53s,,Aplicom A11 001,,80E4DA7EC61B,-64,,60.239259,23.570705,0101000020E6100000E7A90EB9199237400723F609A01E4E40,,,,,,,,,,,
19104835,2025-11-27T15:00:45.940000+0200,flic_button_data_export_20251127.csv,3.968,3.968,7,flic_button_data_export_20251127.csv::7,3.968,2025-11-27T14:57:57.146000+0200,2025-11-27T15:00:45.940000+0200,97,168.794,1.531,2.376,fast ~1.53s,,Aplicom A11 001,,80E4DA7EC61B,-64,,60.239203,23.571864,0101000020E61000007FC2D9AD65923740740D33349E1E4E40,,,,,,,,,,,
19104836,2025-11-27T15:00:59.497000+0200,flic_button_data_export_20251127.csv,13.557,13.557,8,flic_button_data_export_20251127.csv::8,,2025-11-27T15:00:59.497000+0200,2025-11-27T15:03:01.697000+0200,70,122.2,1.536,2.3128,fast ~1.53s,,Aplicom A11 001,,80E4DA7EC61B,-66,,60.238602,23.577388,0101000020E6100000541A31B3CF9337404E61A5828A1E4E40,,,,,,,,,,,
19104837,2025-11-27T15:01:01.020000+0200,flic_button_data_export_20251127.csv,1.523,1.523,8,flic_button_data_export_20251127.csv::8,1.523,2025-11-27T15:00:59.497000+0200,2025-11-27T15:03:01.697000+0200,70,122.2,1.536,2.3128,fast ~1.53s,,Aplicom A11 001,,80E4DA7EC61B,-80,,60.238503,23.577954,0101000020E6100000A69718CBF4933740BB7F2C44871E4E40,,,,,,,,,,,
19104838,2025-11-27T15:01:02.983000+0200,flic_button_data_export_20251127.csv,1.963,1.963,8,flic_button_data_export_20251127.csv::8,1.963,2025-11-27T15:00:59.497000+0200,2025-11-27T15:03:01.697000+0200,70,122.2,1.536,2.3128,fast ~1.53s,,Aplicom A11 001,,80E4DA7EC61B,-71,,60.238359,23.578691,0101000020E6100000527DE7172594374088DA368C821E4E40,,,,,,,,,,,
19104839,2025-11-27T15:01:04.519000+0200,flic_button_data_export_20251127.csv,1.536,1.536,8,flic_button_data_export_20251127.csv::8,1.536,2025-11-27T15:00:59.497000+0200,2025-11-27T15:03:01.697000+0200,70,122.2,1.536,2.3128,fast ~1.53s,,Aplicom A11 001,,80E4DA7EC61B,-72,,60.238238,23.579229,0101000020E610000011E50B5A489437400D5531957E1E4E40,,,,,,,,,,,
19104840,2025-11-27T15:01:06.052000+0200,flic_button_data_export_20251127.csv,1.533,1.533,8,flic_button_data_export_20251127.csv::8,1.533,2025-11-27T15:00:59.497000+0200,2025-11-27T15:03:01.697000+0200,70,122.2,1.536,2.3128,fast ~1.53s,,Aplicom A11 001,,80E4DA7EC61B,-72,,60.238112,23.579756,0101000020E6100000E7A8A3E36A94374080643A747A1E4E40,,,,,,,,,,,
19104841,2025-11-27T15:01:07.582000+0200,flic_button_data_export_20251127.csv,1.53,1.53,8,flic_button_data_export_20251127.csv::8,1.53,2025-11-27T15:00:59.497000+0200,2025-11-27T15:03:01.697000+0200,70,122.2,1.536,2.3128,fast ~1.53s,,Aplicom A11 001,,80E4DA7EC61B,-65,,60.237979,23.580274,0101000020E610000017B83CD68C94374041118B18761E4E40,,,,,,,,,,,
19104842,2025-11-27T15:01:09.943000+0200,flic_button_data_export_20251127.csv,2.361,2.361,8,flic_button_data_export_20251127.csv::8,2.361,2025-11-27T15:00:59.497000+0200,2025-11-27T15:03:01.697000+0200,70,122.2,1.536,2.3128,fast ~1.53s,,Aplicom A11 001,,80E4DA7EC61B,-61,,60.237838,23.580777,0101000020E6100000DD442DCDAD9437407FDFBF79711E4E40,,,,,,,,,,,
19104843,2025-11-27T15:01:11.468000+0200,flic_button_data_export_20251127.csv,1.525,1.525,8,flic_button_data_export_20251127.csv::8,1.525,2025-11-27T15:00:59.497000+0200,2025-11-27T15:03:01.697000+0200,70,122.2,1.536,2.3128,fast ~1.53s,,Aplicom A11 001,,80E4DA7EC61B,-66,,60.237584,23.581564,0101000020E6100000EC87D860E1943740C4060B27691E4E40,,,,,,,,,,,
19104844,2025-11-27T15:01:13.629000+0200,flic_button_data_export_20251127.csv,2.161,2.161,8,flic_button_data_export_20251127.csv::8,2.161,2025-11-27T15:00:59.497000+0200,2025-11-27T15:03:01.697000+0200,70,122.2,1.536,2.3128,fast ~1.53s,,Aplicom A11 001,,80E4DA7EC61B,-70,,60.237428,23.582016,0101000020E6100000ADBF2500FF943740CD936B0A641E4E40,,,,,,,,,,,
19104845,2025-11-27T15:01:15.150000+0200,flic_button_data_export_20251127.csv,1.521,1.521,8,flic_button_data_export_20251127.csv::8,1.521,2025-11-27T15:00:59.497000+0200,2025-11-27T15:03:01.697000+0200,70,122.2,1.536,2.3128,fast ~1.53s,,Aplicom A11 001,,80E4DA7EC61B,-72,,60.237222,23.582588,0101000020E6100000C40AB77C2495374024F25D4A5D1E4E40,,,,,,,,,,,
19104846,2025-11-27T15:01:16.690000+0200,flic_button_data_export_20251127.csv,1.54,1.54,8,flic_button_data_export_20251127.csv::8,1.54,2025-11-27T15:00:59.497000+0200,2025-11-27T15:03:01.697000+0200,70,122.2,1.536,2.3128,fast ~1.53s,,Aplicom A11 001,,80E4DA7EC61B,-61,,60.237008,23.583129,0101000020E6100000645930F147953740F8713447561E4E40,,,,,,,,,,,
19104847,2025-11-27T15:01:18.943000+0200,flic_button_data_export_20251127.csv,2.253,2.253,8,flic_button_data_export_20251127.csv::8,2.253,2025-11-27T15:00:59.497000+0200,2025-11-27T15:03:01.697000+0200,70,122.2,1.536,2.3128,fast ~1.53s,,Aplicom A11 001,,80E4DA7EC61B,-68,,60.236785,23.583646,0101000020E6100000F47002D36995374078978BF84E1E4E40,,,,,,,,,,,
19104848,2025-11-27T15:01:20.467000+0200,flic_button_data_export_20251127.csv,1.524,1.524,8,flic_button_data_export_20251127.csv::8,1.524,2025-11-27T15:00:59.497000+0200,2025-11-27T15:03:01.697000+0200,70,122.2,1.536,2.3128,fast ~1.53s,,Aplicom A11 001,,80E4DA7EC61B,-70,,60.236617,23.584019,0101000020E61000001D3EE94482953740BD564277491E4E40,,,,,,,,,,,
19104849,2025-11-27T15:01:21.993000+0200,flic_button_data_export_20251127.csv,1.526,1.526,8,flic_button_data_export_20251127.csv::8,1.526,2025-11-27T15:00:59.497000+0200,2025-11-27T15:03:01.697000+0200,70,122.2,1.536,2.3128,fast ~1.53s,,Aplicom A11 001,,80E4DA7EC61B,-60,,60.236446,23.584381,0101000020E61000005E6743FE9995374090A2CEDC431E4E40,,,,,,,,,,,
19104850,2025-11-27T15:01:23.532000+0200,flic_button_data_export_20251127.csv,1.539,1.539,8,flic_button_data_export_20251127.csv::8,1.539,2025-11-27T15:00:59.497000+0200,2025-11-27T15:03:01.697000+0200,70,122.2,1.536,2.3128,fast ~1.53s,,Aplicom A11 001,,80E4DA7EC61B,-61,,60.236273,23.584737,0101000020E6100000DBC2F352B1953740C2F693313E1E4E40,,,,,,,,,,,
19104851,2025-11-27T15:01:25.905000+0200,flic_button_data_export_20251127.csv,2.373,2.373,8,flic_button_data_export_20251127.csv::8,2.373,2025-11-27T15:00:59.497000+0200,2025-11-27T15:03:01.697000+0200,70,122.2,1.536,2.3128,fast ~1.53s,,Aplicom A11 001,,80E4DA7EC61B,-69,,60.236102,23.585087,0101000020E61000009450FA42C895374096422097381E4E40,,,,,,,,,,,
19104852,2025-11-27T15:01:27.423000+0200,flic_button_data_export_20251127.csv,1.518,1.518,8,flic_button_data_export_20251127.csv::8,1.518,2025-11-27T15:00:59.497000+0200,2025-11-27T15:03:01.697000+0200,70,122.2,1.536,2.3128,fast ~1.53s,,Aplicom A11 001,,80E4DA7EC61B,-68,,60.23582,23.585667,0101000020E6100000B058C345EE95374011DF89592F1E4E40,,,,,,,,,,,
19104853,2025-11-27T15:01:28.950000+0200,flic_button_data_export_20251127.csv,1.527,1.527,8,flic_button_data_export_20251127.csv::8,1.527,2025-11-27T15:00:59.497000+0200,2025-11-27T15:03:01.697000+0200,70,122.2,1.536,2.3128,fast ~1.53s,,Aplicom A11 001,,80E4DA7EC61B,-69,,60.235657,23.586024,0101000020E6100000CDAB3AAB05963740680932022A1E4E40,,,,,,,,,,,
19104854,2025-11-27T15:01:30.486000+0200,flic_button_data_export_20251127.csv,1.536,1.536,8,flic_button_data_export_20251127.csv::8,1.536,2025-11-27T15:00:59.497000+0200,2025-11-27T15:03:01.697000+0200,70,122.2,1.536,2.3128,fast ~1.53s,,Aplicom A11 001,,80E4DA7EC61B,-60,20106.0,60.235496,23.586388,0101000020E610000050C422861D9637405E2BA1BB241E4E40,,,,,,,,,,,
19104855,2025-11-27T15:01:32.025000+0200,flic_button_data_export_20251127.csv,1.539,1.539,8,flic_button_data_export_20251127.csv::8,1.539,2025-11-27T15:00:59.497000+0200,2025-11-27T15:03:01.697000+0200,70,122.2,1.536,2.3128,fast ~1.53s,,Aplicom A11 001,,80E4DA7EC61B,-59,,60.235343,23.586767,0101000020E61000003D5FB35C36963740D82B2CB81F1E4E40,,,,,,,,,,,
19104856,2025-11-27T15:01:33.681000+0200,flic_button_data_export_20251127.csv,1.656,1.656,8,flic_button_data_export_20251127.csv::8,1.656,2025-11-27T15:00:59.497000+0200,2025-11-27T15:03:01.697000+0200,70,122.2,1.536,2.3128,fast ~1.53s,,Aplicom A11 001,,80E4DA7EC61B,-68,,60.235244,23.587023,0101000020E6100000F3FFAA2347963740454AB3791C1E4E40,,,,,,,,,,,
19104857,2025-11-27T15:01:35.879000+0200,flic_button_data_export_20251127.csv,2.198,2.198,8,flic_button_data_export_20251127.csv::8,2.198,2025-11-27T15:00:59.497000+0200,2025-11-27T15:03:01.697000+0200,70,122.2,1.536,2.3128,fast ~1.53s,,Aplicom A11 001,,80E4DA7EC61B,-59,,60.234971,23.587834,0101000020E6100000147AFD497C96374014419C87131E4E40,,,,,,,,,,,
19104858,2025-11-27T15:01:37.403000+0200,flic_button_data_export_20251127.csv,1.524,1.524,8,flic_button_data_export_20251127.csv::8,1.524,2025-11-27T15:00:59.497000+0200,2025-11-27T15:03:01.697000+0200,70,122.2,1.536,2.3128,fast ~1.53s,,Aplicom A11 001,,80E4DA7EC61B,-78,,60.234852,23.588255,0101000020E61000005FB532E19796374039B35DA10F1E4E40,,,,,,,,,,,
19104859,2025-11-27T15:01:38.931000+0200,flic_button_data_export_20251127.csv,1.528,1.528,8,flic_button_data_export_20251127.csv::8,1.528,2025-11-27T15:00:59.497000+0200,2025-11-27T15:03:01.697000+0200,70,122.2,1.536,2.3128,fast ~1.53s,,Aplicom A11 001,,80E4DA7EC61B,-56,,60.234743,23.58868,0101000020E61000002DCF83BBB396374083FB010F0C1E4E40,,,,,,,,,,,
19104860,2025-11-27T15:01:40.454000+0200,flic_button_data_export_20251127.csv,1.523,1.523,8,flic_button_data_export_20251127.csv::8,1.523,2025-11-27T15:00:59.497000+0200,2025-11-27T15:03:01.697000+0200,70,122.2,1.536,2.3128,fast ~1.53s,,Aplicom A11 001,,80E4DA7EC61B,-71,,60.234643,23.589107,0101000020E61000003CD862B7CF9637401F9E25C8081E4E40,,,,,,,,,,,
19104861,2025-11-27T15:01:42.041000+0200,flic_button_data_export_20251127.csv,1.587,1.587,8,flic_button_data_export_20251127.csv::8,1.587,2025-11-27T15:00:59.497000+0200,2025-11-27T15:03:01.697000+0200,70,122.2,1.536,2.3128,fast ~1.53s,,Aplicom A11 001,,80E4DA7EC61B,-67,,60.234613,23.58925,0101000020E6100000022B8716D9963740B51B7DCC071E4E40,,,,,,,,,,,
19104862,2025-11-27T15:01:43.574000+0200,flic_button_data_export_20251127.csv,1.533,1.533,8,flic_button_data_export_20251127.csv::8,1.533,2025-11-27T15:00:59.497000+0200,2025-11-27T15:03:01.697000+0200,70,122.2,1.536,2.3128,fast ~1.53s,,Aplicom A11 001,,80E4DA7EC61B,-67,,60.234471,23.58997,0101000020E6100000029F1F4608973740226E4E25031E4E40,,,,,,,,,,,
19104863,2025-11-27T15:01:46.329000+0200,flic_button_data_export_20251127.csv,2.755,2.755,8,flic_button_data_export_20251127.csv::8,2.755,2025-11-27T15:00:59.497000+0200,2025-11-27T15:03:01.697000+0200,70,122.2,1.536,2.3128,fast ~1.53s,,Aplicom A11 001,,80E4DA7EC61B,-68,,60.234324,23.590834,0101000020E6100000685DA3E5409737407E552E54FE1D4E40,,,,,,,,,,,
19104864,2025-11-27T15:01:47.851000+0200,flic_button_data_export_20251127.csv,1.522,1.522,8,flic_button_data_export_20251127.csv::8,1.522,2025-11-27T15:00:59.497000+0200,2025-11-27T15:03:01.697000+0200,70,122.2,1.536,2.3128,fast ~1.53s,,Aplicom A11 001,,80E4DA7EC61B,-67,,60.234258,23.591266,0101000020E61000009B3C65355D973740C669882AFC1D4E40,,,,,,,,,,,
19104865,2025-11-27T15:01:49.932000+0200,flic_button_data_export_20251127.csv,2.081,2.081,8,flic_button_data_export_20251127.csv::8,2.081,2025-11-27T15:00:59.497000+0200,2025-11-27T15:03:01.697000+0200,70,122.2,1.536,2.3128,fast ~1.53s,,Aplicom A11 001,,80E4DA7EC61B,-62,,60.234217,23.591555,0101000020E610000008C9022670973740689599D2FA1D4E40,,,,,,,,,,,
19104866,2025-11-27T15:01:51.457000+0200,flic_button_data_export_20251127.csv,1.525,1.525,8,flic_button_data_export_20251127.csv::8,1.525,2025-11-27T15:00:59.497000+0200,2025-11-27T15:03:01.697000+0200,70,122.2,1.536,2.3128,fast ~1.53s,,Aplicom A11 001,,80E4DA7EC61B,-66,,60.234123,23.592276,0101000020E6100000A83462669F973740E61E12BEF71D4E40,,,,,,,,,,,
19104867,2025-11-27T15:01:52.997000+0200,flic_button_data_export_20251127.csv,1.54,1.54,8,flic_button_data_export_20251127.csv::8,1.54,2025-11-27T15:00:59.497000+0200,2025-11-27T15:03:01.697000+0200,70,122.2,1.536,2.3128,fast ~1.53s,,Aplicom A11 001,,80E4DA7EC61B,-65,,60.234074,23.592711,0101000020E6100000BEFA78E8BB973740056C0723F61D4E40,,,,,,,,,,,
19104868,2025-11-27T15:01:56.188000+0200,flic_button_data_export_20251127.csv,3.191,3.191,8,flic_button_data_export_20251127.csv::8,3.191,2025-11-27T15:00:59.497000+0200,2025-11-27T15:03:01.697000+0200,70,122.2,1.536,2.3128,fast ~1.53s,,Aplicom A11 001,,80E4DA7EC61B,-72,,60.233995,23.593582,0101000020E6100000897E6DFDF4973740B936548CF31D4E40,,,,,,,,,,,
19104869,2025-11-27T15:01:57.733000+0200,flic_button_data_export_20251127.csv,1.545,1.545,8,flic_button_data_export_20251127.csv::8,1.545,2025-11-27T15:00:59.497000+0200,2025-11-27T15:03:01.697000+0200,70,122.2,1.536,2.3128,fast ~1.53s,,Aplicom A11 001,,80E4DA7EC61B,-72,,60.233951,23.594158,0101000020E610000022A81ABD1A983740E9EE3A1BF21D4E40,,,,,,,,,,,
19104870,2025-11-27T15:01:59.268000+0200,flic_button_data_export_20251127.csv,1.535,1.535,8,flic_button_data_export_20251127.csv::8,1.535,2025-11-27T15:00:59.497000+0200,2025-11-27T15:03:01.697000+0200,70,122.2,1.536,2.3128,fast ~1.53s,,Aplicom A11 001,,80E4DA7EC61B,-57,,60.233928,23.594591,0101000020E6100000F67EA31D3798374031CF4A5AF11D4E40,,,,,,,,,,,
19104871,2025-11-27T15:02:00.802000+0200,flic_button_data_export_20251127.csv,1.534,1.534,8,flic_button_data_export_20251127.csv::8,1.534,2025-11-27T15:00:59.497000+0200,2025-11-27T15:03:01.697000+0200,70,122.2,1.536,2.3128,fast ~1.53s,,Aplicom A11 001,,80E4DA7EC61B,-69,,60.23391,23.595023,0101000020E6100000295E656D539837408B1A4CC3F01D4E40,,,,,,,,,,,
19104872,2025-11-27T15:02:02.325000+0200,flic_button_data_export_20251127.csv,1.523,1.523,8,flic_button_data_export_20251127.csv::8,1.523,2025-11-27T15:00:59.497000+0200,2025-11-27T15:03:01.697000+0200,70,122.2,1.536,2.3128,fast ~1.53s,,Aplicom A11 001,,80E4DA7EC61B,-69,,60.233897,23.595456,0101000020E6100000FC34EECD6F983740F6D03E56F01D4E40,,,,,,,,,,,
19104873,2025-11-27T15:02:03.847000+0200,flic_button_data_export_20251127.csv,1.522,1.522,8,flic_button_data_export_20251127.csv::8,1.522,2025-11-27T15:00:59.497000+0200,2025-11-27T15:03:01.697000+0200,70,122.2,1.536,2.3128,fast ~1.53s,,Aplicom A11 001,,80E4DA7EC61B,-65,20106.0,60.233886,23.59589,0101000020E610000071033E3F8C983740027FF8F9EF1D4E40,,,,,,,,,,,
19104874,2025-11-27T15:02:05.946000+0200,flic_button_data_export_20251127.csv,2.099,2.099,8,flic_button_data_export_20251127.csv::8,2.099,2025-11-27T15:00:59.497000+0200,2025-11-27T15:03:01.697000+0200,70,122.2,1.536,2.3128,fast ~1.53s,,Aplicom A11 001,,80E4DA7EC61B,-75,,60.233878,23.596182,0101000020E6100000C07630629F9837407FA0DCB6EF1D4E40,,,,,,,,,,,
19104875,2025-11-27T15:02:07.490000+0200,flic_button_data_export_20251127.csv,1.544,1.544,8,flic_button_data_export_20251127.csv::8,1.544,2025-11-27T15:00:59.497000+0200,2025-11-27T15:03:01.697000+0200,70,122.2,1.536,2.3128,fast ~1.53s,,Aplicom A11 001,,80E4DA7EC61B,-71,,60.23387,23.59693,0101000020E610000054008C67D0983740FDC1C073EF1D4E40,,,,,,,,,,,
19104876,2025-11-27T15:02:09.019000+0200,flic_button_data_export_20251127.csv,1.529,1.529,8,flic_button_data_export_20251127.csv::8,1.529,2025-11-27T15:00:59.497000+0200,2025-11-27T15:03:01.697000+0200,70,122.2,1.536,2.3128,fast ~1.53s,,Aplicom A11 001,,80E4DA7EC61B,-68,,60.23387,23.59739,0101000020E61000001BF5108DEE983740FDC1C073EF1D4E40,,,,,,,,,,,
19104877,2025-11-27T15:02:10.540000+0200,flic_button_data_export_20251127.csv,1.521,1.521,8,flic_button_data_export_20251127.csv::8,1.521,2025-11-27T15:00:59.497000+0200,2025-11-27T15:03:01.697000+0200,70,122.2,1.536,2.3128,fast ~1.53s,,Aplicom A11 001,,80E4DA7EC61B,-78,,60.233868,23.597863,0101000020E61000000B7DB08C0D9937405CCAF962EF1D4E40,,,,,,,,,,,
19104878,2025-11-27T15:02:12.077000+0200,flic_button_data_export_20251127.csv,1.537,1.537,8,flic_button_data_export_20251127.csv::8,1.537,2025-11-27T15:00:59.497000+0200,2025-11-27T15:03:01.697000+0200,70,122.2,1.536,2.3128,fast ~1.53s,,Aplicom A11 001,,80E4DA7EC61B,-65,,60.233864,23.598349,0101000020E610000024986A662D9937401ADB6B41EF1D4E40,,,,,,,,,,,
19104879,2025-11-27T15:02:13.936000+0200,flic_button_data_export_20251127.csv,1.859,1.859,8,flic_button_data_export_20251127.csv::8,1.859,2025-11-27T15:00:59.497000+0200,2025-11-27T15:03:01.697000+0200,70,122.2,1.536,2.3128,fast ~1.53s,,Aplicom A11 001,,80E4DA7EC61B,-67,,60.233857,23.598682,0101000020E610000031B43A39439937406878B306EF1D4E40,,,,,,,,,,,
19104880,2025-11-27T15:02:16.092000+0200,flic_button_data_export_20251127.csv,2.156,2.156,8,flic_button_data_export_20251127.csv::8,2.156,2025-11-27T15:00:59.497000+0200,2025-11-27T15:03:01.697000+0200,70,122.2,1.536,2.3128,fast ~1.53s,,Aplicom A11 001,,80E4DA7EC61B,-60,,60.233824,23.599716,0101000020E610000050E3DEFC869937408C82E0F1ED1D4E40,,,,,,,,,,,
19104881,2025-11-27T15:02:17.624000+0200,flic_button_data_export_20251127.csv,1.532,1.532,8,flic_button_data_export_20251127.csv::8,1.532,2025-11-27T15:00:59.497000+0200,2025-11-27T15:03:01.697000+0200,70,122.2,1.536,2.3128,fast ~1.53s,,Aplicom A11 001,,80E4DA7EC61B,-62,,60.23379,23.600252,0101000020E6100000CD5B751DAA993740E010AAD4EC1D4E40,,,,,,,,,,,
19104882,2025-11-27T15:02:19.163000+0200,flic_button_data_export_20251127.csv,1.539,1.539,8,flic_button_data_export_20251127.csv::8,1.539,2025-11-27T15:00:59.497000+0200,2025-11-27T15:03:01.697000+0200,70,122.2,1.536,2.3128,fast ~1.53s,,Aplicom A11 001,,80E4DA7EC61B,-64,,60.233743,23.600797,0101000020E6100000F0880AD5CD9937409F55664AEB1D4E40,,,,,,,,,,,
19104883,2025-11-27T15:02:20.689000+0200,flic_button_data_export_20251127.csv,1.526,1.526,8,flic_button_data_export_20251127.csv::8,1.526,2025-11-27T15:00:59.497000+0200,2025-11-27T15:03:01.697000+0200,70,122.2,1.536,2.3128,fast ~1.53s,,Aplicom A11 001,,80E4DA7EC61B,-57,,60.233662,23.601533,0101000020E6100000FB761211FE993740B328ECA2E81D4E40,,,,,,,,,,,
19104884,2025-11-27T15:02:22.970000+0200,flic_button_data_export_20251127.csv,2.281,2.281,8,flic_button_data_export_20251127.csv::8,2.281,2025-11-27T15:00:59.497000+0200,2025-11-27T15:03:01.697000+0200,70,122.2,1.536,2.3128,fast ~1.53s,,Aplicom A11 001,,80E4DA7EC61B,-61,,60.233554,23.602272,0101000020E6100000E84B6F7F2E9A3740CCECF318E51D4E40,,,,,,,,,,,
19104885,2025-11-27T15:02:24.501000+0200,flic_button_data_export_20251127.csv,1.531,1.531,8,flic_button_data_export_20251127.csv::8,1.531,2025-11-27T15:00:59.497000+0200,2025-11-27T15:03:01.697000+0200,70,122.2,1.536,2.3128,fast ~1.53s,,Aplicom A11 001,,80E4DA7EC61B,-69,,60.233464,23.602823,0101000020E6100000D046AE9B529A37408C65FA25E21D4E40,,,,,,,,,,,
19104886,2025-11-27T15:02:26.032000+0200,flic_button_data_export_20251127.csv,1.531,1.531,8,flic_button_data_export_20251127.csv::8,1.531,2025-11-27T15:00:59.497000+0200,2025-11-27T15:03:01.697000+0200,70,122.2,1.536,2.3128,fast ~1.53s,,Aplicom A11 001,,80E4DA7EC61B,-61,,60.233364,23.603371,0101000020E6100000D55A9885769A374029081EDFDE1D4E40,,,,,,,,,,,
19104887,2025-11-27T15:02:27.567000+0200,flic_button_data_export_20251127.csv,1.535,1.535,8,flic_button_data_export_20251127.csv::8,1.535,2025-11-27T15:00:59.497000+0200,2025-11-27T15:03:01.697000+0200,70,122.2,1.536,2.3128,fast ~1.53s,,Aplicom A11 001,,80E4DA7EC61B,-62,,60.233252,23.603909,0101000020E610000094C2BCC7999A374001DD9733DB1D4E40,,,,,,,,,,,
19104888,2025-11-27T15:02:29.931000+0200,flic_button_data_export_20251127.csv,2.364,2.364,8,flic_button_data_export_20251127.csv::8,2.364,2025-11-27T15:00:59.497000+0200,2025-11-27T15:03:01.697000+0200,70,122.2,1.536,2.3128,fast ~1.53s,,Aplicom A11 001,,80E4DA7EC61B,-69,,60.233131,23.604433,0101000020E6100000889FFF1EBC9A37408657923CD71D4E40,,,,,,,,,,,
19104889,2025-11-27T15:02:31.449000+0200,flic_button_data_export_20251127.csv,1.518,1.518,8,flic_button_data_export_20251127.csv::8,1.518,2025-11-27T15:00:59.497000+0200,2025-11-27T15:03:01.697000+0200,70,122.2,1.536,2.3128,fast ~1.53s,,Aplicom A11 001,,80E4DA7EC61B,-73,,60.232913,23.605282,0101000020E610000083DBDAC2F39A374019E8DA17D01D4E40,,,,,,,,,,,
19104890,2025-11-27T15:02:32.990000+0200,flic_button_data_export_20251127.csv,1.541,1.541,8,flic_button_data_export_20251127.csv::8,1.541,2025-11-27T15:00:59.497000+0200,2025-11-27T15:03:01.697000+0200,70,122.2,1.536,2.3128,fast ~1.53s,,Aplicom A11 001,,80E4DA7EC61B,-61,,60.232775,23.605777,0101000020E610000043AB9333149B3740C7293A92CB1D4E40,,,,,,,,,,,
19104891,2025-11-27T15:02:35.125000+0200,flic_button_data_export_20251127.csv,2.135,2.135,8,flic_button_data_export_20251127.csv::8,2.135,2025-11-27T15:00:59.497000+0200,2025-11-27T15:03:01.697000+0200,70,122.2,1.536,2.3128,fast ~1.53s,,Aplicom A11 001,,80E4DA7EC61B,-67,,60.232592,23.606416,0101000020E610000069C537143E9B3740D6A71C93C51D4E40,,,,,,,,,,,
19104892,2025-11-27T15:02:36.650000+0200,flic_button_data_export_20251127.csv,1.525,1.525,8,flic_button_data_export_20251127.csv::8,1.525,2025-11-27T15:00:59.497000+0200,2025-11-27T15:03:01.697000+0200,70,122.2,1.536,2.3128,fast ~1.53s,,Aplicom A11 001,,80E4DA7EC61B,-62,,60.232458,23.606881,0101000020E610000054909F8D5C9B3740C7D8092FC11D4E40,,,,,,,,,,,
19104893,2025-11-27T15:02:38.957000+0200,flic_button_data_export_20251127.csv,2.307,2.307,8,flic_button_data_export_20251127.csv::8,2.307,2025-11-27T15:00:59.497000+0200,2025-11-27T15:03:01.697000+0200,70,122.2,1.536,2.3128,fast ~1.53s,,Aplicom A11 001,,80E4DA7EC61B,-77,,60.232234,23.607642,0101000020E610000010AD156D8E9B37407782FDD7B91D4E40,,,,,,,,,,,
19104894,2025-11-27T15:02:40.496000+0200,flic_button_data_export_20251127.csv,1.539,1.539,8,flic_button_data_export_20251127.csv::8,1.539,2025-11-27T15:00:59.497000+0200,2025-11-27T15:03:01.697000+0200,70,122.2,1.536,2.3128,fast ~1.53s,,Aplicom A11 001,,80E4DA7EC61B,-66,,60.232099,23.608085,0101000020E61000002B306475AB9B37409737876BB51D4E40,,,,,,,,,,,
19104895,2025-11-27T15:02:42.059000+0200,flic_button_data_export_20251127.csv,1.563,1.563,8,flic_button_data_export_20251127.csv::8,1.563,2025-11-27T15:00:59.497000+0200,2025-11-27T15:03:01.697000+0200,70,122.2,1.536,2.3128,fast ~1.53s,,Aplicom A11 001,,80E4DA7EC61B,-66,,60.231959,23.608516,0101000020E6100000BE175FB4C79B3740A6811FD5B01D4E40,,,,,,,,,,,
19104896,2025-11-27T15:02:43.590000+0200,flic_button_data_export_20251127.csv,1.531,1.531,8,flic_button_data_export_20251127.csv::8,1.531,2025-11-27T15:00:59.497000+0200,2025-11-27T15:03:01.697000+0200,70,122.2,1.536,2.3128,fast ~1.53s,,Aplicom A11 001,,80E4DA7EC61B,-58,,60.231819,23.608935,0101000020E6100000C763062AE39B3740B4CBB73EAC1D4E40,,,,,,,,,,,
19104897,2025-11-27T15:02:45.926000+0200,flic_button_data_export_20251127.csv,2.336,2.336,8,flic_button_data_export_20251127.csv::8,2.336,2025-11-27T15:00:59.497000+0200,2025-11-27T15:03:01.697000+0200,70,122.2,1.536,2.3128,fast ~1.53s,,Aplicom A11 001,,80E4DA7EC61B,-75,,60.231673,23.609344,0101000020E61000008A03E8F7FD9B3740E02EFB75A71D4E40,,,,,,,,,,,
19104898,2025-11-27T15:02:47.454000+0200,flic_button_data_export_20251127.csv,1.528,1.528,8,flic_button_data_export_20251127.csv::8,1.528,2025-11-27T15:00:59.497000+0200,2025-11-27T15:03:01.697000+0200,70,122.2,1.536,2.3128,fast ~1.53s,,Aplicom A11 001,,80E4DA7EC61B,-71,,60.231433,23.610009,0101000020E61000000344C18C299C37408B1BB7989F1D4E40,,,,,,,,,,,
19104899,2025-11-27T15:02:49.011000+0200,flic_button_data_export_20251127.csv,1.557,1.557,8,flic_button_data_export_20251127.csv::8,1.557,2025-11-27T15:00:59.497000+0200,2025-11-27T15:03:01.697000+0200,70,122.2,1.536,2.3128,fast ~1.53s,,Aplicom A11 001,,80E4DA7EC61B,-73,,60.231287,23.610405,0101000020E61000009C508880439C3740B77EFACF9A1D4E40,,,,,,,,,,,
19104900,2025-11-27T15:02:50.541000+0200,flic_button_data_export_20251127.csv,1.53,1.53,8,flic_button_data_export_20251127.csv::8,1.53,2025-11-27T15:00:59.497000+0200,2025-11-27T15:03:01.697000+0200,70,122.2,1.536,2.3128,fast ~1.53s,,Aplicom A11 001,,80E4DA7EC61B,-75,,60.231136,23.610791,0101000020E6100000EEB089CC5C9C3740D1764CDD951D4E40,,,,,,,,,,,
19104901,2025-11-27T15:02:52.090000+0200,flic_button_data_export_20251127.csv,1.549,1.549,8,flic_button_data_export_20251127.csv::8,1.549,2025-11-27T15:00:59.497000+0200,2025-11-27T15:03:01.697000+0200,70,122.2,1.536,2.3128,fast ~1.53s,,Aplicom A11 001,,80E4DA7EC61B,-68,,60.230982,23.611175,0101000020E6100000FF21FDF6759C37407AFB73D1901D4E40,,,,,,,,,,,
19104902,2025-11-27T15:02:53.934000+0200,flic_button_data_export_20251127.csv,1.844,1.844,8,flic_button_data_export_20251127.csv::8,1.844,2025-11-27T15:00:59.497000+0200,2025-11-27T15:03:01.697000+0200,70,122.2,1.536,2.3128,fast ~1.53s,,Aplicom A11 001,,80E4DA7EC61B,-64,,60.230874,23.611424,0101000020E610000050FD8348869C374094BF7B478D1D4E40,,,,,,,,,,,
19104983,2025-11-27T15:02:58.649000+0200,flic_button_data_export_20251127.csv,4.715,4.715,8,flic_button_data_export_20251127.csv::8,4.715,2025-11-27T15:00:59.497000+0200,2025-11-27T15:03:01.697000+0200,70,122.2,1.536,2.3128,fast ~1.53s,,Aplicom A11 001,,80E4DA7EC61B,-70,,60.230206,23.612735,0101000020E6100000541D7233DC9C3740E7ABE463771D4E40,,,,,,,,,,,
19104984,2025-11-27T15:03:00.168000+0200,flic_button_data_export_20251127.csv,1.519,1.519,8,flic_button_data_export_20251127.csv::8,1.519,2025-11-27T15:00:59.497000+0200,2025-11-27T15:03:01.697000+0200,70,122.2,1.536,2.3128,fast ~1.53s,,Aplicom A11 001,,80E4DA7EC61B,-67,,60.229998,23.613068,0101000020E610000060394206F29C37409D121093701D4E40,,,,,,,,,,,
19104985,2025-11-27T15:03:01.697000+0200,flic_button_data_export_20251127.csv,1.529,1.529,8,flic_button_data_export_20251127.csv::8,1.529,2025-11-27T15:00:59.497000+0200,2025-11-27T15:03:01.697000+0200,70,122.2,1.536,2.3128,fast ~1.53s,,Aplicom A11 001,,80E4DA7EC61B,-68,,60.229703,23.613498,0101000020E6100000522976340E9D374084656CE8661D4E40,,,,,,,,,,,
19104986,2025-11-27T15:03:22.571000+0200,flic_button_data_export_20251127.csv,20.874,20.874,9,flic_button_data_export_20251127.csv::9,,2025-11-27T15:03:22.571000+0200,2025-11-27T15:04:20.919000+0200,35,58.348,1.5345,2.2373,fast ~1.53s,,Aplicom A11 001,,80E4DA7EC61B,-69,,60.226191,23.617125,0101000020E6100000448B6CE7FB9D374024D3A1D3F31C4E40,,,,,,,,,,,
19104987,2025-11-27T15:03:24.104000+0200,flic_button_data_export_20251127.csv,1.533,1.533,9,flic_button_data_export_20251127.csv::9,1.533,2025-11-27T15:03:22.571000+0200,2025-11-27T15:04:20.919000+0200,35,58.348,1.5345,2.2373,fast ~1.53s,,Aplicom A11 001,,80E4DA7EC61B,-63,,60.225923,23.617364,0101000020E61000004DBA2D910B9E374005357C0BEB1C4E40,,,,,,,,,,,
19104988,2025-11-27T15:03:26.148000+0200,flic_button_data_export_20251127.csv,2.044,2.044,9,flic_button_data_export_20251127.csv::9,2.044,2025-11-27T15:03:22.571000+0200,2025-11-27T15:04:20.919000+0200,35,58.348,1.5345,2.2373,fast ~1.53s,,Aplicom A11 001,,80E4DA7EC61B,-60,,60.225744,23.617521,0101000020E6100000DD9733DB159E374055A2EC2DE51C4E40,,,,,,,,,,,
19104989,2025-11-27T15:03:27.685000+0200,flic_button_data_export_20251127.csv,1.537,1.537,9,flic_button_data_export_20251127.csv::9,1.537,2025-11-27T15:03:22.571000+0200,2025-11-27T15:04:20.919000+0200,35,58.348,1.5345,2.2373,fast ~1.53s,,Aplicom A11 001,,80E4DA7EC61B,-67,,60.225213,23.618002,0101000020E6100000D3DC0A61359E374028D192C7D31C4E40,,,,,,,,,,,
19104990,2025-11-27T15:03:29.208000+0200,flic_button_data_export_20251127.csv,1.523,1.523,9,flic_button_data_export_20251127.csv::9,1.523,2025-11-27T15:03:22.571000+0200,2025-11-27T15:04:20.919000+0200,35,58.348,1.5345,2.2373,fast ~1.53s,,Aplicom A11 001,,80E4DA7EC61B,-68,,60.225035,23.618159,0101000020E610000062BA10AB3F9E374049BA66F2CD1C4E40,,,,,,,,,,,
19104991,2025-11-27T15:03:30.730000+0200,flic_button_data_export_20251127.csv,1.522,1.522,9,flic_button_data_export_20251127.csv::9,1.522,2025-11-27T15:03:22.571000+0200,2025-11-27T15:04:20.919000+0200,35,58.348,1.5345,2.2373,fast ~1.53s,,Aplicom A11 001,,80E4DA7EC61B,-69,,60.224691,23.618469,0101000020E6100000FF9600FC539E37404F5AB8ACC21C4E40,,,,,,,,,,,
19104992,2025-11-27T15:03:32.255000+0200,flic_button_data_export_20251127.csv,1.525,1.525,9,flic_button_data_export_20251127.csv::9,1.525,2025-11-27T15:03:22.571000+0200,2025-11-27T15:04:20.919000+0200,35,58.348,1.5345,2.2373,fast ~1.53s,,Aplicom A11 001,,80E4DA7EC61B,-70,20106.0,60.224521,23.618619,0101000020E610000029AF95D05D9E3740F321A81ABD1C4E40,,,,,,,,,,,
19104993,2025-11-27T15:03:33.971000+0200,flic_button_data_export_20251127.csv,1.716,1.716,9,flic_button_data_export_20251127.csv::9,1.716,2025-11-27T15:03:22.571000+0200,2025-11-27T15:04:20.919000+0200,35,58.348,1.5345,2.2373,fast ~1.53s,,Aplicom A11 001,,80E4DA7EC61B,-72,,60.224354,23.618766,0101000020E610000072E0D572679E3740075DC2A1B71C4E40,,,,,,,,,,,
19104994,2025-11-27T15:03:35.490000+0200,flic_button_data_export_20251127.csv,1.519,1.519,9,flic_button_data_export_20251127.csv::9,1.519,2025-11-27T15:03:22.571000+0200,2025-11-27T15:04:20.919000+0200,35,58.348,1.5345,2.2373,fast ~1.53s,,Aplicom A11 001,,80E4DA7EC61B,-82,,60.223955,23.619126,0101000020E6100000721AA20A7F9E37404963B48EAA1C4E40,,,,,,,,,,,
19104995,2025-11-27T15:03:37.016000+0200,flic_button_data_export_20251127.csv,1.526,1.526,9,flic_button_data_export_20251127.csv::9,1.526,2025-11-27T15:03:22.571000+0200,2025-11-27T15:04:20.919000+0200,35,58.348,1.5345,2.2373,fast ~1.53s,,Aplicom A11 001,,80E4DA7EC61B,-61,,60.223719,23.619344,0101000020E61000004DF910548D9E3740363FFED2A21C4E40,,,,,,,,,,,
19104996,2025-11-27T15:03:38.553000+0200,flic_button_data_export_20251127.csv,1.537,1.537,9,flic_button_data_export_20251127.csv::9,1.537,2025-11-27T15:03:22.571000+0200,2025-11-27T15:04:20.919000+0200,35,58.348,1.5345,2.2373,fast ~1.53s,,Aplicom A11 001,,80E4DA7EC61B,-63,20106.0,60.223485,23.619571,0101000020E6100000CE8C7E349C9E3740C2120F289B1C4E40,,,,,,,,,,,
19104997,2025-11-27T15:03:40.081000+0200,flic_button_data_export_20251127.csv,1.528,1.528,9,flic_button_data_export_20251127.csv::9,1.528,2025-11-27T15:03:22.571000+0200,2025-11-27T15:04:20.919000+0200,35,58.348,1.5345,2.2373,fast ~1.53s,,Aplicom A11 001,,80E4DA7EC61B,-68,,60.223257,23.619797,0101000020E6100000AE282504AB9E374031CD74AF931C4E40,,,,,,,,,,,
19104998,2025-11-27T15:03:41.949000+0200,flic_button_data_export_20251127.csv,1.868,1.868,9,flic_button_data_export_20251127.csv::9,1.868,2025-11-27T15:03:22.571000+0200,2025-11-27T15:04:20.919000+0200,35,58.348,1.5345,2.2373,fast ~1.53s,,Aplicom A11 001,,80E4DA7EC61B,-62,,60.223106,23.619948,0101000020E61000007A3881E9B49E37404CC5C6BC8E1C4E40,,,,,,,,,,,
19104999,2025-11-27T15:03:43.484000+0200,flic_button_data_export_20251127.csv,1.535,1.535,9,flic_button_data_export_20251127.csv::9,1.535,2025-11-27T15:03:22.571000+0200,2025-11-27T15:04:20.919000+0200,35,58.348,1.5345,2.2373,fast ~1.53s,,Aplicom A11 001,,80E4DA7EC61B,-67,,60.222729,23.620328,0101000020E610000008CBD8D0CD9E3740766F4562821C4E40,,,,,,,,,,,
19105000,2025-11-27T15:03:45.018000+0200,flic_button_data_export_20251127.csv,1.534,1.534,9,flic_button_data_export_20251127.csv::9,1.534,2025-11-27T15:03:22.571000+0200,2025-11-27T15:04:20.919000+0200,35,58.348,1.5345,2.2373,fast ~1.53s,,Aplicom A11 001,,80E4DA7EC61B,-62,,60.222504,23.620563,0101000020E61000008F1B7E37DD9E3740569DD5027B1C4E40,,,,,,,,,,,
19105001,2025-11-27T15:03:46.551000+0200,flic_button_data_export_20251127.csv,1.533,1.533,9,flic_button_data_export_20251127.csv::9,1.533,2025-11-27T15:03:22.571000+0200,2025-11-27T15:04:20.919000+0200,35,58.348,1.5345,2.2373,fast ~1.53s,,Aplicom A11 001,,80E4DA7EC61B,-64,,60.222287,23.620811,0101000020E61000003FFF3D78ED9E3740B9A981E6731C4E40,,,,,,,,,,,
19105002,2025-11-27T15:03:48.090000+0200,flic_button_data_export_20251127.csv,1.539,1.539,9,flic_button_data_export_20251127.csv::9,1.539,2025-11-27T15:03:22.571000+0200,2025-11-27T15:04:20.919000+0200,35,58.348,1.5345,2.2373,fast ~1.53s,,Aplicom A11 001,,80E4DA7EC61B,-54,,60.222064,23.621058,0101000020E61000004FEB36A8FD9E37403ACFD8976C1C4E40,,,,,,,,,,,
19105003,2025-11-27T15:03:49.914000+0200,flic_button_data_export_20251127.csv,1.824,1.824,9,flic_button_data_export_20251127.csv::9,1.824,2025-11-27T15:03:22.571000+0200,2025-11-27T15:04:20.919000+0200,35,58.348,1.5345,2.2373,fast ~1.53s,,Aplicom A11 001,,80E4DA7EC61B,-63,,60.221914,23.621222,0101000020E6100000438EAD67089F374024438EAD671C4E40,,,,,,,,,,,
19105004,2025-11-27T15:03:51.438000+0200,flic_button_data_export_20251127.csv,1.524,1.524,9,flic_button_data_export_20251127.csv::9,1.524,2025-11-27T15:03:22.571000+0200,2025-11-27T15:04:20.919000+0200,35,58.348,1.5345,2.2373,fast ~1.53s,,Aplicom A11 001,,80E4DA7EC61B,-69,,60.221534,23.621645,0101000020E6100000D0B87020249F3740DD79E2395B1C4E40,,,,,,,,,,,
19105005,2025-11-27T15:03:52.964000+0200,flic_button_data_export_20251127.csv,1.526,1.526,9,flic_button_data_export_20251127.csv::9,1.526,2025-11-27T15:03:22.571000+0200,2025-11-27T15:04:20.919000+0200,35,58.348,1.5345,2.2373,fast ~1.53s,,Aplicom A11 001,,80E4DA7EC61B,-65,,60.22131,23.621913,0101000020E61000000EF5BBB0359F37408E23D6E2531C4E40,,,,,,,,,,,
19105006,2025-11-27T15:03:55.139000+0200,flic_button_data_export_20251127.csv,2.175,2.175,9,flic_button_data_export_20251127.csv::9,2.175,2025-11-27T15:03:22.571000+0200,2025-11-27T15:04:20.919000+0200,35,58.348,1.5345,2.2373,fast ~1.53s,,Aplicom A11 001,,80E4DA7EC61B,-71,,60.221008,23.622279,0101000020E6100000D2FC31AD4D9F3740C2137AFD491C4E40,,,,,,,,,,,
19105007,2025-11-27T15:03:56.664000+0200,flic_button_data_export_20251127.csv,1.525,1.525,9,flic_button_data_export_20251127.csv::9,1.525,2025-11-27T15:03:22.571000+0200,2025-11-27T15:04:20.919000+0200,35,58.348,1.5345,2.2373,fast ~1.53s,,Aplicom A11 001,,80E4DA7EC61B,-68,,60.220699,23.622659,0101000020E6100000608F8994669F374045A165DD3F1C4E40,,,,,,,,,,,
19105008,2025-11-27T15:03:58.953000+0200,flic_button_data_export_20251127.csv,2.289,2.289,9,flic_button_data_export_20251127.csv::9,2.289,2025-11-27T15:03:22.571000+0200,2025-11-27T15:04:20.919000+0200,35,58.348,1.5345,2.2373,fast ~1.53s,,Aplicom A11 001,,80E4DA7EC61B,-61,,60.220387,23.623049,0101000020E610000036CEA623809F374056BB26A4351C4E40,,,,,,,,,,,
19105009,2025-11-27T15:04:00.496000+0200,flic_button_data_export_20251127.csv,1.543,1.543,9,flic_button_data_export_20251127.csv::9,1.543,2025-11-27T15:03:22.571000+0200,2025-11-27T15:04:20.919000+0200,35,58.348,1.5345,2.2373,fast ~1.53s,,Aplicom A11 001,,80E4DA7EC61B,-70,,60.220152,23.623354,0101000020E6100000AED4B320949F37401213D4F02D1C4E40,,,,,,,,,,,
19105010,2025-11-27T15:04:02.039000+0200,flic_button_data_export_20251127.csv,1.543,1.543,9,flic_button_data_export_20251127.csv::9,1.543,2025-11-27T15:03:22.571000+0200,2025-11-27T15:04:20.919000+0200,35,58.348,1.5345,2.2373,fast ~1.53s,,Aplicom A11 001,,80E4DA7EC61B,-62,,60.219921,23.62367,0101000020E61000000F7F4DD6A89F3740105A0F5F261C4E40,,,,,,,,,,,
19105011,2025-11-27T15:04:03.569000+0200,flic_button_data_export_20251127.csv,1.53,1.53,9,flic_button_data_export_20251127.csv::9,1.53,2025-11-27T15:03:22.571000+0200,2025-11-27T15:04:20.919000+0200,35,58.348,1.5345,2.2373,fast ~1.53s,,Aplicom A11 001,,80E4DA7EC61B,-59,,60.219689,23.623991,0101000020E610000093FFC9DFBD9F37403E25E7C41E1C4E40,,,,,,,,,,,
19105012,2025-11-27T15:04:06.020000+0200,flic_button_data_export_20251127.csv,2.451,2.451,9,flic_button_data_export_20251127.csv::9,2.451,2025-11-27T15:03:22.571000+0200,2025-11-27T15:04:20.919000+0200,35,58.348,1.5345,2.2373,fast ~1.53s,,Aplicom A11 001,,80E4DA7EC61B,-74,,60.219462,23.624323,0101000020E6100000FF23D3A1D39F37407D5BB054171C4E40,,,,,,,,,,,
19105013,2025-11-27T15:04:07.575000+0200,flic_button_data_export_20251127.csv,1.555,1.555,9,flic_button_data_export_20251127.csv::9,1.555,2025-11-27T15:03:22.571000+0200,2025-11-27T15:04:20.919000+0200,35,58.348,1.5345,2.2373,fast ~1.53s,,Aplicom A11 001,,80E4DA7EC61B,-70,,60.219091,23.624907,0101000020E61000009E0AB8E7F99F374089EC832C0B1C4E40,,,,,,,,,,,
19105014,2025-11-27T15:04:09.103000+0200,flic_button_data_export_20251127.csv,1.528,1.528,9,flic_button_data_export_20251127.csv::9,1.528,2025-11-27T15:03:22.571000+0200,2025-11-27T15:04:20.919000+0200,35,58.348,1.5345,2.2373,fast ~1.53s,,Aplicom A11 001,,80E4DA7EC61B,-70,,60.218872,23.625268,0101000020E61000003E3C4B9011A037404B0169FF031C4E40,,,,,,,,,,,
19105015,2025-11-27T15:04:10.627000+0200,flic_button_data_export_20251127.csv,1.524,1.524,9,flic_button_data_export_20251127.csv::9,1.524,2025-11-27T15:03:22.571000+0200,2025-11-27T15:04:20.919000+0200,35,58.348,1.5345,2.2373,fast ~1.53s,,Aplicom A11 001,,80E4DA7EC61B,-73,,60.218659,23.625644,0101000020E61000004AF086342AA03740F0FCA204FD1B4E40,,,,,,,,,,,
19105016,2025-11-27T15:04:14.063000+0200,flic_button_data_export_20251127.csv,3.436,3.436,9,flic_button_data_export_20251127.csv::9,3.436,2025-11-27T15:03:22.571000+0200,2025-11-27T15:04:20.919000+0200,35,58.348,1.5345,2.2373,fast ~1.53s,,Aplicom A11 001,,80E4DA7EC61B,-65,,60.218305,23.626288,0101000020E610000093E00D6954A03740D2C6116BF11B4E40,,,,,,,,,,,
19105017,2025-11-27T15:04:16.327000+0200,flic_button_data_export_20251127.csv,2.264,2.264,9,flic_button_data_export_20251127.csv::9,2.264,2025-11-27T15:03:22.571000+0200,2025-11-27T15:04:20.919000+0200,35,58.348,1.5345,2.2373,fast ~1.53s,,Aplicom A11 001,,80E4DA7EC61B,-66,,60.217836,23.627248,0101000020E61000003E7B2E5393A037401BF2CF0CE21B4E40,,,,,,,,,,,
19105018,2025-11-27T15:04:17.855000+0200,flic_button_data_export_20251127.csv,1.528,1.528,9,flic_button_data_export_20251127.csv::9,1.528,2025-11-27T15:03:22.571000+0200,2025-11-27T15:04:20.919000+0200,35,58.348,1.5345,2.2373,fast ~1.53s,,Aplicom A11 001,,80E4DA7EC61B,-59,,60.217646,23.627685,0101000020E61000009430D3F6AFA03740780DFAD2DB1B4E40,,,,,,,,,,,
19105019,2025-11-27T15:04:19.393000+0200,flic_button_data_export_20251127.csv,1.538,1.538,9,flic_button_data_export_20251127.csv::9,1.538,2025-11-27T15:03:22.571000+0200,2025-11-27T15:04:20.919000+0200,35,58.348,1.5345,2.2373,fast ~1.53s,,Aplicom A11 001,,80E4DA7EC61B,-67,,60.217464,23.628136,0101000020E6100000B5705985CDA03740570740DCD51B4E40,,,,,,,,,,,
19105020,2025-11-27T15:04:20.919000+0200,flic_button_data_export_20251127.csv,1.526,1.526,9,flic_button_data_export_20251127.csv::9,1.526,2025-11-27T15:03:22.571000+0200,2025-11-27T15:04:20.919000+0200,35,58.348,1.5345,2.2373,fast ~1.53s,,Aplicom A11 001,,80E4DA7EC61B,-62,,60.21729,23.628604,0101000020E610000081221631ECA03740B9DFA128D01B4E40,,,,,,,,,,,
19105343,2025-11-27T15:12:15.448000+0200,flic_button_data_export_20251127.csv,474.529,474.529,10,flic_button_data_export_20251127.csv::10,,2025-11-27T15:12:15.448000+0200,2025-11-27T15:13:15.611000+0200,36,60.163,1.528,2.2262,fast ~1.53s,,Aplicom A11 001,,80E4DA7EC61B,-60,,60.18142,23.761897,0101000020E6100000A7EB89AE0BC33740906B43C538174E40,,,,,,,,,,,
19105344,2025-11-27T15:12:16.974000+0200,flic_button_data_export_20251127.csv,1.526,1.526,10,flic_button_data_export_20251127.csv::10,1.526,2025-11-27T15:12:15.448000+0200,2025-11-27T15:13:15.611000+0200,36,60.163,1.528,2.2262,fast ~1.53s,,Aplicom A11 001,,80E4DA7EC61B,-63,,60.181182,23.761874,0101000020E610000036ACA92C0AC33740DB4FC6F830174E40,,,,,,,,,,,
19105345,2025-11-27T15:12:18.494000+0200,flic_button_data_export_20251127.csv,1.52,1.52,10,flic_button_data_export_20251127.csv::10,1.52,2025-11-27T15:12:15.448000+0200,2025-11-27T15:13:15.611000+0200,36,60.163,1.528,2.2262,fast ~1.53s,,Aplicom A11 001,,80E4DA7EC61B,-69,,60.180944,23.761863,0101000020E61000004F081D7409C337402634492C29174E40,,,,,,,,,,,
19105346,2025-11-27T15:12:20.707000+0200,flic_button_data_export_20251127.csv,2.213,2.213,10,flic_button_data_export_20251127.csv::10,2.213,2025-11-27T15:12:15.448000+0200,2025-11-27T15:13:15.611000+0200,36,60.163,1.528,2.2262,fast ~1.53s,,Aplicom A11 001,,80E4DA7EC61B,-67,,60.180544,23.761883,0101000020E6100000DD60A8C30AC3374098BED7101C174E40,,,,,,,,,,,
19105347,2025-11-27T15:12:22.962000+0200,flic_button_data_export_20251127.csv,2.255,2.255,10,flic_button_data_export_20251127.csv::10,2.255,2025-11-27T15:12:15.448000+0200,2025-11-27T15:13:15.611000+0200,36,60.163,1.528,2.2262,fast ~1.53s,,Aplicom A11 001,,80E4DA7EC61B,-66,,60.180217,23.76193,0101000020E61000005ED72FD80DC337407497C45911174E40,,,,,,,,,,,
19105348,2025-11-27T15:12:24.492000+0200,flic_button_data_export_20251127.csv,1.53,1.53,10,flic_button_data_export_20251127.csv::10,1.53,2025-11-27T15:12:15.448000+0200,2025-11-27T15:13:15.611000+0200,36,60.163,1.528,2.2262,fast ~1.53s,,Aplicom A11 001,,80E4DA7EC61B,-65,,60.179971,23.761991,0101000020E6100000A9D898D711C337403D9D2B4A09174E40,,,,,,,,,,,
19105349,2025-11-27T15:12:26.036000+0200,flic_button_data_export_20251127.csv,1.544,1.544,10,flic_button_data_export_20251127.csv::10,1.544,2025-11-27T15:12:15.448000+0200,2025-11-27T15:13:15.611000+0200,36,60.163,1.528,2.2262,fast ~1.53s,,Aplicom A11 001,,80E4DA7EC61B,-79,20106.0,60.179722,23.76207,0101000020E61000004243FF0417C33740942F682101174E40,,,,,,,,,,,
19105350,2025-11-27T15:12:27.556000+0200,flic_button_data_export_20251127.csv,1.52,1.52,10,flic_button_data_export_20251127.csv::10,1.52,2025-11-27T15:12:15.448000+0200,2025-11-27T15:13:15.611000+0200,36,60.163,1.528,2.2262,fast ~1.53s,,Aplicom A11 001,,80E4DA7EC61B,-67,,60.17947,23.762163,0101000020E6100000A438471D1DC337407B4E7ADFF8164E40,,,,,,,,,,,
19105351,2025-11-27T15:12:29.966000+0200,flic_button_data_export_20251127.csv,2.41,2.41,10,flic_button_data_export_20251127.csv::10,2.41,2025-11-27T15:12:15.448000+0200,2025-11-27T15:13:15.611000+0200,36,60.163,1.528,2.2262,fast ~1.53s,,Aplicom A11 001,,80E4DA7EC61B,-75,20106.0,60.179213,23.76228,0101000020E6100000176536C824C337404F029B73F0164E40,,,,,,,,,,,
19105352,2025-11-27T15:12:31.482000+0200,flic_button_data_export_20251127.csv,1.516,1.516,10,flic_button_data_export_20251127.csv::10,1.516,2025-11-27T15:12:15.448000+0200,2025-11-27T15:13:15.611000+0200,36,60.163,1.528,2.2262,fast ~1.53s,,Aplicom A11 001,,80E4DA7EC61B,-73,,60.178788,23.76252,0101000020E6100000C18BBE8234C3374068757286E2164E40,,,,,,,,,,,
19105353,2025-11-27T15:12:33.010000+0200,flic_button_data_export_20251127.csv,1.528,1.528,10,flic_button_data_export_20251127.csv::10,1.528,2025-11-27T15:12:15.448000+0200,2025-11-27T15:13:15.611000+0200,36,60.163,1.528,2.2262,fast ~1.53s,,Aplicom A11 001,,80E4DA7EC61B,-62,,60.178537,23.762705,0101000020E6100000E57E87A240C337401F10E84CDA164E40,,,,,,,,,,,
19105354,2025-11-27T15:12:34.534000+0200,flic_button_data_export_20251127.csv,1.524,1.524,10,flic_button_data_export_20251127.csv::10,1.524,2025-11-27T15:12:15.448000+0200,2025-11-27T15:13:15.611000+0200,36,60.163,1.528,2.2262,fast ~1.53s,,Aplicom A11 001,,80E4DA7EC61B,-67,,60.178291,23.762925,0101000020E6100000014D840D4FC33740E8154F3DD2164E40,,,,,,,,,,,
19105355,2025-11-27T15:12:36.056000+0200,flic_button_data_export_20251127.csv,1.522,1.522,10,flic_button_data_export_20251127.csv::10,1.522,2025-11-27T15:12:15.448000+0200,2025-11-27T15:13:15.611000+0200,36,60.163,1.528,2.2262,fast ~1.53s,,Aplicom A11 001,,80E4DA7EC61B,-78,,60.178043,23.763174,0101000020E610000052280B5F5FC337401024EF1CCA164E40,,,,,,,,,,,
19105356,2025-11-27T15:12:38.029000+0200,flic_button_data_export_20251127.csv,1.973,1.973,10,flic_button_data_export_20251127.csv::10,1.973,2025-11-27T15:12:15.448000+0200,2025-11-27T15:13:15.611000+0200,36,60.163,1.528,2.2262,fast ~1.53s,,Aplicom A11 001,,80E4DA7EC61B,-66,,60.17788,23.763362,0101000020E6100000580229B16BC33740664E97C5C4164E40,,,,,,,,,,,
19105357,2025-11-27T15:12:40.210000+0200,flic_button_data_export_20251127.csv,2.181,2.181,10,flic_button_data_export_20251127.csv::10,2.181,2025-11-27T15:12:15.448000+0200,2025-11-27T15:13:15.611000+0200,36,60.163,1.528,2.2262,fast ~1.53s,,Aplicom A11 001,,80E4DA7EC61B,-72,,60.17749,23.763892,0101000020E610000010AD156D8EC33740FBAE08FEB7164E40,,,,,,,,,,,
19105358,2025-11-27T15:12:41.730000+0200,flic_button_data_export_20251127.csv,1.52,1.52,10,flic_button_data_export_20251127.csv::10,1.52,2025-11-27T15:12:15.448000+0200,2025-11-27T15:13:15.611000+0200,36,60.163,1.528,2.2262,fast ~1.53s,,Aplicom A11 001,,80E4DA7EC61B,-57,,60.177132,23.764506,0101000020E610000085984BAAB6C337409C89E942AC164E40,,,,,,,,,,,
19105359,2025-11-27T15:12:43.257000+0200,flic_button_data_export_20251127.csv,1.527,1.527,10,flic_button_data_export_20251127.csv::10,1.527,2025-11-27T15:12:15.448000+0200,2025-11-27T15:13:15.611000+0200,36,60.163,1.528,2.2262,fast ~1.53s,,Aplicom A11 001,,80E4DA7EC61B,-58,,60.176997,23.764774,0101000020E6100000C3D4963AC8C33740BC3E73D6A7164E40,,,,,,,,,,,
19105360,2025-11-27T15:12:44.784000+0200,flic_button_data_export_20251127.csv,1.527,1.527,10,flic_button_data_export_20251127.csv::10,1.527,2025-11-27T15:12:15.448000+0200,2025-11-27T15:13:15.611000+0200,36,60.163,1.528,2.2262,fast ~1.53s,,Aplicom A11 001,,80E4DA7EC61B,-69,,60.176747,23.765346,0101000020E6100000DA1F28B7EDC3374043554CA59F164E40,,,,,,,,,,,
19105361,2025-11-27T15:12:46.936000+0200,flic_button_data_export_20251127.csv,2.152,2.152,10,flic_button_data_export_20251127.csv::10,2.152,2025-11-27T15:12:15.448000+0200,2025-11-27T15:13:15.611000+0200,36,60.163,1.528,2.2262,fast ~1.53s,,Aplicom A11 001,,80E4DA7EC61B,-61,,60.176517,23.765938,0101000020E61000007EC3448314C437401118EB1B98164E40,,,,,,,,,,,
19105362,2025-11-27T15:12:48.461000+0200,flic_button_data_export_20251127.csv,1.525,1.525,10,flic_button_data_export_20251127.csv::10,1.525,2025-11-27T15:12:15.448000+0200,2025-11-27T15:13:15.611000+0200,36,60.163,1.528,2.2262,fast ~1.53s,,Aplicom A11 001,,80E4DA7EC61B,-67,,60.176351,23.766387,0101000020E61000005E143DF031C43740F6CE68AB92164E40,,,,,,,,,,,
19105363,2025-11-27T15:12:50.019000+0200,flic_button_data_export_20251127.csv,1.558,1.558,10,flic_button_data_export_20251127.csv::10,1.558,2025-11-27T15:12:15.448000+0200,2025-11-27T15:13:15.611000+0200,36,60.163,1.528,2.2262,fast ~1.53s,,Aplicom A11 001,,80E4DA7EC61B,-74,,60.176195,23.766841,0101000020E6100000603B18B14FC43740FF5BC98E8D164E40,,,,,,,,,,,
19105364,2025-11-27T15:12:51.549000+0200,flic_button_data_export_20251127.csv,1.53,1.53,10,flic_button_data_export_20251127.csv::10,1.53,2025-11-27T15:12:15.448000+0200,2025-11-27T15:13:15.611000+0200,36,60.163,1.528,2.2262,fast ~1.53s,,Aplicom A11 001,,80E4DA7EC61B,-60,,60.176035,23.767281,0101000020E610000099D711876CC43740C6F99B5088164E40,,,,,,,,,,,
19105365,2025-11-27T15:12:54.024000+0200,flic_button_data_export_20251127.csv,2.475,2.475,10,flic_button_data_export_20251127.csv::10,2.475,2025-11-27T15:12:15.448000+0200,2025-11-27T15:13:15.611000+0200,36,60.163,1.528,2.2262,fast ~1.53s,,Aplicom A11 001,,80E4DA7EC61B,-70,,60.175869,23.767707,0101000020E610000008E9297288C43740ABB019E082164E40,,,,,,,,,,,
19105366,2025-11-27T15:12:56.110000+0200,flic_button_data_export_20251127.csv,2.086,2.086,10,flic_button_data_export_20251127.csv::10,2.086,2025-11-27T15:12:15.448000+0200,2025-11-27T15:13:15.611000+0200,36,60.163,1.528,2.2262,fast ~1.53s,,Aplicom A11 001,,80E4DA7EC61B,-74,,60.175519,23.768512,0101000020E61000006495D233BDC43740CF69166877164E40,,,,,,,,,,,
19105367,2025-11-27T15:12:57.638000+0200,flic_button_data_export_20251127.csv,1.528,1.528,10,flic_button_data_export_20251127.csv::10,1.528,2025-11-27T15:12:15.448000+0200,2025-11-27T15:13:15.611000+0200,36,60.163,1.528,2.2262,fast ~1.53s,,Aplicom A11 001,,80E4DA7EC61B,-66,,60.175328,23.768889,0101000020E61000001041D5E8D5C437405B09DD2571164E40,,,,,,,,,,,
19105368,2025-11-27T15:12:59.173000+0200,flic_button_data_export_20251127.csv,1.535,1.535,10,flic_button_data_export_20251127.csv::10,1.535,2025-11-27T15:12:15.448000+0200,2025-11-27T15:13:15.611000+0200,36,60.163,1.528,2.2262,fast ~1.53s,,Aplicom A11 001,,80E4DA7EC61B,-66,,60.175131,23.769252,0101000020E6100000F261F6B2EDC4374005C24EB16A164E40,,,,,,,,,,,
19105369,2025-11-27T15:13:00.697000+0200,flic_button_data_export_20251127.csv,1.524,1.524,10,flic_button_data_export_20251127.csv::10,1.524,2025-11-27T15:12:15.448000+0200,2025-11-27T15:13:15.611000+0200,36,60.163,1.528,2.2262,fast ~1.53s,,Aplicom A11 001,,80E4DA7EC61B,-82,,60.174863,23.769733,0101000020E6100000E7A6CD380DC53740E62329E961164E40,,,,,,,,,,,
19105370,2025-11-27T15:13:02.932000+0200,flic_button_data_export_20251127.csv,2.235,2.235,10,flic_button_data_export_20251127.csv::10,2.235,2025-11-27T15:12:15.448000+0200,2025-11-27T15:13:15.611000+0200,36,60.163,1.528,2.2262,fast ~1.53s,,Aplicom A11 001,,80E4DA7EC61B,-75,,60.174579,23.770199,0101000020E61000007369FCC22BC53740C1C8CB9A58164E40,,,,,,,,,,,
19105371,2025-11-27T15:13:04.453000+0200,flic_button_data_export_20251127.csv,1.521,1.521,10,flic_button_data_export_20251127.csv::10,1.521,2025-11-27T15:12:15.448000+0200,2025-11-27T15:13:15.611000+0200,36,60.163,1.528,2.2262,fast ~1.53s,,Aplicom A11 001,,80E4DA7EC61B,-73,,60.174363,23.770543,0101000020E61000006729594E42C53740F450DB8651164E40,,,,,,,,,,,
19105372,2025-11-27T15:13:05.982000+0200,flic_button_data_export_20251127.csv,1.529,1.529,10,flic_button_data_export_20251127.csv::10,1.529,2025-11-27T15:12:15.448000+0200,2025-11-27T15:13:15.611000+0200,36,60.163,1.528,2.2262,fast ~1.53s,,Aplicom A11 001,,80E4DA7EC61B,-61,,60.174141,23.77089,0101000020E61000003ED00A0C59C5374045F295404A164E40,,,,,,,,,,,
19105373,2025-11-27T15:13:07.506000+0200,flic_button_data_export_20251127.csv,1.524,1.524,10,flic_button_data_export_20251127.csv::10,1.524,2025-11-27T15:12:15.448000+0200,2025-11-27T15:13:15.611000+0200,36,60.163,1.528,2.2262,fast ~1.53s,,Aplicom A11 001,,80E4DA7EC61B,-69,,60.173912,23.77123,0101000020E6100000AFB14B546FC53740E43098BF42164E40,,,,,,,,,,,
19105374,2025-11-27T15:13:09.039000+0200,flic_button_data_export_20251127.csv,1.533,1.533,10,flic_button_data_export_20251127.csv::10,1.533,2025-11-27T15:12:15.448000+0200,2025-11-27T15:13:15.611000+0200,36,60.163,1.528,2.2262,fast ~1.53s,,Aplicom A11 001,,80E4DA7EC61B,-65,,60.173676,23.771562,0101000020E61000001BD6541685C53740D00CE2033B164E40,,,,,,,,,,,
19105375,2025-11-27T15:13:11.043000+0200,flic_button_data_export_20251127.csv,2.004,2.004,10,flic_button_data_export_20251127.csv::10,2.004,2025-11-27T15:12:15.448000+0200,2025-11-27T15:13:15.611000+0200,36,60.163,1.528,2.2262,fast ~1.53s,,Aplicom A11 001,,80E4DA7EC61B,-72,,60.173355,23.771991,0101000020E61000006CCEC133A1C537408ECC237F30164E40,,,,,,,,,,,
19105376,2025-11-27T15:13:12.562000+0200,flic_button_data_export_20251127.csv,1.519,1.519,10,flic_button_data_export_20251127.csv::10,1.519,2025-11-27T15:12:15.448000+0200,2025-11-27T15:13:15.611000+0200,36,60.163,1.528,2.2262,fast ~1.53s,,Aplicom A11 001,,80E4DA7EC61B,-86,,60.173109,23.772298,0101000020E610000026C45C52B5C5374056D28A6F28164E40,,,,,,,,,,,
19105377,2025-11-27T15:13:14.088000+0200,flic_button_data_export_20251127.csv,1.526,1.526,10,flic_button_data_export_20251127.csv::10,1.526,2025-11-27T15:12:15.448000+0200,2025-11-27T15:13:15.611000+0200,36,60.163,1.528,2.2262,fast ~1.53s,,Aplicom A11 001,,80E4DA7EC61B,-68,,60.172859,23.772589,0101000020E6100000D53F8864C8C53740DEE8633E20164E40,,,,,,,,,,,
19105378,2025-11-27T15:13:15.611000+0200,flic_button_data_export_20251127.csv,1.523,1.523,10,flic_button_data_export_20251127.csv::10,1.523,2025-11-27T15:12:15.448000+0200,2025-11-27T15:13:15.611000+0200,36,60.163,1.528,2.2262,fast ~1.53s,,Aplicom A11 001,,80E4DA7EC61B,-66,,60.172604,23.772859,0101000020E6100000556B6116DAC5374053944BE317164E40,,,,,,,,,,,
20045549,2026-01-09T01:16:43.519000+0200,flic_button_data_export_20260109.csv,3665007.908,,1,flic_button_data_export_20260109.csv::1,,2026-01-09T01:16:43.519000+0200,2026-01-09T01:17:41.076000+0200,28,57.557,1.87,2.7862,slow ~1.88s,,Aplicom A11 001,,80E4DA7EC61B,-70,,60.463376,22.109561,0101000020E6100000C4EA8F300C1C36402AE09EE74F3B4E40,,,,,,,,,,,
20045550,2026-01-09T01:16:45.393000+0200,flic_button_data_export_20260109.csv,1.874,1.874,1,flic_button_data_export_20260109.csv::1,1.874,2026-01-09T01:16:43.519000+0200,2026-01-09T01:17:41.076000+0200,28,57.557,1.87,2.7862,slow ~1.88s,,Aplicom A11 001,,80E4DA7EC61B,-59,20106.0,60.463308,22.109523,0101000020E6100000E92807B3091C3640D2FC31AD4D3B4E40,,,,,,,,,,,
20045551,2026-01-09T01:16:47.808000+0200,flic_button_data_export_20260109.csv,2.415,2.415,1,flic_button_data_export_20260109.csv::1,2.415,2026-01-09T01:16:43.519000+0200,2026-01-09T01:17:41.076000+0200,28,57.557,1.87,2.7862,slow ~1.88s,,Aplicom A11 001,,80E4DA7EC61B,-66,,60.463243,22.109489,0101000020E610000091459A78071C3640EB8CEF8B4B3B4E40,,,,,,,,,,,
20045552,2026-01-09T01:16:50.341000+0200,flic_button_data_export_20260109.csv,2.533,2.533,1,flic_button_data_export_20260109.csv::1,2.533,2026-01-09T01:16:43.519000+0200,2026-01-09T01:17:41.076000+0200,28,57.557,1.87,2.7862,slow ~1.88s,,Aplicom A11 001,,80E4DA7EC61B,-63,,60.46308,22.109335,0101000020E6100000E44EE960FD1B364041B79734463B4E40,,,,,,,,,,,
20045553,2026-01-09T01:16:52.207000+0200,flic_button_data_export_20260109.csv,1.866,1.866,1,flic_button_data_export_20260109.csv::1,1.866,2026-01-09T01:16:43.519000+0200,2026-01-09T01:17:41.076000+0200,28,57.557,1.87,2.7862,slow ~1.88s,,Aplicom A11 001,,80E4DA7EC61B,-61,,60.462975,22.109186,0101000020E61000005A2E1B9DF31B3640CCEEC9C3423B4E40,,,,,,,,,,,
20045554,2026-01-09T01:16:54.076000+0200,flic_button_data_export_20260109.csv,1.869,1.869,1,flic_button_data_export_20260109.csv::1,1.869,2026-01-09T01:16:43.519000+0200,2026-01-09T01:17:41.076000+0200,28,57.557,1.87,2.7862,slow ~1.88s,,Aplicom A11 001,,80E4DA7EC61B,-63,,60.462871,22.108985,0101000020E61000002BC1E270E61B364027A25F5B3F3B4E40,,,,,,,,,,,
20045555,2026-01-09T01:16:56.729000+0200,flic_button_data_export_20260109.csv,2.653,2.653,1,flic_button_data_export_20260109.csv::1,2.653,2026-01-09T01:16:43.519000+0200,2026-01-09T01:17:41.076000+0200,28,57.557,1.87,2.7862,slow ~1.88s,,Aplicom A11 001,,80E4DA7EC61B,-64,,60.462747,22.108693,0101000020E6100000DB4DF04DD31B36403BA92F4B3B3B4E40,,,,,,,,,,,
20045556,2026-01-09T01:16:58.594000+0200,flic_button_data_export_20260109.csv,1.865,1.865,1,flic_button_data_export_20260109.csv::1,1.865,2026-01-09T01:16:43.519000+0200,2026-01-09T01:17:41.076000+0200,28,57.557,1.87,2.7862,slow ~1.88s,,Aplicom A11 001,,80E4DA7EC61B,-61,,60.462664,22.108494,0101000020E6100000EECF4543C61B3640AD84EE92383B4E40,,,,,,,,,,,
20045557,2026-01-09T01:17:00.461000+0200,flic_button_data_export_20260109.csv,1.867,1.867,1,flic_button_data_export_20260109.csv::1,1.867,2026-01-09T01:16:43.519000+0200,2026-01-09T01:17:41.076000+0200,28,57.557,1.87,2.7862,slow ~1.88s,,Aplicom A11 001,,80E4DA7EC61B,-70,,60.462544,22.108191,0101000020E6100000B7B8C667B21B3640037B4CA4343B4E40,,,,,,,,,,,
20045559,2026-01-09T01:17:02.348000+0200,flic_button_data_export_20260109.csv,1.887,1.887,1,flic_button_data_export_20260109.csv::1,1.887,2026-01-09T01:16:43.519000+0200,2026-01-09T01:17:41.076000+0200,28,57.557,1.87,2.7862,slow ~1.88s,,Aplicom A11 001,,80E4DA7EC61B,-68,,60.462413,22.107879,0101000020E6100000D9EC48F59D1B3640641F6459303B4E40,,,,,,,,,,,
20045560,2026-01-09T01:17:05.203000+0200,flic_button_data_export_20260109.csv,2.855,2.855,1,flic_button_data_export_20260109.csv::1,2.855,2026-01-09T01:16:43.519000+0200,2026-01-09T01:17:41.076000+0200,28,57.557,1.87,2.7862,slow ~1.88s,,Aplicom A11 001,,80E4DA7EC61B,-67,,60.462192,22.107393,0101000020E6100000BFD18E1B7E1B3640863C821B293B4E40,,,,,,,,,,,
20045561,2026-01-09T01:17:07.976000+0200,flic_button_data_export_20260109.csv,2.773,2.773,1,flic_button_data_export_20260109.csv::1,2.773,2026-01-09T01:16:43.519000+0200,2026-01-09T01:17:41.076000+0200,28,57.557,1.87,2.7862,slow ~1.88s,,Aplicom A11 001,,80E4DA7EC61B,-70,,60.462031,22.107064,0101000020E61000003694DA8B681B36407D5EF1D4233B4E40,,,,,,,,,,,
20045562,2026-01-09T01:17:09.832000+0200,flic_button_data_export_20260109.csv,1.856,1.856,1,flic_button_data_export_20260109.csv::1,1.856,2026-01-09T01:16:43.519000+0200,2026-01-09T01:17:41.076000+0200,28,57.557,1.87,2.7862,slow ~1.88s,,Aplicom A11 001,,80E4DA7EC61B,-56,,60.461823,22.106659,0101000020E6100000F6D214014E1B364033C51C041D3B4E40,,,,,,,,,,,
20045563,2026-01-09T01:17:11.705000+0200,flic_button_data_export_20260109.csv,1.873,1.873,1,flic_button_data_export_20260109.csv::1,1.873,2026-01-09T01:16:43.519000+0200,2026-01-09T01:17:41.076000+0200,28,57.557,1.87,2.7862,slow ~1.88s,,Aplicom A11 001,,80E4DA7EC61B,-61,,60.461737,22.106498,0101000020E6100000E316F373431B3640342DB1321A3B4E40,,,,,,,,,,,
20045564,2026-01-09T01:17:13.611000+0200,flic_button_data_export_20260109.csv,1.906,1.906,1,flic_button_data_export_20260109.csv::1,1.906,2026-01-09T01:16:43.519000+0200,2026-01-09T01:17:41.076000+0200,28,57.557,1.87,2.7862,slow ~1.88s,,Aplicom A11 001,,80E4DA7EC61B,-54,,60.461513,22.106112,0101000020E610000091B6F1272A1B3640E4D6A4DB123B4E40,,,,,,,,,,,
20045565,2026-01-09T01:17:15.462000+0200,flic_button_data_export_20260109.csv,1.851,1.851,1,flic_button_data_export_20260109.csv::1,1.851,2026-01-09T01:16:43.519000+0200,2026-01-09T01:17:41.076000+0200,28,57.557,1.87,2.7862,slow ~1.88s,,Aplicom A11 001,,80E4DA7EC61B,-60,,60.461326,22.105816,0101000020E6100000BF64E3C1161B3640B265F9BA0C3B4E40,,,,,,,,,,,
20045566,2026-01-09T01:17:17.331000+0200,flic_button_data_export_20260109.csv,1.869,1.869,1,flic_button_data_export_20260109.csv::1,1.869,2026-01-09T01:16:43.519000+0200,2026-01-09T01:17:41.076000+0200,28,57.557,1.87,2.7862,slow ~1.88s,,Aplicom A11 001,,80E4DA7EC61B,-71,,60.461131,22.105529,0101000020E610000093C7D3F2031B3640FD153257063B4E40,,,,,,,,,,,
20045567,2026-01-09T01:17:20.709000+0200,flic_button_data_export_20260109.csv,3.378,3.378,1,flic_button_data_export_20260109.csv::1,3.378,2026-01-09T01:16:43.519000+0200,2026-01-09T01:17:41.076000+0200,28,57.557,1.87,2.7862,slow ~1.88s,,Aplicom A11 001,,80E4DA7EC61B,-58,,60.460984,22.105325,0101000020E610000082734694F61A364059FD1186013B4E40,,,,,,,,,,,
20045568,2026-01-09T01:17:22.577000+0200,flic_button_data_export_20260109.csv,1.868,1.868,1,flic_button_data_export_20260109.csv::1,1.868,2026-01-09T01:16:43.519000+0200,2026-01-09T01:17:41.076000+0200,28,57.557,1.87,2.7862,slow ~1.88s,,Aplicom A11 001,,80E4DA7EC61B,-68,,60.460634,22.104874,0101000020E61000006133C005D91A36407CB60E0EF63A4E40,,,,,,,,,,,
20045569,2026-01-09T01:17:24.428000+0200,flic_button_data_export_20260109.csv,1.851,1.851,1,flic_button_data_export_20260109.csv::1,1.851,2026-01-09T01:16:43.519000+0200,2026-01-09T01:17:41.076000+0200,28,57.557,1.87,2.7862,slow ~1.88s,,Aplicom A11 001,,80E4DA7EC61B,-56,,60.460431,22.104639,0101000020E6100000DAE21A9FC91A364044882B67EF3A4E40,,,,,,,,,,,
20045570,2026-01-09T01:17:26.298000+0200,flic_button_data_export_20260109.csv,1.87,1.87,1,flic_button_data_export_20260109.csv::1,1.87,2026-01-09T01:16:43.519000+0200,2026-01-09T01:17:41.076000+0200,28,57.557,1.87,2.7862,slow ~1.88s,,Aplicom A11 001,,80E4DA7EC61B,-59,,60.460233,22.104431,0101000020E610000047B071FDBB1A36401EC539EAE83A4E40,,,,,,,,,,,
20045571,2026-01-09T01:17:29.104000+0200,flic_button_data_export_20260109.csv,2.806,2.806,1,flic_button_data_export_20260109.csv::1,2.806,2026-01-09T01:16:43.519000+0200,2026-01-09T01:17:41.076000+0200,28,57.557,1.87,2.7862,slow ~1.88s,,Aplicom A11 001,,80E4DA7EC61B,-59,,60.45995,22.104154,0101000020E610000062BF27D6A91A3640C9E53FA4DF3A4E40,,,,,,,,,,,
20045572,2026-01-09T01:17:30.966000+0200,flic_button_data_export_20260109.csv,1.862,1.862,1,flic_button_data_export_20260109.csv::1,1.862,2026-01-09T01:16:43.519000+0200,2026-01-09T01:17:41.076000+0200,28,57.557,1.87,2.7862,slow ~1.88s,,Aplicom A11 001,,80E4DA7EC61B,-68,,60.459817,22.104029,0101000020E6100000E9D500A5A11A36408A929048DB3A4E40,,,,,,,,,,,
20045573,2026-01-09T01:17:32.818000+0200,flic_button_data_export_20260109.csv,1.852,1.852,1,flic_button_data_export_20260109.csv::1,1.852,2026-01-09T01:16:43.519000+0200,2026-01-09T01:17:41.076000+0200,28,57.557,1.87,2.7862,slow ~1.88s,,Aplicom A11 001,,80E4DA7EC61B,-59,,60.459647,22.103872,0101000020E610000059F8FA5A971A36402D5A80B6D53A4E40,,,,,,,,,,,
20045574,2026-01-09T01:17:34.687000+0200,flic_button_data_export_20260109.csv,1.869,1.869,1,flic_button_data_export_20260109.csv::1,1.869,2026-01-09T01:16:43.519000+0200,2026-01-09T01:17:41.076000+0200,28,57.557,1.87,2.7862,slow ~1.88s,,Aplicom A11 001,,80E4DA7EC61B,-56,,60.459484,22.103726,0101000020E6100000B2BE81C98D1A36408484285FD03A4E40,,,,,,,,,,,
20045575,2026-01-09T01:17:37.338000+0200,flic_button_data_export_20260109.csv,2.651,2.651,1,flic_button_data_export_20260109.csv::1,2.651,2026-01-09T01:16:43.519000+0200,2026-01-09T01:17:41.076000+0200,28,57.557,1.87,2.7862,slow ~1.88s,,Aplicom A11 001,,80E4DA7EC61B,-70,,60.459288,22.103545,0101000020E610000011AAD4EC811A3640FEB8FDF2C93A4E40,,,,,,,,,,,
20045576,2026-01-09T01:17:39.201000+0200,flic_button_data_export_20260109.csv,1.863,1.863,1,flic_button_data_export_20260109.csv::1,1.863,2026-01-09T01:16:43.519000+0200,2026-01-09T01:17:41.076000+0200,28,57.557,1.87,2.7862,slow ~1.88s,,Aplicom A11 001,,80E4DA7EC61B,-68,,60.459136,22.103407,0101000020E61000006F2D93E1781A36404835ECF7C43A4E40,,,,,,,,,,,
20045577,2026-01-09T01:17:41.076000+0200,flic_button_data_export_20260109.csv,1.875,1.875,1,flic_button_data_export_20260109.csv::1,1.875,2026-01-09T01:16:43.519000+0200,2026-01-09T01:17:41.076000+0200,28,57.557,1.87,2.7862,slow ~1.88s,,Aplicom A11 001,,80E4DA7EC61B,-70,,60.458987,22.10327,0101000020E61000006DA818E76F1A364003250516C03A4E40,,,,,,,,,,,
20049578,2026-01-09T03:21:16.370000+0200,flic_button_data_export_20260109.csv,7415.294,7415.294,2,flic_button_data_export_20260109.csv::2,,2026-01-09T03:21:16.370000+0200,2026-01-09T03:21:23.410000+0200,5,7.04,1.7345000000000002,2.0159000000000002,slow ~1.88s,,Aplicom A11 001,,80E4DA7EC61B,-59,,60.421144,22.728092,0101000020E6100000AF7AC03C64BA36400C74ED0BE8354E40,,,,,,,,,,,
20049579,2026-01-09T03:21:17.893000+0200,flic_button_data_export_20260109.csv,1.523,1.523,2,flic_button_data_export_20260109.csv::2,1.523,2026-01-09T03:21:16.370000+0200,2026-01-09T03:21:23.410000+0200,5,7.04,1.7345000000000002,2.0159000000000002,slow ~1.88s,,Aplicom A11 001,,80E4DA7EC61B,-68,,60.42115,22.728235,0101000020E610000075CDE49B6DBA3640EE5A423EE8354E40,,,,,,,,,,,
20049580,2026-01-09T03:21:19.834000+0200,flic_button_data_export_20260109.csv,1.941,1.941,2,flic_button_data_export_20260109.csv::2,1.941,2026-01-09T03:21:16.370000+0200,2026-01-09T03:21:23.410000+0200,5,7.04,1.7345000000000002,2.0159000000000002,slow ~1.88s,,Aplicom A11 001,,80E4DA7EC61B,-68,,60.421155,22.728338,0101000020E61000001E6FF25B74BA364000C63368E8354E40,,,,,,,,,,,
20049581,2026-01-09T03:21:21.882000+0200,flic_button_data_export_20260109.csv,2.048,2.048,2,flic_button_data_export_20260109.csv::2,2.048,2026-01-09T03:21:16.370000+0200,2026-01-09T03:21:23.410000+0200,5,7.04,1.7345000000000002,2.0159000000000002,slow ~1.88s,,Aplicom A11 001,,80E4DA7EC61B,-63,,60.421171,22.728676,0101000020E61000004E61A5828ABA364006836BEEE8354E40,,,,,,,,,,,
20049582,2026-01-09T03:21:23.410000+0200,flic_button_data_export_20260109.csv,1.528,1.528,2,flic_button_data_export_20260109.csv::2,1.528,2026-01-09T03:21:16.370000+0200,2026-01-09T03:21:23.410000+0200,5,7.04,1.7345000000000002,2.0159000000000002,slow ~1.88s,,Aplicom A11 001,,80E4DA7EC61B,-72,,60.421177,22.728858,0101000020E61000008F6D197096BA3640E869C020E9354E40,,,,,,,,,,,
20049583,2026-01-09T03:41:48.050000+0200,flic_button_data_export_20260109.csv,1224.64,1224.64,3,flic_button_data_export_20260109.csv::3,,2026-01-09T03:41:48.050000+0200,2026-01-09T03:42:49.096000+0200,31,61.046,1.878,2.4488000000000003,slow ~1.88s,,Aplicom A11 001,,80E4DA7EC61B,-70,20106.0,60.391843,23.082998,0101000020E610000027A25F5B3F153740511553E927324E40,,,,,,,,,,,
20049584,2026-01-09T03:41:49.957000+0200,flic_button_data_export_20260109.csv,1.907,1.907,3,flic_button_data_export_20260109.csv::3,1.907,2026-01-09T03:41:48.050000+0200,2026-01-09T03:42:49.096000+0200,31,61.046,1.878,2.4488000000000003,slow ~1.88s,,Aplicom A11 001,,80E4DA7EC61B,-59,,60.391796,23.083046,0101000020E61000004910AE8042153740105A0F5F26324E40,,,,,,,,,,,
20049585,2026-01-09T03:41:51.834000+0200,flic_button_data_export_20260109.csv,1.877,1.877,3,flic_button_data_export_20260109.csv::3,1.877,2026-01-09T03:41:48.050000+0200,2026-01-09T03:42:49.096000+0200,31,61.046,1.878,2.4488000000000003,slow ~1.88s,,Aplicom A11 001,,80E4DA7EC61B,-62,,60.391735,23.083099,0101000020E61000008F54DFF9451537406AD95A5F24324E40,,,,,,,,,,,
20049586,2026-01-09T03:41:53.711000+0200,flic_button_data_export_20260109.csv,1.877,1.877,3,flic_button_data_export_20260109.csv::3,1.877,2026-01-09T03:41:48.050000+0200,2026-01-09T03:42:49.096000+0200,31,61.046,1.878,2.4488000000000003,slow ~1.88s,,Aplicom A11 001,,80E4DA7EC61B,-54,,60.391671,23.083171,0101000020E6100000C2F9D4B14A15374054E57B4622324E40,,,,,,,,,,,
20049587,2026-01-09T03:41:55.560000+0200,flic_button_data_export_20260109.csv,1.849,1.849,3,flic_button_data_export_20260109.csv::3,1.849,2026-01-09T03:41:48.050000+0200,2026-01-09T03:42:49.096000+0200,31,61.046,1.878,2.4488000000000003,slow ~1.88s,,Aplicom A11 001,,80E4DA7EC61B,-60,,60.39162,23.083243,0101000020E6100000F59ECA694F153740D23AAA9A20324E40,,,,,,,,,,,
20049588,2026-01-09T03:41:58.155000+0200,flic_button_data_export_20260109.csv,2.595,2.595,3,flic_button_data_export_20260109.csv::3,2.595,2026-01-09T03:41:48.050000+0200,2026-01-09T03:42:49.096000+0200,31,61.046,1.878,2.4488000000000003,slow ~1.88s,,Aplicom A11 001,,80E4DA7EC61B,-60,,60.391523,23.08344,0101000020E6100000A12DE7525C153740DF50F86C1D324E40,,,,,,,,,,,
20049589,2026-01-09T03:42:00.014000+0200,flic_button_data_export_20260109.csv,1.859,1.859,3,flic_button_data_export_20260109.csv::3,1.859,2026-01-09T03:41:48.050000+0200,2026-01-09T03:42:49.096000+0200,31,61.046,1.878,2.4488000000000003,slow ~1.88s,,Aplicom A11 001,,80E4DA7EC61B,-59,,60.391468,23.083623,0101000020E610000083312251681537401CB7989F1B324E40,,,,,,,,,,,
20049590,2026-01-09T03:42:01.892000+0200,flic_button_data_export_20260109.csv,1.878,1.878,3,flic_button_data_export_20260109.csv::3,1.878,2026-01-09T03:41:48.050000+0200,2026-01-09T03:42:49.096000+0200,31,61.046,1.878,2.4488000000000003,slow ~1.88s,,Aplicom A11 001,,80E4DA7EC61B,-70,,60.391437,23.083783,0101000020E6100000F5F57CCD72153740E1B88C9B1A324E40,,,,,,,,,,,
20049591,2026-01-09T03:42:03.792000+0200,flic_button_data_export_20260109.csv,1.9,1.9,3,flic_button_data_export_20260109.csv::3,1.9,2026-01-09T03:41:48.050000+0200,2026-01-09T03:42:49.096000+0200,31,61.046,1.878,2.4488000000000003,slow ~1.88s,,Aplicom A11 001,,80E4DA7EC61B,-56,,60.391414,23.084024,0101000020E61000004014CC988215374028999CDA19324E40,,,,,,,,,,,
20049592,2026-01-09T03:42:06.219000+0200,flic_button_data_export_20260109.csv,2.427,2.427,3,flic_button_data_export_20260109.csv::3,2.427,2026-01-09T03:41:48.050000+0200,2026-01-09T03:42:49.096000+0200,31,61.046,1.878,2.4488000000000003,slow ~1.88s,,Aplicom A11 001,,80E4DA7EC61B,-61,,60.391424,23.084362,0101000020E610000070067FBF981537404C6F7F2E1A324E40,,,,,,,,,,,
20049593,2026-01-09T03:42:08.078000+0200,flic_button_data_export_20260109.csv,1.859,1.859,3,flic_button_data_export_20260109.csv::3,1.859,2026-01-09T03:41:48.050000+0200,2026-01-09T03:42:49.096000+0200,31,61.046,1.878,2.4488000000000003,slow ~1.88s,,Aplicom A11 001,,80E4DA7EC61B,-74,,60.391453,23.084646,0101000020E6100000BABC395CAB153740E675C4211B324E40,,,,,,,,,,,
20049594,2026-01-09T03:42:09.938000+0200,flic_button_data_export_20260109.csv,1.86,1.86,3,flic_button_data_export_20260109.csv::3,1.86,2026-01-09T03:41:48.050000+0200,2026-01-09T03:42:49.096000+0200,31,61.046,1.878,2.4488000000000003,slow ~1.88s,,Aplicom A11 001,,80E4DA7EC61B,-63,,60.391478,23.084867,0101000020E61000007782FDD7B91537403F8D7BF31B324E40,,,,,,,,,,,
20049595,2026-01-09T03:42:11.789000+0200,flic_button_data_export_20260109.csv,1.851,1.851,3,flic_button_data_export_20260109.csv::3,1.851,2026-01-09T03:41:48.050000+0200,2026-01-09T03:42:49.096000+0200,31,61.046,1.878,2.4488000000000003,slow ~1.88s,,Aplicom A11 001,,80E4DA7EC61B,-63,,60.391511,23.085179,0101000020E6100000554E7B4ACE1537401B834E081D324E40,,,,,,,,,,,
20049596,2026-01-09T03:42:14.208000+0200,flic_button_data_export_20260109.csv,2.419,2.419,3,flic_button_data_export_20260109.csv::3,2.419,2026-01-09T03:41:48.050000+0200,2026-01-09T03:42:49.096000+0200,31,61.046,1.878,2.4488000000000003,slow ~1.88s,,Aplicom A11 001,,80E4DA7EC61B,-54,,60.391539,23.085603,0101000020E610000082700514EA153740E50D30F31D324E40,,,,,,,,,,,
20049597,2026-01-09T03:42:16.079000+0200,flic_button_data_export_20260109.csv,1.871,1.871,3,flic_button_data_export_20260109.csv::3,1.871,2026-01-09T03:41:48.050000+0200,2026-01-09T03:42:49.096000+0200,31,61.046,1.878,2.4488000000000003,slow ~1.88s,,Aplicom A11 001,,80E4DA7EC61B,-56,,60.391545,23.085963,0101000020E610000082AAD1AB01163740C7F484251E324E40,,,,,,,,,,,
20049598,2026-01-09T03:42:17.957000+0200,flic_button_data_export_20260109.csv,1.878,1.878,3,flic_button_data_export_20260109.csv::3,1.878,2026-01-09T03:41:48.050000+0200,2026-01-09T03:42:49.096000+0200,31,61.046,1.878,2.4488000000000003,slow ~1.88s,,Aplicom A11 001,,80E4DA7EC61B,-64,,60.391537,23.08624,0101000020E6100000679B1BD313163740441669E21D324E40,,,,,,,,,,,
20049599,2026-01-09T03:42:19.831000+0200,flic_button_data_export_20260109.csv,1.874,1.874,3,flic_button_data_export_20260109.csv::3,1.874,2026-01-09T03:41:48.050000+0200,2026-01-09T03:42:49.096000+0200,31,61.046,1.878,2.4488000000000003,slow ~1.88s,,Aplicom A11 001,,80E4DA7EC61B,-55,,60.391513,23.086615,0101000020E6100000D15790662C163740BC7A15191D324E40,,,,,,,,,,,
20049600,2026-01-09T03:42:22.265000+0200,flic_button_data_export_20260109.csv,2.434,2.434,3,flic_button_data_export_20260109.csv::3,2.434,2026-01-09T03:41:48.050000+0200,2026-01-09T03:42:49.096000+0200,31,61.046,1.878,2.4488000000000003,slow ~1.88s,,Aplicom A11 001,,80E4DA7EC61B,-52,,60.391473,23.087102,0101000020E61000008C6A11514C1637402D228AC91B324E40,,,,,,,,,,,
20049601,2026-01-09T03:42:24.166000+0200,flic_button_data_export_20260109.csv,1.901,1.901,3,flic_button_data_export_20260109.csv::3,1.901,2026-01-09T03:41:48.050000+0200,2026-01-09T03:42:49.096000+0200,31,61.046,1.878,2.4488000000000003,slow ~1.88s,,Aplicom A11 001,,80E4DA7EC61B,-60,,60.391439,23.087503,0101000020E6100000494DBB986616374081B053AC1A324E40,,,,,,,,,,,
20049602,2026-01-09T03:42:26.047000+0200,flic_button_data_export_20260109.csv,1.881,1.881,3,flic_button_data_export_20260109.csv::3,1.881,2026-01-09T03:41:48.050000+0200,2026-01-09T03:42:49.096000+0200,31,61.046,1.878,2.4488000000000003,slow ~1.88s,,Aplicom A11 001,,80E4DA7EC61B,-58,,60.391406,23.08792,0101000020E610000011AAD4EC81163740A6BA809719324E40,,,,,,,,,,,
20049603,2026-01-09T03:42:28.655000+0200,flic_button_data_export_20260109.csv,2.608,2.608,3,flic_button_data_export_20260109.csv::3,2.608,2026-01-09T03:41:48.050000+0200,2026-01-09T03:42:49.096000+0200,31,61.046,1.878,2.4488000000000003,slow ~1.88s,,Aplicom A11 001,,80E4DA7EC61B,-64,,60.391381,23.088243,0101000020E6100000D619DF17971637404DA3C9C518324E40,,,,,,,,,,,
20049604,2026-01-09T03:42:30.526000+0200,flic_button_data_export_20260109.csv,1.871,1.871,3,flic_button_data_export_20260109.csv::3,1.871,2026-01-09T03:41:48.050000+0200,2026-01-09T03:42:49.096000+0200,31,61.046,1.878,2.4488000000000003,slow ~1.88s,,Aplicom A11 001,,80E4DA7EC61B,-60,,60.391335,23.088795,0101000020E61000005F0CE544BB163740DC63E94317324E40,,,,,,,,,,,
20049605,2026-01-09T03:42:32.393000+0200,flic_button_data_export_20260109.csv,1.867,1.867,3,flic_button_data_export_20260109.csv::3,1.867,2026-01-09T03:41:48.050000+0200,2026-01-09T03:42:49.096000+0200,31,61.046,1.878,2.4488000000000003,slow ~1.88s,,Aplicom A11 001,,80E4DA7EC61B,-59,,60.391298,23.089236,0101000020E610000038A0A52BD8163740BF7E880D16324E40,,,,,,,,,,,
20049606,2026-01-09T03:42:34.262000+0200,flic_button_data_export_20260109.csv,1.869,1.869,3,flic_button_data_export_20260109.csv::3,1.869,2026-01-09T03:41:48.050000+0200,2026-01-09T03:42:49.096000+0200,31,61.046,1.878,2.4488000000000003,slow ~1.88s,,Aplicom A11 001,,80E4DA7EC61B,-59,,60.391261,23.089686,0101000020E6100000B8E864A9F5163740A29927D714324E40,,,,,,,,,,,
20049607,2026-01-09T03:42:36.657000+0200,flic_button_data_export_20260109.csv,2.395,2.395,3,flic_button_data_export_20260109.csv::3,2.395,2026-01-09T03:41:48.050000+0200,2026-01-09T03:42:49.096000+0200,31,61.046,1.878,2.4488000000000003,slow ~1.88s,,Aplicom A11 001,,80E4DA7EC61B,-60,,60.391232,23.090035,0101000020E6100000D07EA4880C1737400893E2E313324E40,,,,,,,,,,,
20049608,2026-01-09T03:42:38.539000+0200,flic_button_data_export_20260109.csv,1.882,1.882,3,flic_button_data_export_20260109.csv::3,1.882,2026-01-09T03:41:48.050000+0200,2026-01-09T03:42:49.096000+0200,31,61.046,1.878,2.4488000000000003,slow ~1.88s,,Aplicom A11 001,,80E4DA7EC61B,-55,,60.391185,23.090627,0101000020E61000007522C15433173740C7D79E5912324E40,,,,,,,,,,,
20049609,2026-01-09T03:42:40.404000+0200,flic_button_data_export_20260109.csv,1.865,1.865,3,flic_button_data_export_20260109.csv::3,1.865,2026-01-09T03:41:48.050000+0200,2026-01-09T03:42:49.096000+0200,31,61.046,1.878,2.4488000000000003,slow ~1.88s,,Aplicom A11 001,,80E4DA7EC61B,-59,,60.391143,23.091087,0101000020E61000003C17467A5117374098874CF910324E40,,,,,,,,,,,
20049610,2026-01-09T03:42:42.300000+0200,flic_button_data_export_20260109.csv,1.896,1.896,3,flic_button_data_export_20260109.csv::3,1.896,2026-01-09T03:41:48.050000+0200,2026-01-09T03:42:49.096000+0200,31,61.046,1.878,2.4488000000000003,slow ~1.88s,,Aplicom A11 001,,80E4DA7EC61B,-57,,60.391078,23.091533,0101000020E61000003881E9B46E173740B1170AD80E324E40,,,,,,,,,,,
20049611,2026-01-09T03:42:44.656000+0200,flic_button_data_export_20260109.csv,2.356,2.356,3,flic_button_data_export_20260109.csv::3,2.356,2026-01-09T03:41:48.050000+0200,2026-01-09T03:42:49.096000+0200,31,61.046,1.878,2.4488000000000003,slow ~1.88s,,Aplicom A11 001,,80E4DA7EC61B,-61,,60.39101,23.091855,0101000020E61000005DF92CCF8317374059349D9D0C324E40,,,,,,,,,,,
20049612,2026-01-09T03:42:47.238000+0200,flic_button_data_export_20260109.csv,2.582,2.582,3,flic_button_data_export_20260109.csv::3,2.582,2026-01-09T03:41:48.050000+0200,2026-01-09T03:42:49.096000+0200,31,61.046,1.878,2.4488000000000003,slow ~1.88s,,Aplicom A11 001,,80E4DA7EC61B,-66,,60.390775,23.09251,0101000020E61000008F8D40BCAE173740158C4AEA04324E40,,,,,,,,,,,
20049613,2026-01-09T03:42:49.096000+0200,flic_button_data_export_20260109.csv,1.858,1.858,3,flic_button_data_export_20260109.csv::3,1.858,2026-01-09T03:41:48.050000+0200,2026-01-09T03:42:49.096000+0200,31,61.046,1.878,2.4488000000000003,slow ~1.88s,,Aplicom A11 001,,80E4DA7EC61B,-53,,60.390601,23.092818,0101000020E6100000EA7AA2EBC21737407764AC36FF314E40,,,,,,,,,,,
20049614,2026-01-09T03:44:06.510000+0200,flic_button_data_export_20260109.csv,77.414,77.414,4,flic_button_data_export_20260109.csv::4,,2026-01-09T03:44:06.510000+0200,2026-01-09T03:45:05.971000+0200,28,59.461,1.88,2.7632000000000003,slow ~1.88s,,Aplicom A11 001,,80E4DA7EC61B,-65,,60.38424,23.100431,0101000020E61000002C8194D8B519374053E8BCC62E314E40,,,,,,,,,,,
20049615,2026-01-09T03:44:08.369000+0200,flic_button_data_export_20260109.csv,1.859,1.859,4,flic_button_data_export_20260109.csv::4,1.859,2026-01-09T03:44:06.510000+0200,2026-01-09T03:45:05.971000+0200,28,59.461,1.88,2.7632000000000003,slow ~1.88s,,Aplicom A11 001,,80E4DA7EC61B,-61,,60.384291,23.100601,0101000020E6100000E5F1B4FCC0193740D5928E7230314E40,,,,,,,,,,,
20049616,2026-01-09T03:44:10.236000+0200,flic_button_data_export_20260109.csv,1.867,1.867,4,flic_button_data_export_20260109.csv::4,1.867,2026-01-09T03:44:06.510000+0200,2026-01-09T03:45:05.971000+0200,28,59.461,1.88,2.7632000000000003,slow ~1.88s,,Aplicom A11 001,,80E4DA7EC61B,-57,,60.38436,23.100778,0101000020E610000002284696CC193740FEF15EB532314E40,,,,,,,,,,,
20049617,2026-01-09T03:44:12.644000+0200,flic_button_data_export_20260109.csv,2.408,2.408,4,flic_button_data_export_20260109.csv::4,2.408,2026-01-09T03:44:06.510000+0200,2026-01-09T03:45:05.971000+0200,28,59.461,1.88,2.7632000000000003,slow ~1.88s,,Aplicom A11 001,,80E4DA7EC61B,-56,,60.384417,23.100916,0101000020E6100000A5A487A1D51937406283859334314E40,,,,,,,,,,,
20049618,2026-01-09T03:44:14.507000+0200,flic_button_data_export_20260109.csv,1.863,1.863,4,flic_button_data_export_20260109.csv::4,1.863,2026-01-09T03:44:06.510000+0200,2026-01-09T03:45:05.971000+0200,28,59.461,1.88,2.7632000000000003,slow ~1.88s,,Aplicom A11 001,,80E4DA7EC61B,-58,20106.0,60.384528,23.101143,0101000020E61000002638F581E4193740BA32A83638314E40,,,,,,,,,,,
20049619,2026-01-09T03:44:16.365000+0200,flic_button_data_export_20260109.csv,1.858,1.858,4,flic_button_data_export_20260109.csv::4,1.858,2026-01-09T03:44:06.510000+0200,2026-01-09T03:45:05.971000+0200,28,59.461,1.88,2.7632000000000003,slow ~1.88s,,Aplicom A11 001,,80E4DA7EC61B,-67,,60.38463,23.101331,0101000020E61000002B1213D4F0193740BE874B8E3B314E40,,,,,,,,,,,
20049620,2026-01-09T03:44:18.248000+0200,flic_button_data_export_20260109.csv,1.883,1.883,4,flic_button_data_export_20260109.csv::4,1.883,2026-01-09T03:44:06.510000+0200,2026-01-09T03:45:05.971000+0200,28,59.461,1.88,2.7632000000000003,slow ~1.88s,,Aplicom A11 001,,80E4DA7EC61B,-70,,60.384738,23.101521,0101000020E610000073DBBE47FD193740A4C343183F314E40,,,,,,,,,,,
20049621,2026-01-09T03:44:20.669000+0200,flic_button_data_export_20260109.csv,2.421,2.421,4,flic_button_data_export_20260109.csv::4,2.421,2026-01-09T03:44:06.510000+0200,2026-01-09T03:45:05.971000+0200,28,59.461,1.88,2.7632000000000003,slow ~1.88s,,Aplicom A11 001,,80E4DA7EC61B,-62,,60.384826,23.101665,0101000020E6100000D925AAB7061A3740435376FA41314E40,,,,,,,,,,,
20049622,2026-01-09T03:44:22.530000+0200,flic_button_data_export_20260109.csv,1.861,1.861,4,flic_button_data_export_20260109.csv::4,1.861,2026-01-09T03:44:06.510000+0200,2026-01-09T03:45:05.971000+0200,28,59.461,1.88,2.7632000000000003,slow ~1.88s,,Aplicom A11 001,,80E4DA7EC61B,-66,,60.384982,23.101915,0101000020E6100000CBF8F719171A37403BC6151747314E40,,,,,,,,,,,
20049623,2026-01-09T03:44:25.939000+0200,flic_button_data_export_20260109.csv,3.409,3.409,4,flic_button_data_export_20260109.csv::4,3.409,2026-01-09T03:44:06.510000+0200,2026-01-09T03:45:05.971000+0200,28,59.461,1.88,2.7632000000000003,slow ~1.88s,,Aplicom A11 001,,80E4DA7EC61B,-60,,60.385213,23.102295,0101000020E6100000598B4F01301A37403D7FDAA84E314E40,,,,,,,,,,,
20049624,2026-01-09T03:44:28.673000+0200,flic_button_data_export_20260109.csv,2.734,2.734,4,flic_button_data_export_20260109.csv::4,2.734,2026-01-09T03:44:06.510000+0200,2026-01-09T03:45:05.971000+0200,28,59.461,1.88,2.7632000000000003,slow ~1.88s,,Aplicom A11 001,,80E4DA7EC61B,-64,,60.385348,23.102513,0101000020E6100000336ABE4A3E1A37401DCA501553314E40,,,,,,,,,,,
20049625,2026-01-09T03:44:30.541000+0200,flic_button_data_export_20260109.csv,1.868,1.868,4,flic_button_data_export_20260109.csv::4,1.868,2026-01-09T03:44:06.510000+0200,2026-01-09T03:45:05.971000+0200,28,59.461,1.88,2.7632000000000003,slow ~1.88s,,Aplicom A11 001,,80E4DA7EC61B,-64,,60.385512,23.102783,0101000020E6100000B39597FC4F1A3740971B0C7558314E40,,,,,,,,,,,
20049626,2026-01-09T03:44:32.395000+0200,flic_button_data_export_20260109.csv,1.854,1.854,4,flic_button_data_export_20260109.csv::4,1.854,2026-01-09T03:44:06.510000+0200,2026-01-09T03:45:05.971000+0200,28,59.461,1.88,2.7632000000000003,slow ~1.88s,,Aplicom A11 001,,80E4DA7EC61B,-60,,60.385642,23.102994,0101000020E610000029AF95D05D1A374065FB90B75C314E40,,,,,,,,,,,
20049627,2026-01-09T03:44:34.271000+0200,flic_button_data_export_20260109.csv,1.876,1.876,4,flic_button_data_export_20260109.csv::4,1.876,2026-01-09T03:44:06.510000+0200,2026-01-09T03:45:05.971000+0200,28,59.461,1.88,2.7632000000000003,slow ~1.88s,,Aplicom A11 001,,80E4DA7EC61B,-66,,60.385768,23.103198,0101000020E61000003A03232F6B1A3740F2EB87D860314E40,,,,,,,,,,,
20049628,2026-01-09T03:44:36.675000+0200,flic_button_data_export_20260109.csv,2.404,2.404,4,flic_button_data_export_20260109.csv::4,2.404,2026-01-09T03:44:06.510000+0200,2026-01-09T03:45:05.971000+0200,28,59.461,1.88,2.7632000000000003,slow ~1.88s,,Aplicom A11 001,,80E4DA7EC61B,-56,,60.385862,23.103348,0101000020E6100000651BB803751A374074620FED63314E40,,,,,,,,,,,
20049629,2026-01-09T03:44:38.534000+0200,flic_button_data_export_20260109.csv,1.859,1.859,4,flic_button_data_export_20260109.csv::4,1.859,2026-01-09T03:44:06.510000+0200,2026-01-09T03:45:05.971000+0200,28,59.461,1.88,2.7632000000000003,slow ~1.88s,,Aplicom A11 001,,80E4DA7EC61B,-61,20106.0,60.386015,23.103598,0101000020E610000057EE0566851A3740FA6184F068314E40,,,,,,,,,,,
20049630,2026-01-09T03:44:40.400000+0200,flic_button_data_export_20260109.csv,1.866,1.866,4,flic_button_data_export_20260109.csv::4,1.866,2026-01-09T03:44:06.510000+0200,2026-01-09T03:45:05.971000+0200,28,59.461,1.88,2.7632000000000003,slow ~1.88s,,Aplicom A11 001,,80E4DA7EC61B,-55,,60.386135,23.103797,0101000020E6100000446CB070921A3740A56B26DF6C314E40,,,,,,,,,,,
20049631,2026-01-09T03:44:42.274000+0200,flic_button_data_export_20260109.csv,1.874,1.874,4,flic_button_data_export_20260109.csv::4,1.874,2026-01-09T03:44:06.510000+0200,2026-01-09T03:45:05.971000+0200,28,59.461,1.88,2.7632000000000003,slow ~1.88s,,Aplicom A11 001,,80E4DA7EC61B,-58,,60.386253,23.103991,0101000020E61000000E1478279F1A3740AF7D01BD70314E40,,,,,,,,,,,
20049632,2026-01-09T03:44:44.680000+0200,flic_button_data_export_20260109.csv,2.406,2.406,4,flic_button_data_export_20260109.csv::4,2.406,2026-01-09T03:44:06.510000+0200,2026-01-09T03:45:05.971000+0200,28,59.461,1.88,2.7632000000000003,slow ~1.88s,,Aplicom A11 001,,80E4DA7EC61B,-60,,60.386341,23.104132,0101000020E610000092770E65A81A37404E0D349F73314E40,,,,,,,,,,,
20049633,2026-01-09T03:44:47.356000+0200,flic_button_data_export_20260109.csv,2.676,2.676,4,flic_button_data_export_20260109.csv::4,2.676,2026-01-09T03:44:06.510000+0200,2026-01-09T03:45:05.971000+0200,28,59.461,1.88,2.7632000000000003,slow ~1.88s,,Aplicom A11 001,,80E4DA7EC61B,-58,,60.386534,23.10444,0101000020E6100000ED647094BC1A3740626534F279314E40,,,,,,,,,,,
20049634,2026-01-09T03:44:49.236000+0200,flic_button_data_export_20260109.csv,1.88,1.88,4,flic_button_data_export_20260109.csv::4,1.88,2026-01-09T03:44:06.510000+0200,2026-01-09T03:45:05.971000+0200,28,59.461,1.88,2.7632000000000003,slow ~1.88s,,Aplicom A11 001,,80E4DA7EC61B,-52,,60.386628,23.104591,0101000020E6100000B874CC79C61A3740E4DBBB067D314E40,,,,,,,,,,,
20049635,2026-01-09T03:44:51.112000+0200,flic_button_data_export_20260109.csv,1.876,1.876,4,flic_button_data_export_20260109.csv::4,1.876,2026-01-09T03:44:06.510000+0200,2026-01-09T03:45:05.971000+0200,28,59.461,1.88,2.7632000000000003,slow ~1.88s,,Aplicom A11 001,,80E4DA7EC61B,-52,,60.386711,23.104723,0101000020E610000096236420CF1A37407100FDBE7F314E40,,,,,,,,,,,
20049636,2026-01-09T03:44:53.752000+0200,flic_button_data_export_20260109.csv,2.64,2.64,4,flic_button_data_export_20260109.csv::4,2.64,2026-01-09T03:44:06.510000+0200,2026-01-09T03:45:05.971000+0200,28,59.461,1.88,2.7632000000000003,slow ~1.88s,,Aplicom A11 001,,80E4DA7EC61B,-56,,60.386791,23.104855,0101000020E610000074D2FBC6D71A37408EB1135E82314E40,,,,,,,,,,,
20049637,2026-01-09T03:44:55.620000+0200,flic_button_data_export_20260109.csv,1.868,1.868,4,flic_button_data_export_20260109.csv::4,1.868,2026-01-09T03:44:06.510000+0200,2026-01-09T03:45:05.971000+0200,28,59.461,1.88,2.7632000000000003,slow ~1.88s,,Aplicom A11 001,,80E4DA7EC61B,-76,,60.386836,23.104933,0101000020E61000006B459BE3DC1A37402E7590D783314E40,,,,,,,,,,,
20049639,2026-01-09T03:44:59.361000+0200,flic_button_data_export_20260109.csv,3.741,3.741,4,flic_button_data_export_20260109.csv::4,3.741,2026-01-09T03:44:06.510000+0200,2026-01-09T03:45:05.971000+0200,28,59.461,1.88,2.7632000000000003,slow ~1.88s,,Aplicom A11 001,,80E4DA7EC61B,-55,,60.386867,23.105099,0101000020E6100000A1D79FC4E71A374069739CDB84314E40,,,,,,,,,,,
20049641,2026-01-09T03:45:02.168000+0200,flic_button_data_export_20260109.csv,2.807,2.807,4,flic_button_data_export_20260109.csv::4,2.807,2026-01-09T03:44:06.510000+0200,2026-01-09T03:45:05.971000+0200,28,59.461,1.88,2.7632000000000003,slow ~1.88s,,Aplicom A11 001,,80E4DA7EC61B,-83,,60.386844,23.105258,0101000020E610000072A43330F21A3740B153AC1A84314E40,,,,,,,,,,,
20049644,2026-01-09T03:45:04.060000+0200,flic_button_data_export_20260109.csv,1.892,1.892,4,flic_button_data_export_20260109.csv::4,1.892,2026-01-09T03:44:06.510000+0200,2026-01-09T03:45:05.971000+0200,28,59.461,1.88,2.7632000000000003,slow ~1.88s,,Aplicom A11 001,,80E4DA7EC61B,-57,20106.0,60.386827,23.105369,0101000020E610000021037976F91A3740DA1A118C83314E40,,,,,,,,,,,
20049647,2026-01-09T03:45:05.971000+0200,flic_button_data_export_20260109.csv,1.911,1.911,4,flic_button_data_export_20260109.csv::4,1.911,2026-01-09T03:44:06.510000+0200,2026-01-09T03:45:05.971000+0200,28,59.461,1.88,2.7632000000000003,slow ~1.88s,,Aplicom A11 001,,80E4DA7EC61B,-52,20106.0,60.386817,23.105458,0101000020E6100000001AA54BFF1A3740B7442E3883314E40,,,,,,,,,,,
20063063,2026-01-09T16:27:47.921000+0200,flic_button_data_export_20260109.csv,45761.95,45761.95,5,flic_button_data_export_20260109.csv::5,,2026-01-09T16:27:47.921000+0200,2026-01-09T16:28:48.440000+0200,30,60.519,1.878,2.7018,slow ~1.88s,,Aplicom A11 001,,80E4DA7EC61B,-52,,60.404377,22.820764,0101000020E6100000F1BBE9961DD23640962023A0C2334E40,,,,,,,,,,,
20063064,2026-01-09T16:27:49.785000+0200,flic_button_data_export_20260109.csv,1.864,1.864,5,flic_button_data_export_20260109.csv::5,1.864,2026-01-09T16:27:47.921000+0200,2026-01-09T16:28:48.440000+0200,30,60.519,1.878,2.7018,slow ~1.88s,,Aplicom A11 001,,80E4DA7EC61B,-61,,60.404496,22.820026,0101000020E6100000A4DE5339EDD1364071AE6186C6334E40,,,,,,,,,,,
20063065,2026-01-09T16:27:51.882000+0200,flic_button_data_export_20260109.csv,2.097,2.097,5,flic_button_data_export_20260109.csv::5,2.097,2026-01-09T16:27:47.921000+0200,2026-01-09T16:28:48.440000+0200,30,60.519,1.878,2.7018,slow ~1.88s,,Aplicom A11 001,,80E4DA7EC61B,-63,,60.404556,22.819656,0101000020E61000005DF8C1F9D4D1364046B3B27DC8334E40,,,,,,,,,,,
20063066,2026-01-09T16:27:53.743000+0200,flic_button_data_export_20260109.csv,1.861,1.861,5,flic_button_data_export_20260109.csv::5,1.861,2026-01-09T16:27:47.921000+0200,2026-01-09T16:28:48.440000+0200,30,60.519,1.878,2.7018,slow ~1.88s,,Aplicom A11 001,,80E4DA7EC61B,-63,,60.40474,22.818544,0101000020E610000047567E198CD1364007B13385CE334E40,,,,,,,,,,,
20063067,2026-01-09T16:27:55.621000+0200,flic_button_data_export_20260109.csv,1.878,1.878,5,flic_button_data_export_20260109.csv::5,1.878,2026-01-09T16:27:47.921000+0200,2026-01-09T16:28:48.440000+0200,30,60.519,1.878,2.7018,slow ~1.88s,,Aplicom A11 001,,80E4DA7EC61B,-67,,60.404865,22.817805,0101000020E61000005A8121AB5BD13640C425C79DD2334E40,,,,,,,,,,,
20063068,2026-01-09T16:27:57.474000+0200,flic_button_data_export_20260109.csv,1.853,1.853,5,flic_button_data_export_20260109.csv::5,1.853,2026-01-09T16:27:47.921000+0200,2026-01-09T16:28:48.440000+0200,30,60.519,1.878,2.7018,slow ~1.88s,,Aplicom A11 001,,80E4DA7EC61B,-60,,60.404962,22.817256,0101000020E6100000B47570B037D13640B60F79CBD5334E40,,,,,,,,,,,
20063069,2026-01-09T16:27:59.352000+0200,flic_button_data_export_20260109.csv,1.878,1.878,5,flic_button_data_export_20260109.csv::5,1.878,2026-01-09T16:27:47.921000+0200,2026-01-09T16:28:48.440000+0200,30,60.519,1.878,2.7018,slow ~1.88s,,Aplicom A11 001,,80E4DA7EC61B,-57,,60.405088,22.816518,0101000020E61000006798DA5207D13640430070ECD9334E40,,,,,,,,,,,
20063070,2026-01-09T16:28:01.803000+0200,flic_button_data_export_20260109.csv,2.451,2.451,5,flic_button_data_export_20260109.csv::5,2.451,2026-01-09T16:27:47.921000+0200,2026-01-09T16:28:48.440000+0200,30,60.519,1.878,2.7018,slow ~1.88s,,Aplicom A11 001,,80E4DA7EC61B,-58,,60.405248,22.815594,0101000020E610000057D0B4C4CAD036407C629D2ADF334E40,,,,,,,,,,,
20063071,2026-01-09T16:28:03.674000+0200,flic_button_data_export_20260109.csv,1.871,1.871,5,flic_button_data_export_20260109.csv::5,1.871,2026-01-09T16:27:47.921000+0200,2026-01-09T16:28:48.440000+0200,30,60.519,1.878,2.7018,slow ~1.88s,,Aplicom A11 001,,80E4DA7EC61B,-54,,60.405375,22.814853,0101000020E6100000280CCA349AD03640D9CEF753E3334E40,,,,,,,,,,,
20063072,2026-01-09T16:28:05.567000+0200,flic_button_data_export_20260109.csv,1.893,1.893,5,flic_button_data_export_20260109.csv::5,1.893,2026-01-09T16:27:47.921000+0200,2026-01-09T16:28:48.440000+0200,30,60.519,1.878,2.7018,slow ~1.88s,,Aplicom A11 001,,80E4DA7EC61B,-58,,60.405501,22.814109,0101000020E610000017618A7269D0364066BFEE74E7334E40,,,,,,,,,,,
20063073,2026-01-09T16:28:07.455000+0200,flic_button_data_export_20260109.csv,1.888,1.888,5,flic_button_data_export_20260109.csv::5,1.888,2026-01-09T16:27:47.921000+0200,2026-01-09T16:28:48.440000+0200,30,60.519,1.878,2.7018,slow ~1.88s,,Aplicom A11 001,,80E4DA7EC61B,-65,,60.405597,22.813553,0101000020E61000000C90680245D03640882D3D9AEA334E40,,,,,,,,,,,
20063074,2026-01-09T16:28:10.152000+0200,flic_button_data_export_20260109.csv,2.697,2.697,5,flic_button_data_export_20260109.csv::5,2.697,2026-01-09T16:27:47.921000+0200,2026-01-09T16:28:48.440000+0200,30,60.519,1.878,2.7018,slow ~1.88s,,Aplicom A11 001,,80E4DA7EC61B,-60,,60.405759,22.812628,0101000020E61000005BD07B6308D03640628731E9EF334E40,,,,,,,,,,,
20063075,2026-01-09T16:28:12.022000+0200,flic_button_data_export_20260109.csv,1.87,1.87,5,flic_button_data_export_20260109.csv::5,1.87,2026-01-09T16:27:47.921000+0200,2026-01-09T16:28:48.440000+0200,30,60.519,1.878,2.7018,slow ~1.88s,,Aplicom A11 001,,80E4DA7EC61B,-55,,60.405889,22.811886,0101000020E61000008C14CAC2D7CF36403067B62BF4334E40,,,,,,,,,,,
20063076,2026-01-09T16:28:13.910000+0200,flic_button_data_export_20260109.csv,1.888,1.888,5,flic_button_data_export_20260109.csv::5,1.888,2026-01-09T16:27:47.921000+0200,2026-01-09T16:28:48.440000+0200,30,60.519,1.878,2.7018,slow ~1.88s,,Aplicom A11 001,,80E4DA7EC61B,-62,,60.406018,22.811155,0101000020E6100000A4FCA4DAA7CF36402ECBD765F8334E40,,,,,,,,,,,
20063077,2026-01-09T16:28:16.723000+0200,flic_button_data_export_20260109.csv,2.813,2.813,5,flic_button_data_export_20260109.csv::5,2.813,2026-01-09T16:27:47.921000+0200,2026-01-09T16:28:48.440000+0200,30,60.519,1.878,2.7018,slow ~1.88s,,Aplicom A11 001,,80E4DA7EC61B,-65,,60.406206,22.810061,0101000020E6100000DBC35E2860CF364030B8E68EFE334E40,,,,,,,,,,,
20063078,2026-01-09T16:28:18.592000+0200,flic_button_data_export_20260109.csv,1.869,1.869,5,flic_button_data_export_20260109.csv::5,1.869,2026-01-09T16:27:47.921000+0200,2026-01-09T16:28:48.440000+0200,30,60.519,1.878,2.7018,slow ~1.88s,,Aplicom A11 001,,80E4DA7EC61B,-54,,60.406331,22.809326,0101000020E610000070CD1DFD2FCF3640ED2C7AA702344E40,,,,,,,,,,,
20063079,2026-01-09T16:28:20.487000+0200,flic_button_data_export_20260109.csv,1.895,1.895,5,flic_button_data_export_20260109.csv::5,1.895,2026-01-09T16:27:47.921000+0200,2026-01-09T16:28:48.440000+0200,30,60.519,1.878,2.7018,slow ~1.88s,,Aplicom A11 001,,80E4DA7EC61B,-60,,60.406426,22.808772,0101000020E6100000A7EB89AE0BCF36403F1F65C405344E40,,,,,,,,,,,
20063080,2026-01-09T16:28:22.357000+0200,flic_button_data_export_20260109.csv,1.87,1.87,5,flic_button_data_export_20260109.csv::5,1.87,2026-01-09T16:27:47.921000+0200,2026-01-09T16:28:48.440000+0200,30,60.519,1.878,2.7018,slow ~1.88s,,Aplicom A11 001,,80E4DA7EC61B,-61,20106.0,60.406553,22.808034,0101000020E61000005A0EF450DBCE36409C8BBFED09344E40,,,,,,,,,,,
20063081,2026-01-09T16:28:25.716000+0200,flic_button_data_export_20260109.csv,3.359,3.359,5,flic_button_data_export_20260109.csv::5,3.359,2026-01-09T16:27:47.921000+0200,2026-01-09T16:28:48.440000+0200,30,60.519,1.878,2.7018,slow ~1.88s,,Aplicom A11 001,,80E4DA7EC61B,-61,,60.406714,22.807116,0101000020E61000000E1478279FCE3640A56950340F344E40,,,,,,,,,,,
20063082,2026-01-09T16:28:27.584000+0200,flic_button_data_export_20260109.csv,1.868,1.868,5,flic_button_data_export_20260109.csv::5,1.868,2026-01-09T16:27:47.921000+0200,2026-01-09T16:28:48.440000+0200,30,60.519,1.878,2.7018,slow ~1.88s,,Aplicom A11 001,,80E4DA7EC61B,-60,,60.406842,22.80638,0101000020E6100000032670EB6ECE3640D2510E6613344E40,,,,,,,,,,,
20063083,2026-01-09T16:28:29.462000+0200,flic_button_data_export_20260109.csv,1.878,1.878,5,flic_button_data_export_20260109.csv::5,1.878,2026-01-09T16:27:47.921000+0200,2026-01-09T16:28:48.440000+0200,30,60.519,1.878,2.7018,slow ~1.88s,,Aplicom A11 001,,80E4DA7EC61B,-65,,60.407001,22.805458,0101000020E6100000344DD87E32CE36403B38D89B18344E40,,,,,,,,,,,
20063084,2026-01-09T16:28:31.326000+0200,flic_button_data_export_20260109.csv,1.864,1.864,5,flic_button_data_export_20260109.csv::5,1.864,2026-01-09T16:27:47.921000+0200,2026-01-09T16:28:48.440000+0200,30,60.519,1.878,2.7018,slow ~1.88s,,Aplicom A11 001,,80E4DA7EC61B,-64,,60.407128,22.804722,0101000020E6100000295FD04202CE364098A432C51C344E40,,,,,,,,,,,
20063085,2026-01-09T16:28:33.177000+0200,flic_button_data_export_20260109.csv,1.851,1.851,5,flic_button_data_export_20260109.csv::5,1.851,2026-01-09T16:27:47.921000+0200,2026-01-09T16:28:48.440000+0200,30,60.519,1.878,2.7018,slow ~1.88s,,Aplicom A11 001,,80E4DA7EC61B,-65,,60.407257,22.803985,0101000020E61000007D7901F6D1CD3640960854FF20344E40,,,,,,,,,,,
20063086,2026-01-09T16:28:35.046000+0200,flic_button_data_export_20260109.csv,1.869,1.869,5,flic_button_data_export_20260109.csv::5,1.869,2026-01-09T16:27:47.921000+0200,2026-01-09T16:28:48.440000+0200,30,60.519,1.878,2.7018,slow ~1.88s,,Aplicom A11 001,,80E4DA7EC61B,-58,,60.407355,22.80343,0101000020E610000012A0A696ADCD3640596E693524344E40,,,,,,,,,,,
20063087,2026-01-09T16:28:36.916000+0200,flic_button_data_export_20260109.csv,1.87,1.87,5,flic_button_data_export_20260109.csv::5,1.87,2026-01-09T16:27:47.921000+0200,2026-01-09T16:28:48.440000+0200,30,60.519,1.878,2.7018,slow ~1.88s,,Aplicom A11 001,,80E4DA7EC61B,-60,,60.407483,22.802691,0101000020E610000025CB49287DCD36408656276728344E40,,,,,,,,,,,
20063088,2026-01-09T16:28:39.540000+0200,flic_button_data_export_20260109.csv,2.624,2.624,5,flic_button_data_export_20260109.csv::5,2.624,2026-01-09T16:27:47.921000+0200,2026-01-09T16:28:48.440000+0200,30,60.519,1.878,2.7018,slow ~1.88s,,Aplicom A11 001,,80E4DA7EC61B,-60,,60.407612,22.801953,0101000020E6100000D9EDB3CA4CCD364084BA48A12C344E40,,,,,,,,,,,
20063089,2026-01-09T16:28:41.408000+0200,flic_button_data_export_20260109.csv,1.868,1.868,5,flic_button_data_export_20260109.csv::5,1.868,2026-01-09T16:27:47.921000+0200,2026-01-09T16:28:48.440000+0200,30,60.519,1.878,2.7018,slow ~1.88s,,Aplicom A11 001,,80E4DA7EC61B,-59,,60.407774,22.801031,0101000020E610000009151C5E10CD36405E143DF031344E40,,,,,,,,,,,
20063090,2026-01-09T16:28:43.301000+0200,flic_button_data_export_20260109.csv,1.893,1.893,5,flic_button_data_export_20260109.csv::5,1.893,2026-01-09T16:27:47.921000+0200,2026-01-09T16:28:48.440000+0200,30,60.519,1.878,2.7018,slow ~1.88s,,Aplicom A11 001,,80E4DA7EC61B,-56,,60.407905,22.800292,0101000020E61000001C40BFEFDFCC3640FC6F253B36344E40,,,,,,,,,,,
20063091,2026-01-09T16:28:45.719000+0200,flic_button_data_export_20260109.csv,2.418,2.418,5,flic_button_data_export_20260109.csv::5,2.418,2026-01-09T16:27:47.921000+0200,2026-01-09T16:28:48.440000+0200,30,60.519,1.878,2.7018,slow ~1.88s,,Aplicom A11 001,,80E4DA7EC61B,-56,,60.408001,22.799738,0101000020E6100000535E2BA1BBCC36401EDE736039344E40,,,,,,,,,,,
20063092,2026-01-09T16:28:48.440000+0200,flic_button_data_export_20260109.csv,2.721,2.721,5,flic_button_data_export_20260109.csv::5,2.721,2026-01-09T16:27:47.921000+0200,2026-01-09T16:28:48.440000+0200,30,60.519,1.878,2.7018,slow ~1.88s,,Aplicom A11 001,,80E4DA7EC61B,-54,,60.40822,22.798444,0101000020E6100000FBAF73D366CC36405CC98E8D40344E40,,,,,,,,,,,
20063093,2026-01-09T16:32:15.473000+0200,flic_button_data_export_20260109.csv,207.033,207.033,6,flic_button_data_export_20260109.csv::6,,2026-01-09T16:32:15.473000+0200,2026-01-09T16:33:24.571000+0200,34,69.098,1.875,2.7132,slow ~1.88s,,Aplicom A11 001,,80E4DA7EC61B,-60,,60.421258,22.728743,0101000020E61000005E30B8E68EBA3640D5963AC8EB354E40,,,,,,,,,,,
20063094,2026-01-09T16:32:17.332000+0200,flic_button_data_export_20260109.csv,1.859,1.859,6,flic_button_data_export_20260109.csv::6,1.859,2026-01-09T16:32:15.473000+0200,2026-01-09T16:33:24.571000+0200,34,69.098,1.875,2.7132,slow ~1.88s,,Aplicom A11 001,,80E4DA7EC61B,-64,,60.421262,22.728408,0101000020E610000010255AF278BA36401686C8E9EB354E40,,,,,,,,,,,
20063095,2026-01-09T16:32:19.207000+0200,flic_button_data_export_20260109.csv,1.875,1.875,6,flic_button_data_export_20260109.csv::6,1.875,2026-01-09T16:32:15.473000+0200,2026-01-09T16:33:24.571000+0200,34,69.098,1.875,2.7132,slow ~1.88s,,Aplicom A11 001,,80E4DA7EC61B,-59,,60.421265,22.728179,0101000020E61000004DA25EF069BA364087F9F202EC354E40,,,,,,,,,,,
20063096,2026-01-09T16:32:21.080000+0200,flic_button_data_export_20260109.csv,1.873,1.873,6,flic_button_data_export_20260109.csv::6,1.873,2026-01-09T16:32:15.473000+0200,2026-01-09T16:33:24.571000+0200,34,69.098,1.875,2.7132,slow ~1.88s,,Aplicom A11 001,,80E4DA7EC61B,-69,,60.421268,22.72804,0101000020E61000000A2E56D460BA3640F86C1D1CEC354E40,,,,,,,,,,,
20063097,2026-01-09T16:32:23.492000+0200,flic_button_data_export_20260109.csv,2.412,2.412,6,flic_button_data_export_20260109.csv::6,2.412,2026-01-09T16:32:15.473000+0200,2026-01-09T16:33:24.571000+0200,34,69.098,1.875,2.7132,slow ~1.88s,,Aplicom A11 001,,80E4DA7EC61B,-76,20106.0,60.421276,22.727891,0101000020E6100000800D881057BA36407B4B395FEC354E40,,,,,,,,,,,
20063098,2026-01-09T16:32:25.349000+0200,flic_button_data_export_20260109.csv,1.857,1.857,6,flic_button_data_export_20260109.csv::6,1.857,2026-01-09T16:32:15.473000+0200,2026-01-09T16:33:24.571000+0200,34,69.098,1.875,2.7132,slow ~1.88s,,Aplicom A11 001,,80E4DA7EC61B,-77,,60.42132,22.727718,0101000020E6100000E5B512BA4BBA36404B9352D0ED354E40,,,,,,,,,,,
20063099,2026-01-09T16:32:27.589000+0200,flic_button_data_export_20260109.csv,2.24,2.24,6,flic_button_data_export_20260109.csv::6,2.24,2026-01-09T16:32:15.473000+0200,2026-01-09T16:33:24.571000+0200,34,69.098,1.875,2.7132,slow ~1.88s,,Aplicom A11 001,,80E4DA7EC61B,-55,,60.421372,22.727638,0101000020E6100000AC53E57B46BA36409DB98784EF354E40,,,,,,,,,,,
20063100,2026-01-09T16:32:29.465000+0200,flic_button_data_export_20260109.csv,1.876,1.876,6,flic_button_data_export_20260109.csv::6,1.876,2026-01-09T16:32:15.473000+0200,2026-01-09T16:33:24.571000+0200,34,69.098,1.875,2.7132,slow ~1.88s,,Aplicom A11 001,,80E4DA7EC61B,-59,,60.421492,22.72758,0101000020E61000004339D1AE42BA364048C32973F3354E40,,,,,,,,,,,
20063101,2026-01-09T16:32:31.312000+0200,flic_button_data_export_20260109.csv,1.847,1.847,6,flic_button_data_export_20260109.csv::6,1.847,2026-01-09T16:32:15.473000+0200,2026-01-09T16:33:24.571000+0200,34,69.098,1.875,2.7132,slow ~1.88s,,Aplicom A11 001,,80E4DA7EC61B,-59,,60.421604,22.727566,0101000020E610000079AEEFC341BA364070EEAF1EF7354E40,,,,,,,,,,,
20063102,2026-01-09T16:32:33.186000+0200,flic_button_data_export_20260109.csv,1.874,1.874,6,flic_button_data_export_20260109.csv::6,1.874,2026-01-09T16:32:15.473000+0200,2026-01-09T16:33:24.571000+0200,34,69.098,1.875,2.7132,slow ~1.88s,,Aplicom A11 001,,80E4DA7EC61B,-58,20106.0,60.421731,22.727564,0101000020E610000038BF61A241BA3640CD5A0A48FB354E40,,,,,,,,,,,
20063143,2026-01-09T16:32:36.249000+0200,flic_button_data_export_20260109.csv,3.063,3.063,6,flic_button_data_export_20260109.csv::6,3.063,2026-01-09T16:32:15.473000+0200,2026-01-09T16:33:24.571000+0200,34,69.098,1.875,2.7132,slow ~1.88s,,Aplicom A11 001,,80E4DA7EC61B,-69,,60.421935,22.727594,0101000020E61000000DC4B29943BA3640D50451F701364E40,,,,,,,,,,,
20063144,2026-01-09T16:32:38.102000+0200,flic_button_data_export_20260109.csv,1.853,1.853,6,flic_button_data_export_20260109.csv::6,1.853,2026-01-09T16:32:15.473000+0200,2026-01-09T16:33:24.571000+0200,34,69.098,1.875,2.7132,slow ~1.88s,,Aplicom A11 001,,80E4DA7EC61B,-51,,60.422049,22.727613,0101000020E6100000FB2477D844BA36409E279EB305364E40,,,,,,,,,,,
20063145,2026-01-09T16:32:40.820000+0200,flic_button_data_export_20260109.csv,2.718,2.718,6,flic_button_data_export_20260109.csv::6,2.718,2026-01-09T16:32:15.473000+0200,2026-01-09T16:33:24.571000+0200,34,69.098,1.875,2.7132,slow ~1.88s,,Aplicom A11 001,,80E4DA7EC61B,-62,,60.422295,22.727647,0101000020E61000005308E41247BA3640D52137C30D364E40,,,,,,,,,,,
20063146,2026-01-09T16:32:42.711000+0200,flic_button_data_export_20260109.csv,1.891,1.891,6,flic_button_data_export_20260109.csv::6,1.891,2026-01-09T16:32:15.473000+0200,2026-01-09T16:33:24.571000+0200,34,69.098,1.875,2.7132,slow ~1.88s,,Aplicom A11 001,,80E4DA7EC61B,-62,,60.422471,22.727666,0101000020E61000004069A85148BA364014419C8713364E40,,,,,,,,,,,
20063147,2026-01-09T16:32:44.581000+0200,flic_button_data_export_20260109.csv,1.87,1.87,6,flic_button_data_export_20260109.csv::6,1.87,2026-01-09T16:32:15.473000+0200,2026-01-09T16:33:24.571000+0200,34,69.098,1.875,2.7132,slow ~1.88s,,Aplicom A11 001,,80E4DA7EC61B,-50,20106.0,60.422611,22.727677,0101000020E6100000280D350A49BA364006F7031E18364E40,,,,,,,,,,,
20063148,2026-01-09T16:32:46.473000+0200,flic_button_data_export_20260109.csv,1.892,1.892,6,flic_button_data_export_20260109.csv::6,1.892,2026-01-09T16:32:15.473000+0200,2026-01-09T16:33:24.571000+0200,34,69.098,1.875,2.7132,slow ~1.88s,,Aplicom A11 001,,80E4DA7EC61B,-55,,60.422805,22.727678,0101000020E6100000C904FC1A49BA3640EACA67791E364E40,,,,,,,,,,,
20063149,2026-01-09T16:32:49.758000+0200,flic_button_data_export_20260109.csv,3.285,3.285,6,flic_button_data_export_20260109.csv::6,3.285,2026-01-09T16:32:15.473000+0200,2026-01-09T16:33:24.571000+0200,34,69.098,1.875,2.7132,slow ~1.88s,,Aplicom A11 001,,80E4DA7EC61B,-63,,60.423164,22.727621,0101000020E610000000E2AE5E45BA36401A6CEA3C2A364E40,,,,,,,,,,,
20063150,2026-01-09T16:32:51.633000+0200,flic_button_data_export_20260109.csv,1.875,1.875,6,flic_button_data_export_20260109.csv::6,1.875,2026-01-09T16:32:15.473000+0200,2026-01-09T16:33:24.571000+0200,34,69.098,1.875,2.7132,slow ~1.88s,,Aplicom A11 001,,80E4DA7EC61B,-52,,60.423377,22.727551,0101000020E61000000E2C47C840BA36407670B03731364E40,,,,,,,,,,,
20063151,2026-01-09T16:32:53.503000+0200,flic_button_data_export_20260109.csv,1.87,1.87,6,flic_button_data_export_20260109.csv::6,1.87,2026-01-09T16:32:15.473000+0200,2026-01-09T16:33:24.571000+0200,34,69.098,1.875,2.7132,slow ~1.88s,,Aplicom A11 001,,80E4DA7EC61B,-61,,60.423537,22.727481,0101000020E61000001D76DF313CBA3640AFD2DD7536364E40,,,,,,,,,,,
20063152,2026-01-09T16:32:55.412000+0200,flic_button_data_export_20260109.csv,1.909,1.909,6,flic_button_data_export_20260109.csv::6,1.909,2026-01-09T16:32:15.473000+0200,2026-01-09T16:33:24.571000+0200,34,69.098,1.875,2.7132,slow ~1.88s,,Aplicom A11 001,,80E4DA7EC61B,-66,,60.423645,22.727431,0101000020E6100000B91803EB38BA3640950ED6FF39364E40,,,,,,,,,,,
20063153,2026-01-09T16:32:57.293000+0200,flic_button_data_export_20260109.csv,1.881,1.881,6,flic_button_data_export_20260109.csv::6,1.881,2026-01-09T16:32:15.473000+0200,2026-01-09T16:33:24.571000+0200,34,69.098,1.875,2.7132,slow ~1.88s,,Aplicom A11 001,,80E4DA7EC61B,-69,,60.423972,22.727271,0101000020E61000004754A86E2EBA3640B935E9B644364E40,,,,,,,,,,,
20063154,2026-01-09T16:32:59.180000+0200,flic_button_data_export_20260109.csv,1.887,1.887,6,flic_button_data_export_20260109.csv::6,1.887,2026-01-09T16:32:15.473000+0200,2026-01-09T16:33:24.571000+0200,34,69.098,1.875,2.7132,slow ~1.88s,,Aplicom A11 001,,80E4DA7EC61B,-63,,60.424196,22.727161,0101000020E610000039ED293927BA3640098CF50D4C364E40,,,,,,,,,,,
20063155,2026-01-09T16:33:01.052000+0200,flic_button_data_export_20260109.csv,1.872,1.872,6,flic_button_data_export_20260109.csv::6,1.872,2026-01-09T16:32:15.473000+0200,2026-01-09T16:33:24.571000+0200,34,69.098,1.875,2.7132,slow ~1.88s,,Aplicom A11 001,,80E4DA7EC61B,-54,,60.424365,22.727074,0101000020E61000009CC58B8521BA36409548A29751364E40,,,,,,,,,,,
20063156,2026-01-09T16:33:03.388000+0200,flic_button_data_export_20260109.csv,2.336,2.336,6,flic_button_data_export_20260109.csv::6,2.336,2026-01-09T16:32:15.473000+0200,2026-01-09T16:33:24.571000+0200,34,69.098,1.875,2.7132,slow ~1.88s,,Aplicom A11 001,,80E4DA7EC61B,-63,20106.0,60.424537,22.726979,0101000020E6100000F8E0B54B1BBA36409278793A57364E40,,,,,,,,,,,
20063157,2026-01-09T16:33:05.257000+0200,flic_button_data_export_20260109.csv,1.869,1.869,6,flic_button_data_export_20260109.csv::6,1.869,2026-01-09T16:32:15.473000+0200,2026-01-09T16:33:24.571000+0200,34,69.098,1.875,2.7132,slow ~1.88s,,Aplicom A11 001,,80E4DA7EC61B,-66,,60.424891,22.726776,0101000020E61000008884EFFD0DBA3640B0AE0AD462364E40,,,,,,,,,,,
20063158,2026-01-09T16:33:07.102000+0200,flic_button_data_export_20260109.csv,1.845,1.845,6,flic_button_data_export_20260109.csv::6,1.845,2026-01-09T16:32:15.473000+0200,2026-01-09T16:33:24.571000+0200,34,69.098,1.875,2.7132,slow ~1.88s,,Aplicom A11 001,,80E4DA7EC61B,-60,,60.42507,22.726657,0101000020E6100000D368723106BA36405F419AB168364E40,,,,,,,,,,,
20063159,2026-01-09T16:33:09.796000+0200,flic_button_data_export_20260109.csv,2.694,2.694,6,flic_button_data_export_20260109.csv::6,2.694,2026-01-09T16:32:15.473000+0200,2026-01-09T16:33:24.571000+0200,34,69.098,1.875,2.7132,slow ~1.88s,,Aplicom A11 001,,80E4DA7EC61B,-63,,60.425419,22.726363,0101000020E61000004206F2ECF2B936406B0C3A2174364E40,,,,,,,,,,,
20063160,2026-01-09T16:33:12.456000+0200,flic_button_data_export_20260109.csv,2.66,2.66,6,flic_button_data_export_20260109.csv::6,2.66,2026-01-09T16:32:15.473000+0200,2026-01-09T16:33:24.571000+0200,34,69.098,1.875,2.7132,slow ~1.88s,,Aplicom A11 001,,80E4DA7EC61B,-69,,60.425706,22.726054,0101000020E61000004721C9ACDEB9364001DBC1887D364E40,,,,,,,,,,,
20063161,2026-01-09T16:33:14.309000+0200,flic_button_data_export_20260109.csv,1.853,1.853,6,flic_button_data_export_20260109.csv::6,1.853,2026-01-09T16:32:15.473000+0200,2026-01-09T16:33:24.571000+0200,34,69.098,1.875,2.7132,slow ~1.88s,,Aplicom A11 001,,80E4DA7EC61B,-62,,60.425932,22.72578,0101000020E61000004417D4B7CCB93640F22895F084364E40,,,,,,,,,,,
20063162,2026-01-09T16:33:16.171000+0200,flic_button_data_export_20260109.csv,1.862,1.862,6,flic_button_data_export_20260109.csv::6,1.862,2026-01-09T16:32:15.473000+0200,2026-01-09T16:33:24.571000+0200,34,69.098,1.875,2.7132,slow ~1.88s,,Aplicom A11 001,,80E4DA7EC61B,-64,,60.426156,22.725495,0101000020E61000005969520ABAB93640417FA1478C364E40,,,,,,,,,,,
20063163,2026-01-09T16:33:18.028000+0200,flic_button_data_export_20260109.csv,1.857,1.857,6,flic_button_data_export_20260109.csv::6,1.857,2026-01-09T16:32:15.473000+0200,2026-01-09T16:33:24.571000+0200,34,69.098,1.875,2.7132,slow ~1.88s,,Aplicom A11 001,,80E4DA7EC61B,-69,,60.426322,22.725285,0101000020E610000084471B47ACB936405CC823B891364E40,,,,,,,,,,,
20063164,2026-01-09T16:33:20.819000+0200,flic_button_data_export_20260109.csv,2.791,2.791,6,flic_button_data_export_20260109.csv::6,2.791,2026-01-09T16:32:15.473000+0200,2026-01-09T16:33:24.571000+0200,34,69.098,1.875,2.7132,slow ~1.88s,,Aplicom A11 001,,80E4DA7EC61B,-57,,60.426633,22.724893,0101000020E61000006E19709692B936407B32FFE89B364E40,,,,,,,,,,,
20063165,2026-01-09T16:33:22.702000+0200,flic_button_data_export_20260109.csv,1.883,1.883,6,flic_button_data_export_20260109.csv::6,1.883,2026-01-09T16:32:15.473000+0200,2026-01-09T16:33:24.571000+0200,34,69.098,1.875,2.7132,slow ~1.88s,,Aplicom A11 001,,80E4DA7EC61B,-66,,60.426829,22.724658,0101000020E6100000E7C8CA2F83B9364000FE2955A2364E40,,,,,,,,,,,
20063166,2026-01-09T16:33:24.571000+0200,flic_button_data_export_20260109.csv,1.869,1.869,6,flic_button_data_export_20260109.csv::6,1.869,2026-01-09T16:32:15.473000+0200,2026-01-09T16:33:24.571000+0200,34,69.098,1.875,2.7132,slow ~1.88s,,Aplicom A11 001,,80E4DA7EC61B,-67,,60.42697,22.724497,0101000020E6100000D40CA9A278B93640C22FF5F3A6364E40,,,,,,,,,,,
20063167,2026-01-09T16:33:53.271000+0200,flic_button_data_export_20260109.csv,28.7,28.7,7,flic_button_data_export_20260109.csv::7,,2026-01-09T16:33:53.271000+0200,2026-01-09T16:34:19.129000+0200,14,25.858,1.862,2.39,slow ~1.88s,,Aplicom A11 001,,80E4DA7EC61B,-71,,60.429051,22.722702,0101000020E6100000F9C08EFF02B9364076A8A624EB364E40,,,,,,,,,,,
20063168,2026-01-09T16:33:55.133000+0200,flic_button_data_export_20260109.csv,1.862,1.862,7,flic_button_data_export_20260109.csv::7,1.862,2026-01-09T16:33:53.271000+0200,2026-01-09T16:34:19.129000+0200,14,25.858,1.862,2.39,slow ~1.88s,,Aplicom A11 001,,80E4DA7EC61B,-62,,60.429117,22.722663,0101000020E61000007D073F7100B936402D944C4EED364E40,,,,,,,,,,,
20063169,2026-01-09T16:33:56.993000+0200,flic_button_data_export_20260109.csv,1.86,1.86,7,flic_button_data_export_20260109.csv::7,1.86,2026-01-09T16:33:53.271000+0200,2026-01-09T16:34:19.129000+0200,14,25.858,1.862,2.39,slow ~1.88s,,Aplicom A11 001,,80E4DA7EC61B,-77,,60.429193,22.722618,0101000020E61000003D80457EFDB836400856D5CBEF364E40,,,,,,,,,,,
20063170,2026-01-09T16:33:59.405000+0200,flic_button_data_export_20260109.csv,2.412,2.412,7,flic_button_data_export_20260109.csv::7,2.412,2026-01-09T16:33:53.271000+0200,2026-01-09T16:34:19.129000+0200,14,25.858,1.862,2.39,slow ~1.88s,,Aplicom A11 001,,80E4DA7EC61B,-63,20106.0,60.429241,22.72259,0101000020E6100000A96A82A8FBB83640198D7C5EF1364E40,,,,,,,,,,,
20063172,2026-01-09T16:34:01.276000+0200,flic_button_data_export_20260109.csv,1.871,1.871,7,flic_button_data_export_20260109.csv::7,1.871,2026-01-09T16:33:53.271000+0200,2026-01-09T16:34:19.129000+0200,14,25.858,1.862,2.39,slow ~1.88s,,Aplicom A11 001,,80E4DA7EC61B,-65,,60.429326,22.722536,0101000020E6100000C32E8A1EF8B8364048A98427F4364E40,,,,,,,,,,,
20063174,2026-01-09T16:34:03.135000+0200,flic_button_data_export_20260109.csv,1.859,1.859,7,flic_button_data_export_20260109.csv::7,1.859,2026-01-09T16:33:53.271000+0200,2026-01-09T16:34:19.129000+0200,14,25.858,1.862,2.39,slow ~1.88s,,Aplicom A11 001,,80E4DA7EC61B,-67,,60.429356,22.72251,0101000020E61000007008556AF6B83640B22B2D23F5364E40,,,,,,,,,,,
20063175,2026-01-09T16:34:04.995000+0200,flic_button_data_export_20260109.csv,1.86,1.86,7,flic_button_data_export_20260109.csv::7,1.86,2026-01-09T16:33:53.271000+0200,2026-01-09T16:34:19.129000+0200,14,25.858,1.862,2.39,slow ~1.88s,,Aplicom A11 001,,80E4DA7EC61B,-68,20106.0,60.429385,22.722471,0101000020E6100000F44E05DCF3B836404D327216F6364E40,,,,,,,,,,,
20063176,2026-01-09T16:34:07.386000+0200,flic_button_data_export_20260109.csv,2.391,2.391,7,flic_button_data_export_20260109.csv::7,2.391,2026-01-09T16:33:53.271000+0200,2026-01-09T16:34:19.129000+0200,14,25.858,1.862,2.39,slow ~1.88s,,Aplicom A11 001,,80E4DA7EC61B,-64,,60.429407,22.722398,0101000020E610000020B24813EFB8364034D6FECEF6364E40,,,,,,,,,,,
20063177,2026-01-09T16:34:09.772000+0200,flic_button_data_export_20260109.csv,2.386,2.386,7,flic_button_data_export_20260109.csv::7,2.386,2026-01-09T16:33:53.271000+0200,2026-01-09T16:34:19.129000+0200,14,25.858,1.862,2.39,slow ~1.88s,,Aplicom A11 001,,80E4DA7EC61B,-58,,60.429408,22.722247,0101000020E610000055A2EC2DE5B83640055262D7F6364E40,,,,,,,,,,,
20063178,2026-01-09T16:34:11.631000+0200,flic_button_data_export_20260109.csv,1.859,1.859,7,flic_button_data_export_20260109.csv::7,1.859,2026-01-09T16:33:53.271000+0200,2026-01-09T16:34:19.129000+0200,14,25.858,1.862,2.39,slow ~1.88s,,Aplicom A11 001,,80E4DA7EC61B,-57,,60.42937,22.722036,0101000020E6100000DF88EE59D7B8364017F19D98F5364E40,,,,,,,,,,,
20063179,2026-01-09T16:34:13.488000+0200,flic_button_data_export_20260109.csv,1.857,1.857,7,flic_button_data_export_20260109.csv::7,1.857,2026-01-09T16:33:53.271000+0200,2026-01-09T16:34:19.129000+0200,14,25.858,1.862,2.39,slow ~1.88s,,Aplicom A11 001,,80E4DA7EC61B,-69,,60.429341,22.721921,0101000020E6100000AD4B8DD0CFB836407DEA58A5F4364E40,,,,,,,,,,,
20063180,2026-01-09T16:34:15.412000+0200,flic_button_data_export_20260109.csv,1.924,1.924,7,flic_button_data_export_20260109.csv::7,1.924,2026-01-09T16:33:53.271000+0200,2026-01-09T16:34:19.129000+0200,14,25.858,1.862,2.39,slow ~1.88s,,Aplicom A11 001,,80E4DA7EC61B,-74,,60.429319,22.721839,0101000020E610000033FAD170CAB836409546CCECF3364E40,,,,,,,,,,,
20063181,2026-01-09T16:34:17.282000+0200,flic_button_data_export_20260109.csv,1.87,1.87,7,flic_button_data_export_20260109.csv::7,1.87,2026-01-09T16:33:53.271000+0200,2026-01-09T16:34:19.129000+0200,14,25.858,1.862,2.39,slow ~1.88s,,Aplicom A11 001,,80E4DA7EC61B,-79,,60.429226,22.721526,0101000020E6100000B5368DEDB5B83640E44BA8E0F0364E40,,,,,,,,,,,
20063182,2026-01-09T16:34:19.129000+0200,flic_button_data_export_20260109.csv,1.847,1.847,7,flic_button_data_export_20260109.csv::7,1.847,2026-01-09T16:33:53.271000+0200,2026-01-09T16:34:19.129000+0200,14,25.858,1.862,2.39,slow ~1.88s,,Aplicom A11 001,,80E4DA7EC61B,-61,20106.0,60.429165,22.721355,0101000020E61000005BCEA5B8AAB836403ECBF3E0EE364E40,,,,,,,,,,,
20069743,2026-01-09T22:29:17.543000+0200,flic_button_data_export_20260109.csv,21298.414,21298.414,8,flic_button_data_export_20260109.csv::8,,2026-01-09T22:29:17.543000+0200,2026-01-09T22:30:19.288000+0200,36,61.745,1.532,2.3546,fast ~1.53s,,Aplicom A11 001,,80E4DA7EC61B,-57,,60.323705,22.939734,0101000020E610000074F04C6892F036409D465A2A6F294E40,,,,,,,,,,,
20069744,2026-01-09T22:29:19.082000+0200,flic_button_data_export_20260109.csv,1.539,1.539,8,flic_button_data_export_20260109.csv::8,1.539,2026-01-09T22:29:17.543000+0200,2026-01-09T22:30:19.288000+0200,36,61.745,1.532,2.3546,fast ~1.53s,,Aplicom A11 001,,80E4DA7EC61B,-66,,60.323694,22.939808,0101000020E6100000E884D04197F03640AAF413CE6E294E40,,,,,,,,,,,
20069745,2026-01-09T22:29:20.619000+0200,flic_button_data_export_20260109.csv,1.537,1.537,8,flic_button_data_export_20260109.csv::8,1.537,2026-01-09T22:29:17.543000+0200,2026-01-09T22:30:19.288000+0200,36,61.745,1.532,2.3546,fast ~1.53s,,Aplicom A11 001,,80E4DA7EC61B,-61,,60.323691,22.939846,0101000020E6100000C34659BF99F036403881E9B46E294E40,,,,,,,,,,,
20069746,2026-01-09T22:29:23.095000+0200,flic_button_data_export_20260109.csv,2.476,2.476,8,flic_button_data_export_20260109.csv::8,2.476,2026-01-09T22:29:17.543000+0200,2026-01-09T22:30:19.288000+0200,36,61.745,1.532,2.3546,fast ~1.53s,,Aplicom A11 001,,80E4DA7EC61B,-62,,60.32369,22.939851,0101000020E6100000E71C3C139AF03640680586AC6E294E40,,,,,,,,,,,
20069747,2026-01-09T22:29:24.627000+0200,flic_button_data_export_20260109.csv,1.532,1.532,8,flic_button_data_export_20260109.csv::8,1.532,2026-01-09T22:29:17.543000+0200,2026-01-09T22:30:19.288000+0200,36,61.745,1.532,2.3546,fast ~1.53s,,Aplicom A11 001,,80E4DA7EC61B,-58,,60.323688,22.939907,0101000020E61000000F48C2BE9DF03640C70DBF9B6E294E40,,,,,,,,,,,
20069748,2026-01-09T22:29:26.143000+0200,flic_button_data_export_20260109.csv,1.516,1.516,8,flic_button_data_export_20260109.csv::8,1.516,2026-01-09T22:29:17.543000+0200,2026-01-09T22:30:19.288000+0200,36,61.745,1.532,2.3546,fast ~1.53s,,Aplicom A11 001,,80E4DA7EC61B,-59,,60.323705,22.939971,0101000020E61000003C3080F0A1F036409D465A2A6F294E40,,,,,,,,,,,
20069749,2026-01-09T22:29:27.673000+0200,flic_button_data_export_20260109.csv,1.53,1.53,8,flic_button_data_export_20260109.csv::8,1.53,2026-01-09T22:29:17.543000+0200,2026-01-09T22:30:19.288000+0200,36,61.745,1.532,2.3546,fast ~1.53s,,Aplicom A11 001,,80E4DA7EC61B,-51,20106.0,60.323736,22.940041,0101000020E61000002EE6E786A6F03640D844662E70294E40,,,,,,,,,,,
20069750,2026-01-09T22:29:29.717000+0200,flic_button_data_export_20260109.csv,2.044,2.044,8,flic_button_data_export_20260109.csv::8,2.044,2026-01-09T22:29:17.543000+0200,2026-01-09T22:30:19.288000+0200,36,61.745,1.532,2.3546,fast ~1.53s,,Aplicom A11 001,,80E4DA7EC61B,-65,,60.323764,22.940087,0101000020E61000000E65A88AA9F03640A2CF471971294E40,,,,,,,,,,,
20069751,2026-01-09T22:29:31.240000+0200,flic_button_data_export_20260109.csv,1.523,1.523,8,flic_button_data_export_20260109.csv::8,1.523,2026-01-09T22:29:17.543000+0200,2026-01-09T22:30:19.288000+0200,36,61.745,1.532,2.3546,fast ~1.53s,,Aplicom A11 001,,80E4DA7EC61B,-61,,60.323861,22.940186,0101000020E610000035289A07B0F0364095B9F94674294E40,,,,,,,,,,,
20069752,2026-01-09T22:29:32.765000+0200,flic_button_data_export_20260109.csv,1.525,1.525,8,flic_button_data_export_20260109.csv::8,1.525,2026-01-09T22:29:17.543000+0200,2026-01-09T22:30:19.288000+0200,36,61.745,1.532,2.3546,fast ~1.53s,,Aplicom A11 001,,80E4DA7EC61B,-61,,60.32394,22.940264,0101000020E61000002C9B3924B5F03640E1EEACDD76294E40,,,,,,,,,,,
20069753,2026-01-09T22:29:34.289000+0200,flic_button_data_export_20260109.csv,1.524,1.524,8,flic_button_data_export_20260109.csv::8,1.524,2026-01-09T22:29:17.543000+0200,2026-01-09T22:30:19.288000+0200,36,61.745,1.532,2.3546,fast ~1.53s,,Aplicom A11 001,,80E4DA7EC61B,-61,,60.324055,22.940394,0101000020E6100000C95A43A9BDF036407A8D5DA27A294E40,,,,,,,,,,,
20069754,2026-01-09T22:29:35.811000+0200,flic_button_data_export_20260109.csv,1.522,1.522,8,flic_button_data_export_20260109.csv::8,1.522,2026-01-09T22:29:17.543000+0200,2026-01-09T22:30:19.288000+0200,36,61.745,1.532,2.3546,fast ~1.53s,,Aplicom A11 001,,80E4DA7EC61B,-70,,60.324116,22.940475,0101000020E6100000A2B437F8C2F036401F0E12A27C294E40,,,,,,,,,,,
20069755,2026-01-09T22:29:37.790000+0200,flic_button_data_export_20260109.csv,1.979,1.979,8,flic_button_data_export_20260109.csv::8,1.979,2026-01-09T22:29:17.543000+0200,2026-01-09T22:30:19.288000+0200,36,61.745,1.532,2.3546,fast ~1.53s,,Aplicom A11 001,,80E4DA7EC61B,-60,,60.324214,22.94061,0101000020E6100000624A24D1CBF03640E27327D87F294E40,,,,,,,,,,,
20069756,2026-01-09T22:29:39.320000+0200,flic_button_data_export_20260109.csv,1.53,1.53,8,flic_button_data_export_20260109.csv::8,1.53,2026-01-09T22:29:17.543000+0200,2026-01-09T22:30:19.288000+0200,36,61.745,1.532,2.3546,fast ~1.53s,,Aplicom A11 001,,80E4DA7EC61B,-60,,60.324392,22.940863,0101000020E61000003604C765DCF03640C28A53AD85294E40,,,,,,,,,,,
20069757,2026-01-09T22:29:40.852000+0200,flic_button_data_export_20260109.csv,1.532,1.532,8,flic_button_data_export_20260109.csv::8,1.532,2026-01-09T22:29:17.543000+0200,2026-01-09T22:30:19.288000+0200,36,61.745,1.532,2.3546,fast ~1.53s,,Aplicom A11 001,,80E4DA7EC61B,-67,,60.324504,22.941027,0101000020E61000002AA73D25E7F03640E9B5D95889294E40,,,,,,,,,,,
20069758,2026-01-09T22:29:42.374000+0200,flic_button_data_export_20260109.csv,1.522,1.522,8,flic_button_data_export_20260109.csv::8,1.522,2026-01-09T22:29:17.543000+0200,2026-01-09T22:30:19.288000+0200,36,61.745,1.532,2.3546,fast ~1.53s,,Aplicom A11 001,,80E4DA7EC61B,-71,,60.324623,22.941194,0101000020E610000001310917F2F03640C443183F8D294E40,,,,,,,,,,,
20069759,2026-01-09T22:29:44.650000+0200,flic_button_data_export_20260109.csv,2.276,2.276,8,flic_button_data_export_20260109.csv::8,2.276,2026-01-09T22:29:17.543000+0200,2026-01-09T22:30:19.288000+0200,36,61.745,1.532,2.3546,fast ~1.53s,,Aplicom A11 001,,80E4DA7EC61B,-64,,60.324789,22.941439,0101000020E6100000CF2D742502F13640DF8C9AAF92294E40,,,,,,,,,,,
20069760,2026-01-09T22:29:46.753000+0200,flic_button_data_export_20260109.csv,2.103,2.103,8,flic_button_data_export_20260109.csv::8,2.103,2026-01-09T22:29:17.543000+0200,2026-01-09T22:30:19.288000+0200,36,61.745,1.532,2.3546,fast ~1.53s,,Aplicom A11 001,,80E4DA7EC61B,-58,,60.324961,22.941693,0101000020E610000044DFDDCA12F13640DCBC715298294E40,,,,,,,,,,,
20069761,2026-01-09T22:29:48.288000+0200,flic_button_data_export_20260109.csv,1.535,1.535,8,flic_button_data_export_20260109.csv::8,1.535,2026-01-09T22:29:17.543000+0200,2026-01-09T22:30:19.288000+0200,36,61.745,1.532,2.3546,fast ~1.53s,,Aplicom A11 001,,80E4DA7EC61B,-63,,60.325125,22.941939,0101000020E6100000B3D30FEA22F13640560E2DB29D294E40,,,,,,,,,,,
20069762,2026-01-09T22:29:49.828000+0200,flic_button_data_export_20260109.csv,1.54,1.54,8,flic_button_data_export_20260109.csv::8,1.54,2026-01-09T22:29:17.543000+0200,2026-01-09T22:30:19.288000+0200,36,61.745,1.532,2.3546,fast ~1.53s,,Aplicom A11 001,,80E4DA7EC61B,-73,,60.325204,22.942064,0101000020E61000002BBD361B2BF13640A243E048A0294E40,,,,,,,,,,,
20069763,2026-01-09T22:29:51.345000+0200,flic_button_data_export_20260109.csv,1.517,1.517,8,flic_button_data_export_20260109.csv::8,1.517,2026-01-09T22:29:17.543000+0200,2026-01-09T22:30:19.288000+0200,36,61.745,1.532,2.3546,fast ~1.53s,,Aplicom A11 001,,80E4DA7EC61B,-59,,60.325355,22.942316,0101000020E61000005F7F129F3BF13640884B8E3BA5294E40,,,,,,,,,,,
20069764,2026-01-09T22:29:53.730000+0200,flic_button_data_export_20260109.csv,2.385,2.385,8,flic_button_data_export_20260109.csv::8,2.385,2026-01-09T22:29:17.543000+0200,2026-01-09T22:30:19.288000+0200,36,61.745,1.532,2.3546,fast ~1.53s,,Aplicom A11 001,,80E4DA7EC61B,-69,,60.325425,22.942436,0101000020E6100000B492567C43F136408126C286A7294E40,,,,,,,,,,,
20069765,2026-01-09T22:29:56.772000+0200,flic_button_data_export_20260109.csv,3.042,3.042,8,flic_button_data_export_20260109.csv::8,3.042,2026-01-09T22:29:17.543000+0200,2026-01-09T22:30:19.288000+0200,36,61.745,1.532,2.3546,fast ~1.53s,,Aplicom A11 001,,80E4DA7EC61B,-58,,60.325687,22.942838,0101000020E6100000116DC7D45DF13640BEDD921CB0294E40,,,,,,,,,,,
20069766,2026-01-09T22:29:58.299000+0200,flic_button_data_export_20260109.csv,1.527,1.527,8,flic_button_data_export_20260109.csv::8,1.527,2026-01-09T22:29:17.543000+0200,2026-01-09T22:30:19.288000+0200,36,61.745,1.532,2.3546,fast ~1.53s,,Aplicom A11 001,,80E4DA7EC61B,-66,,60.325827,22.943008,0101000020E6100000CADDE7F868F13640AF93FAB2B4294E40,,,,,,,,,,,
20069767,2026-01-09T22:29:59.834000+0200,flic_button_data_export_20260109.csv,1.535,1.535,8,flic_button_data_export_20260109.csv::8,1.535,2026-01-09T22:29:17.543000+0200,2026-01-09T22:30:19.288000+0200,36,61.745,1.532,2.3546,fast ~1.53s,,Aplicom A11 001,,80E4DA7EC61B,-54,,60.325901,22.943076,0101000020E61000007BA4C16D6DF13640EA5DBC1FB7294E40,,,,,,,,,,,
20069768,2026-01-09T22:30:01.754000+0200,flic_button_data_export_20260109.csv,1.92,1.92,8,flic_button_data_export_20260109.csv::8,1.92,2026-01-09T22:29:17.543000+0200,2026-01-09T22:30:19.288000+0200,36,61.745,1.532,2.3546,fast ~1.53s,,Aplicom A11 001,,80E4DA7EC61B,-51,,60.325976,22.943136,0101000020E610000025AE635C71F13640F4A3E194B9294E40,,,,,,,,,,,
20069769,2026-01-09T22:30:04.111000+0200,flic_button_data_export_20260109.csv,2.357,2.357,8,flic_button_data_export_20260109.csv::8,2.357,2026-01-09T22:29:17.543000+0200,2026-01-09T22:30:19.288000+0200,36,61.745,1.532,2.3546,fast ~1.53s,,Aplicom A11 001,,80E4DA7EC61B,-67,,60.326182,22.94322,0101000020E6100000E1EEACDD76F136409E45EF54C0294E40,,,,,,,,,,,
20069770,2026-01-09T22:30:05.633000+0200,flic_button_data_export_20260109.csv,1.522,1.522,8,flic_button_data_export_20260109.csv::8,1.522,2026-01-09T22:29:17.543000+0200,2026-01-09T22:30:19.288000+0200,36,61.745,1.532,2.3546,fast ~1.53s,,Aplicom A11 001,,80E4DA7EC61B,-66,,60.326402,22.943209,0101000020E6100000F94A202576F13640ACAC6D8AC7294E40,,,,,,,,,,,
20069771,2026-01-09T22:30:07.160000+0200,flic_button_data_export_20260109.csv,1.527,1.527,8,flic_button_data_export_20260109.csv::8,1.527,2026-01-09T22:29:17.543000+0200,2026-01-09T22:30:19.288000+0200,36,61.745,1.532,2.3546,fast ~1.53s,,Aplicom A11 001,,80E4DA7EC61B,-56,,60.326541,22.943145,0101000020E6100000CC6262F371F13640CDE67118CC294E40,,,,,,,,,,,
20069772,2026-01-09T22:30:08.688000+0200,flic_button_data_export_20260109.csv,1.528,1.528,8,flic_button_data_export_20260109.csv::8,1.528,2026-01-09T22:29:17.543000+0200,2026-01-09T22:30:19.288000+0200,36,61.745,1.532,2.3546,fast ~1.53s,,Aplicom A11 001,,80E4DA7EC61B,-73,,60.326682,22.943041,0101000020E610000082C98D226BF136408F183DB7D0294E40,,,,,,,,,,,
20069773,2026-01-09T22:30:10.840000+0200,flic_button_data_export_20260109.csv,2.152,2.152,8,flic_button_data_export_20260109.csv::8,2.152,2026-01-09T22:29:17.543000+0200,2026-01-09T22:30:19.288000+0200,36,61.745,1.532,2.3546,fast ~1.53s,,Aplicom A11 001,,80E4DA7EC61B,-60,,60.326825,22.942896,0101000020E61000007B87DBA161F13640F241CF66D5294E40,,,,,,,,,,,
20069774,2026-01-09T22:30:12.363000+0200,flic_button_data_export_20260109.csv,1.523,1.523,8,flic_button_data_export_20260109.csv::8,1.523,2026-01-09T22:29:17.543000+0200,2026-01-09T22:30:19.288000+0200,36,61.745,1.532,2.3546,fast ~1.53s,,Aplicom A11 001,,80E4DA7EC61B,-60,,60.327068,22.942607,0101000020E61000000DFB3DB14EF13640B8C83D5DDD294E40,,,,,,,,,,,
20069775,2026-01-09T22:30:13.879000+0200,flic_button_data_export_20260109.csv,1.516,1.516,8,flic_button_data_export_20260109.csv::8,1.516,2026-01-09T22:29:17.543000+0200,2026-01-09T22:30:19.288000+0200,36,61.745,1.532,2.3546,fast ~1.53s,,Aplicom A11 001,,80E4DA7EC61B,-58,,60.327219,22.942415,0101000020E61000008542041C42F136409ED0EB4FE2294E40,,,,,,,,,,,
20069776,2026-01-09T22:30:15.405000+0200,flic_button_data_export_20260109.csv,1.526,1.526,8,flic_button_data_export_20260109.csv::8,1.526,2026-01-09T22:29:17.543000+0200,2026-01-09T22:30:19.288000+0200,36,61.745,1.532,2.3546,fast ~1.53s,,Aplicom A11 001,,80E4DA7EC61B,-61,,60.327366,22.942244,0101000020E61000002BDA1CE736F1364042E90B21E7294E40,,,,,,,,,,,
20069777,2026-01-09T22:30:17.756000+0200,flic_button_data_export_20260109.csv,2.351,2.351,8,flic_button_data_export_20260109.csv::8,2.351,2026-01-09T22:29:17.543000+0200,2026-01-09T22:30:19.288000+0200,36,61.745,1.532,2.3546,fast ~1.53s,,Aplicom A11 001,,80E4DA7EC61B,-69,,60.327459,22.942136,0101000020E61000005F622CD32FF13640F3E32F2DEA294E40,,,,,,,,,,,
20069778,2026-01-09T22:30:19.288000+0200,flic_button_data_export_20260109.csv,1.532,1.532,8,flic_button_data_export_20260109.csv::8,1.532,2026-01-09T22:29:17.543000+0200,2026-01-09T22:30:19.288000+0200,36,61.745,1.532,2.3546,fast ~1.53s,,Aplicom A11 001,,80E4DA7EC61B,-76,,60.327722,22.941874,0101000020E6100000E4F38AA71EF13640011764CBF2294E40,,,,,,,,,,,
